ticker,ten_cong_ty,nganh_L1,nganh_L2,nganh_L3,nganh_L4
A32,Công ty Cổ phần 32,Hàng Tiêu dùng,Hàng cá nhân & Gia dụng,Hàng cá nhân,Giầy dép
AAA,Công ty Cổ phần Nhựa An Phát Xanh,Nguyên vật liệu,Hóa chất,Hóa chất,"Nhựa, cao su & sợi"
AAH,Công ty Cổ phần Hợp Nhất,Nguyên vật liệu,Tài nguyên Cơ bản,Khai khoáng,Khai thác Than
AAM,Công ty Cổ Phần Thủy Sản MeKong,Hàng Tiêu dùng,Thực phẩm và đồ uống,Sản xuất thực phẩm,Nuôi trồng nông & hải sản
AAN,Công ty Cổ phần Lương thực A An,Hàng Tiêu dùng,Thực phẩm và đồ uống,Sản xuất thực phẩm,Nuôi trồng nông & hải sản
AAS,Công ty Cổ phần Chứng khoán SmartInvest,Tài chính,Dịch vụ tài chính,Dịch vụ tài chính,Môi giới chứng khoán
AAT,Công ty Cổ phần Tập đoàn Tiên Sơn Thanh Hóa,Hàng Tiêu dùng,Hàng cá nhân & Gia dụng,Hàng cá nhân,Hàng May mặc
AAV,Công ty Cổ phần AAV Group,Tài chính,Bất động sản,Bất động sản,Bất động sản
ABA,Công ty Cổ phần Giải pháp Thương mại A BA,Công nghiệp,Hàng & Dịch vụ Công nghiệp,Vận tải,Dịch vụ vận tải
ABB,Ngân hàng Thương mại Cổ phần An Bình,Ngân hàng,Ngân hàng,Ngân hàng,Ngân hàng
ABC,Công ty Cổ phần Truyền thông VMG,Viễn thông,Viễn thông,Viễn thông di động,Viễn thông di động
ABEF,Quỹ Đầu tư Cổ phiếu An Bình Thịnh Vượng,Tài chính,Dịch vụ tài chính,Quỹ đầu tư,Quỹ đầu tư
ABI,Công ty Cổ phần Bảo hiểm Ngân hàng Nông Nghiệp,Tài chính,Bảo hiểm,Bảo hiểm phi nhân thọ,Bảo hiểm phi nhân thọ
ABR,Công ty Cổ phần Đầu tư Nhãn Hiệu Việt,Công nghiệp,Hàng & Dịch vụ Công nghiệp,Tư vấn & Hỗ trợ Kinh doanh,Tư vấn & Hỗ trợ KD
ABS,Công ty Cổ phần Dịch vụ Nông nghiệp Bình Thuận,Nguyên vật liệu,Hóa chất,Hóa chất,"Sản phẩm hóa dầu, Nông dược & Hóa chất khác"
ABT,Công ty Cổ phần Xuất nhập khẩu Thủy sản Bến Tre,Hàng Tiêu dùng,Thực phẩm và đồ uống,Sản xuất thực phẩm,Nuôi trồng nông & hải sản
ABW,Công ty Cổ phần Chứng khoán An Bình,Tài chính,Dịch vụ tài chính,Dịch vụ tài chính,Môi giới chứng khoán
ACB,Ngân hàng Thương mại Cổ phần Á Châu,Ngân hàng,Ngân hàng,Ngân hàng,Ngân hàng
ACC,Công ty Cổ phần Đầu tư và Xây dựng Bình Dương ACC,Công nghiệp,Xây dựng và Vật liệu,Xây dựng và Vật liệu,Vật liệu xây dựng & Nội thất
ACE,Công ty Cổ phần Bê tông ly tâm An Giang,Công nghiệp,Xây dựng và Vật liệu,Xây dựng và Vật liệu,Vật liệu xây dựng & Nội thất
ACG,Công ty Cổ phần Gỗ An Cường,Nguyên vật liệu,Tài nguyên Cơ bản,Lâm nghiệp và Giấy,Lâm sản và Chế biến gỗ
ACL,Công ty Cổ phần Xuất nhập khẩu Thủy sản Cửu Long An Giang,Hàng Tiêu dùng,Thực phẩm và đồ uống,Sản xuất thực phẩm,Nuôi trồng nông & hải sản
ACM,Công ty Cổ phần Tập đoàn Khoáng sản Á Cường,Nguyên vật liệu,Tài nguyên Cơ bản,Khai khoáng,Khai khoáng
ACS,Công ty Cổ phần Xây lắp Thương mại 2,Công nghiệp,Xây dựng và Vật liệu,Xây dựng và Vật liệu,Xây dựng
ACV,Tổng Công ty Cảng Hàng không Việt Nam - CTCP,Công nghiệp,Hàng & Dịch vụ Công nghiệp,Vận tải,"Kho bãi, hậu cần và bảo dưỡng"
ADC,Công ty Cổ phần Mĩ thuật và Truyền thông,Dịch vụ Tiêu dùng,Truyền thông,Truyền thông,"Sách, ấn bản & sản phẩm văn hóa"
ADG,Công ty Cổ phần Clever Group,Dịch vụ Tiêu dùng,Truyền thông,Truyền thông,Dịch vụ truyền thông
ADP,Công ty Cổ phần Sơn Á Đông,Công nghiệp,Xây dựng và Vật liệu,Xây dựng và Vật liệu,Vật liệu xây dựng & Nội thất
ADS,Công ty Cổ phần DAMSAN,Hàng Tiêu dùng,Hàng cá nhân & Gia dụng,Hàng cá nhân,Hàng May mặc
AEIF,Quỹ Đầu tư Cổ phiếu Amber,Tài chính,Dịch vụ tài chính,Quỹ đầu tư,Quỹ đầu tư
AFX,Công ty Cổ phần Xuất Nhập khẩu Nông sản Thực phẩm An Giang,Dịch vụ Tiêu dùng,Bán lẻ,Phân phối thực phẩm & dược phẩm,Phân phối thực phẩm
AG1,Công ty Cổ phần 28.1,Hàng Tiêu dùng,Hàng cá nhân & Gia dụng,Hàng cá nhân,Hàng May mặc
AGB,Công ty Cổ phần Bình Phú,Hàng Tiêu dùng,Hàng cá nhân & Gia dụng,Hàng cá nhân,Hàng May mặc
AGE,Công ty Cổ phần Môi trường Đô thị An Giang,Công nghiệp,Hàng & Dịch vụ Công nghiệp,Tư vấn & Hỗ trợ Kinh doanh,Chất thải & Môi trường
AGF,Công ty Cổ phần Xuất nhập khẩu Thủy sản An Giang,Hàng Tiêu dùng,Thực phẩm và đồ uống,Sản xuất thực phẩm,Nuôi trồng nông & hải sản
AGG,Công ty Cổ phần Đầu tư và Phát triển Bất động sản An Gia,Tài chính,Bất động sản,Bất động sản,Bất động sản
AGM,Công ty Cổ phần Xuất nhập khẩu An Giang,Hàng Tiêu dùng,Thực phẩm và đồ uống,Sản xuất thực phẩm,Thực phẩm
AGP,Công ty Cổ phần Dược phẩm AGIMEXPHARM,Dược phẩm và Y tế,Y tế,Dược phẩm,Dược phẩm
AGR,Công ty Cổ phần Chứng khoán AGRIBANK,Tài chính,Dịch vụ tài chính,Dịch vụ tài chính,Môi giới chứng khoán
AGX,Công ty Cổ phần Thực phẩm Nông sản Xuất khẩu Sài Gòn,Dịch vụ Tiêu dùng,Bán lẻ,Phân phối thực phẩm & dược phẩm,Phân phối thực phẩm
AIC,Công ty Cổ phần Tập đoàn Bảo hiểm DBV,Tài chính,Bảo hiểm,Bảo hiểm phi nhân thọ,Bảo hiểm phi nhân thọ
AIG,Công ty Cổ phần Nguyên liệu Á Châu AIG,Hàng Tiêu dùng,Thực phẩm và đồ uống,Sản xuất thực phẩm,Thực phẩm
ALC,Công ty Cổ phần Âu Lạc,Công nghiệp,Hàng & Dịch vụ Công nghiệp,Vận tải,Vận tải Thủy
ALT,Công ty Cổ phần Văn hóa Tân Bình,Dịch vụ Tiêu dùng,Truyền thông,Truyền thông,"Sách, ấn bản & sản phẩm văn hóa"
ALV,Công ty Cổ phần Tập đoàn MCST,Công nghiệp,Xây dựng và Vật liệu,Xây dựng và Vật liệu,Xây dựng
AMC,Công ty Cổ phần Khoáng sản Á Châu,Nguyên vật liệu,Tài nguyên Cơ bản,Khai khoáng,Khai khoáng
AMD,Công ty Cổ phần Đầu tư và Khoáng sản FLC Stone,Tài chính,Bất động sản,Bất động sản,Bất động sản
AME,Công ty cổ phần Alphanam E&C,Công nghiệp,Hàng & Dịch vụ Công nghiệp,Điện tử & Thiết bị điện,Thiết bị điện
AMP,Công ty Cổ phần Armephaco,Dược phẩm và Y tế,Y tế,Dược phẩm,Dược phẩm
AMS,Công ty Cổ phần Cơ khí Xây dựng AMECC,Công nghiệp,Hàng & Dịch vụ Công nghiệp,Tư vấn & Hỗ trợ Kinh doanh,Nhà cung cấp thiết bị
AMV,Công ty Cổ phần Sản xuất Kinh doanh Dược và Trang thiết bị Y tế Việt Mỹ,Dược phẩm và Y tế,Y tế,Thiết bị và Dịch vụ Y tế,Thiết bị y tế
ANI,Công ty Cổ phần ANI,Công nghiệp,Xây dựng và Vật liệu,Xây dựng và Vật liệu,Xây dựng
ANT,Công ty Cổ phần Rau quả Thực phẩm An Giang,Hàng Tiêu dùng,Thực phẩm và đồ uống,Sản xuất thực phẩm,Thực phẩm
ANV,Công ty Cổ phần Nam Việt,Hàng Tiêu dùng,Thực phẩm và đồ uống,Sản xuất thực phẩm,Nuôi trồng nông & hải sản
APC,Công ty Cổ phần Chiếu xạ An Phú,Dược phẩm và Y tế,Y tế,Dược phẩm,Công nghệ sinh học
APF,Công ty Cổ phần Nông sản Thực phẩm Quảng Ngãi,Hàng Tiêu dùng,Thực phẩm và đồ uống,Sản xuất thực phẩm,Thực phẩm
APG,Công ty Cổ phần Chứng khoán APG,Tài chính,Dịch vụ tài chính,Dịch vụ tài chính,Môi giới chứng khoán
APH,Công ty Cổ phần Tập đoàn An Phát Holdings,Công nghiệp,Hàng & Dịch vụ Công nghiệp,Hàng công nghiệp,Containers & Đóng gói
API,Công ty Cổ phần Đầu tư Châu Á - Thái Bình Dương,Tài chính,Bất động sản,Bất động sản,Bất động sản
APL,Công ty Cổ phần Cơ khí và Thiết bị áp lực - VVMI,Công nghiệp,Hàng & Dịch vụ Công nghiệp,Công nghiệp nặng,Máy công nghiệp
APP,Công ty Cổ phần Phát triển Phụ gia và Sản phẩm dầu mỏ,Nguyên vật liệu,Hóa chất,Hóa chất,"Sản phẩm hóa dầu, Nông dược & Hóa chất khác"
APR,Công ty Cổ phần Đầu Tư Bất Động Sản An Phú,Tài chính,Bất động sản,Bất động sản,Bất động sản
APS,Công ty Cổ phần Chứng khoán Châu Á - Thái Bình Dương,Tài chính,Dịch vụ tài chính,Dịch vụ tài chính,Môi giới chứng khoán
APT,Công ty Cổ phần Kinh doanh thủy hải sản Sài Gòn,Hàng Tiêu dùng,Thực phẩm và đồ uống,Sản xuất thực phẩm,Nuôi trồng nông & hải sản
ARM,Công ty Cổ phần Xuất nhập khẩu Hàng không,Công nghiệp,Hàng & Dịch vụ Công nghiệp,Tư vấn & Hỗ trợ Kinh doanh,Nhà cung cấp thiết bị
ART,Công ty Cổ phần Chứng khoán ARTEX,Tài chính,Dịch vụ tài chính,Dịch vụ tài chính,Môi giới chứng khoán
ASA,Công ty Cổ phần ASA,Hàng Tiêu dùng,Hàng cá nhân & Gia dụng,Hàng cá nhân,Hàng cá nhân
ASG,Công ty Cổ phần Tập đoàn ASG,Công nghiệp,Hàng & Dịch vụ Công nghiệp,Vận tải,"Kho bãi, hậu cần và bảo dưỡng"
ASIAGF,Quỹ Đầu tư Tăng trưởng ACB,Tài chính,Dịch vụ tài chính,Quỹ đầu tư,Quỹ đầu tư
ASM,Công ty Cổ phần Tập đoàn Sao Mai,Hàng Tiêu dùng,Thực phẩm và đồ uống,Sản xuất thực phẩm,Nuôi trồng nông & hải sản
ASP,Công ty Cổ phần Tập đoàn Dầu khí An Pha,Tiện ích Cộng đồng,"Điện, nước & xăng dầu khí đốt",Nước & Khí đốt,Phân phối xăng dầu & khí đốt
AST,Công ty Cổ phần Dịch vụ Hàng không Taseco,Dịch vụ Tiêu dùng,Bán lẻ,Bán lẻ,Phân phối hàng chuyên dụng
ATA,Công ty Cổ phần NTACO,Hàng Tiêu dùng,Thực phẩm và đồ uống,Sản xuất thực phẩm,Nuôi trồng nông & hải sản
ATB,Công ty Cổ phần An Thịnh,Công nghiệp,Xây dựng và Vật liệu,Xây dựng và Vật liệu,Xây dựng
ATC,Công ty Cổ phần Sản xuất Thương mại Xuất nhập khẩu Viễn thông A,Công nghệ Thông tin,Công nghệ Thông tin,Thiết bị và Phần cứng,Thiết bị viễn thông
ATG,Công ty Cổ phần ATG Planet,Nguyên vật liệu,Tài nguyên Cơ bản,Khai khoáng,Khai khoáng
ATP,Công ty Cổ phần Thương mại và Dịch vụ An Thành,Hàng Tiêu dùng,Thực phẩm và đồ uống,Sản xuất thực phẩm,Nuôi trồng nông & hải sản
ATS,Công ty Cổ phần Tập đoàn Đầu tư ATS,Dịch vụ Tiêu dùng,Du lịch và Giải trí,Du lịch & Giải trí,Nhà hàng và quán bar
AUM,Công ty Cổ phần Vinacafe Sơn Thành,Hàng Tiêu dùng,Thực phẩm và đồ uống,Sản xuất thực phẩm,Nuôi trồng nông & hải sản
AVC,Công ty Cổ phần Thủy điện A Vương,Tiện ích Cộng đồng,"Điện, nước & xăng dầu khí đốt",Sản xuất & Phân phối Điện,Sản xuất & Phân phối Điện
AVF,Công ty Cổ phần Việt An,Hàng Tiêu dùng,Thực phẩm và đồ uống,Sản xuất thực phẩm,Nuôi trồng nông & hải sản
AVG,Công ty Cổ phần Phân Bón Quốc Tế Âu Việt,Nguyên vật liệu,Hóa chất,Hóa chất,"Sản phẩm hóa dầu, Nông dược & Hóa chất khác"
B82,Công ty Cổ phần 482,Công nghiệp,Xây dựng và Vật liệu,Xây dựng và Vật liệu,Xây dựng
BAB,Ngân hàng Thương mại Cổ phần Bắc Á,Ngân hàng,Ngân hàng,Ngân hàng,Ngân hàng
BAF,Công ty Cổ phần Nông nghiệp BAF Việt Nam,Hàng Tiêu dùng,Thực phẩm và đồ uống,Sản xuất thực phẩm,Nuôi trồng nông & hải sản
BAL,Công ty Cổ phần Bao bì Bia - Rượu - Nước giải khát,Công nghiệp,Hàng & Dịch vụ Công nghiệp,Hàng công nghiệp,Containers & Đóng gói
BAM,Công ty Cổ phần Khoáng sản và Luyện kim Bắc Á,Nguyên vật liệu,Tài nguyên Cơ bản,Khai khoáng,Khai khoáng
BAX,Công ty Cổ phần Thống Nhất,Công nghiệp,Xây dựng và Vật liệu,Xây dựng và Vật liệu,Xây dựng
BBC,Công ty Cổ phần Bibica,Hàng Tiêu dùng,Thực phẩm và đồ uống,Sản xuất thực phẩm,Thực phẩm
BBH,Công ty Cổ phần Bao bì Hoàng Thạch,Công nghiệp,Hàng & Dịch vụ Công nghiệp,Hàng công nghiệp,Containers & Đóng gói
BBM,Công ty Cổ phần Bia Hà Nội - Nam Định,Hàng Tiêu dùng,Thực phẩm và đồ uống,Bia và đồ uống,Sản xuất bia
BBS,Công ty Cổ phần VICEM Bao bì Bút Sơn,Công nghiệp,Hàng & Dịch vụ Công nghiệp,Hàng công nghiệp,Containers & Đóng gói
BBT,Công ty Cổ phần Bông Bạch Tuyết,Hàng Tiêu dùng,Hàng cá nhân & Gia dụng,Hàng cá nhân,Hàng cá nhân
BCA,Công ty cổ phần B.C.H,Nguyên vật liệu,Tài nguyên Cơ bản,Kim loại,Thép và sản phẩm thép
BCB,Công ty Cổ phần 397,Nguyên vật liệu,Tài nguyên Cơ bản,Khai khoáng,Khai thác Than
BCC,Công ty Cổ phần Xi măng Bỉm Sơn,Công nghiệp,Xây dựng và Vật liệu,Xây dựng và Vật liệu,Vật liệu xây dựng & Nội thất
BCE,Công ty Cổ phần Xây dựng và Giao thông Bình Dương,Công nghiệp,Xây dựng và Vật liệu,Xây dựng và Vật liệu,Xây dựng
BCF,Công ty Cổ phần Thực phẩm Bích Chi,Hàng Tiêu dùng,Thực phẩm và đồ uống,Sản xuất thực phẩm,Thực phẩm
BCG,Công ty Cổ phần Tập đoàn Bamboo Capital,Tài chính,Dịch vụ tài chính,Dịch vụ tài chính,Tài chính đặc biệt
BCH,Công ty Cổ phần Tập đoàn Dược Bảo Châu,Dược phẩm và Y tế,Y tế,Dược phẩm,Dược phẩm
BCM,Tập đoàn Đầu tư và Phát triển Công nghiệp Becamex - CTCP,Tài chính,Bất động sản,Bất động sản,Bất động sản
BCO,Công ty Cổ phần Xây dựng Bình Phước,Công nghiệp,Xây dựng và Vật liệu,Xây dựng và Vật liệu,Xây dựng
BCP,Công ty Cổ phần Dược Enlie,Dược phẩm và Y tế,Y tế,Dược phẩm,Dược phẩm
BCR,Công ty Cổ phần BCG Land,Công nghiệp,Xây dựng và Vật liệu,Xây dựng và Vật liệu,Xây dựng
BCV,Công ty Cổ phần Du lịch và Thương mại Bằng Giang - Vimico,Dịch vụ Tiêu dùng,Du lịch và Giải trí,Du lịch & Giải trí,Khách sạn
BDB,Công ty Cổ phần Sách và Thiết bị Bình Định,Dịch vụ Tiêu dùng,Truyền thông,Truyền thông,"Sách, ấn bản & sản phẩm văn hóa"
BDG,Công ty Cổ phần May mặc Bình Dương,Hàng Tiêu dùng,Hàng cá nhân & Gia dụng,Hàng cá nhân,Hàng May mặc
BDT,Công ty Cổ phần Xây lắp và Vật liệu xây dựng Đồng Tháp,Công nghiệp,Xây dựng và Vật liệu,Xây dựng và Vật liệu,Vật liệu xây dựng & Nội thất
BDW,Công ty Cổ phần Cấp thoát nước Bình Định,Tiện ích Cộng đồng,"Điện, nước & xăng dầu khí đốt",Nước & Khí đốt,Nước
BED,Công ty Cổ phần Sách và Thiết bị trường học Đà Nẵng,Dịch vụ Tiêu dùng,Truyền thông,Truyền thông,"Sách, ấn bản & sản phẩm văn hóa"
BEL,Công ty Cổ phần Điện tử Biên Hòa,Hàng Tiêu dùng,Hàng cá nhân & Gia dụng,Hàng hóa giải trí,Điện tử tiêu dùng
BFC,Công ty Cổ phần Phân bón Bình Điền,Nguyên vật liệu,Hóa chất,Hóa chất,"Sản phẩm hóa dầu, Nông dược & Hóa chất khác"
BGE,Công ty Cổ phần BCG Energy,Tiện ích Cộng đồng,"Điện, nước & xăng dầu khí đốt",Sản xuất & Phân phối Điện,Sản xuất & Phân phối Điện
BGM,Công ty Cổ phần Khai thác và Chế biến Khoáng sản Bắc Giang,Nguyên vật liệu,Tài nguyên Cơ bản,Khai khoáng,Khai khoáng
BGT,Công ty Cổ phần Công trình giao thông tỉnh Bà Rịa - Vũng Tàu,Công nghiệp,Xây dựng và Vật liệu,Xây dựng và Vật liệu,Xây dựng
BGW,Công ty Cổ phần Nước sạch Bắc Giang,Tiện ích Cộng đồng,"Điện, nước & xăng dầu khí đốt",Nước & Khí đốt,Nước
BHA,Công ty Cổ phần Thủy điện Bắc Hà,Tiện ích Cộng đồng,"Điện, nước & xăng dầu khí đốt",Sản xuất & Phân phối Điện,Sản xuất & Phân phối Điện
BHC,Công ty Cổ phần Bê tông Biên Hòa,Công nghiệp,Xây dựng và Vật liệu,Xây dựng và Vật liệu,Vật liệu xây dựng & Nội thất
BHG,Công ty Cổ phần Chè Biển Hồ,Hàng Tiêu dùng,Thực phẩm và đồ uống,Bia và đồ uống,Đồ uống & giải khát
BHH,Công ty Cổ Phần Bia Hà Nội - Hưng Yên 89,Hàng Tiêu dùng,Thực phẩm và đồ uống,Bia và đồ uống,Sản xuất bia
BHI,Tổng Công ty Cổ phần Bảo hiểm Sài Gòn - Hà Nội,Tài chính,Bảo hiểm,Bảo hiểm phi nhân thọ,Bảo hiểm phi nhân thọ
BHK,Công ty Cổ phần Bia Hà Nội - Kim Bài,Hàng Tiêu dùng,Thực phẩm và đồ uống,Bia và đồ uống,Sản xuất bia
BHN,Tổng Công ty Cổ phần Bia - Rượu - Nước giải khát Hà Nội,Hàng Tiêu dùng,Thực phẩm và đồ uống,Bia và đồ uống,Sản xuất bia
BHP,Công ty Cổ phần Bia Hà Nội - Hải Phòng,Hàng Tiêu dùng,Thực phẩm và đồ uống,Bia và đồ uống,Sản xuất bia
BHT,Công ty Cổ phần Đầu tư Xây dựng Bạch Đằng TMC,Công nghiệp,Xây dựng và Vật liệu,Xây dựng và Vật liệu,Xây dựng
BIC,Tổng Công ty Cổ phần Bảo hiểm Ngân hàng Đầu tư và Phát triển Việt Nam,Tài chính,Bảo hiểm,Bảo hiểm phi nhân thọ,Bảo hiểm phi nhân thọ
BID,Ngân hàng Thương mại Cổ phần Đầu tư và Phát triển Việt Nam,Ngân hàng,Ngân hàng,Ngân hàng,Ngân hàng
BIG,Công ty Cổ phần Tập đoàn Đầu tư BIG,Hàng Tiêu dùng,Thực phẩm và đồ uống,Sản xuất thực phẩm,Nuôi trồng nông & hải sản
BII,Công ty Cổ phần Đầu tư và Phát triển Công nghiệp Bảo Thư,Tài chính,Bất động sản,Bất động sản,Bất động sản
BIO,Công ty Cổ phần Vắc xin và Sinh phẩm Nha Trang,Dược phẩm và Y tế,Y tế,Dược phẩm,Dược phẩm
BKC,Công ty Cổ phần Khoáng sản Bắc Kạn,Nguyên vật liệu,Tài nguyên Cơ bản,Khai khoáng,Khai khoáng
BKG,Công ty Cổ phần Đầu tư BKG Việt Nam,Hàng Tiêu dùng,Hàng cá nhân & Gia dụng,Hàng gia dụng,Thiết bị gia dụng
BKH,Công ty Cổ phần Bánh mứt kẹo Hà Nội,Hàng Tiêu dùng,Thực phẩm và đồ uống,Sản xuất thực phẩm,Thực phẩm
BLF,Công ty Cổ phần Thủy sản Bạc Liêu,Hàng Tiêu dùng,Thực phẩm và đồ uống,Sản xuất thực phẩm,Nuôi trồng nông & hải sản
BLI,Tổng Công ty Cổ phần Bảo hiểm Bảo Long,Tài chính,Bảo hiểm,Bảo hiểm phi nhân thọ,Bảo hiểm phi nhân thọ
BLN,Công ty Cổ phần Vận tải và Dịch vụ Liên Ninh,Dịch vụ Tiêu dùng,Du lịch và Giải trí,Du lịch & Giải trí,Vận tải hành khách & Du lịch
BLT,Công ty Cổ phần Lương thực Bình Định,Hàng Tiêu dùng,Thực phẩm và đồ uống,Sản xuất thực phẩm,Thực phẩm
BLU,Trung tâm Dịch vụ Đô thị tỉnh Bạc Liêu,Công nghiệp,Hàng & Dịch vụ Công nghiệp,Tư vấn & Hỗ trợ Kinh doanh,Chất thải & Môi trường
BLW,Công ty Cổ phần Cấp nước Bạc Liêu,Tiện ích Cộng đồng,"Điện, nước & xăng dầu khí đốt",Nước & Khí đốt,Nước
BMC,Công ty Cổ phần Khoáng sản Bình Định,Nguyên vật liệu,Tài nguyên Cơ bản,Khai khoáng,Khai khoáng
BMD,Công ty Cổ phần Môi trường và Dịch vụ Đô thị Bình Thuận,Công nghiệp,Hàng & Dịch vụ Công nghiệp,Tư vấn & Hỗ trợ Kinh doanh,Chất thải & Môi trường
BMF,Công ty Cổ phần Vật liệu Xây dựng và Chất đốt Đồng Nai,Tiện ích Cộng đồng,"Điện, nước & xăng dầu khí đốt",Nước & Khí đốt,Phân phối xăng dầu & khí đốt
BMG,Công ty Cổ phần May Bình Minh,Hàng Tiêu dùng,Hàng cá nhân & Gia dụng,Hàng cá nhân,Hàng May mặc
BMI,Tổng Công ty Cổ phần Bảo Minh,Tài chính,Bảo hiểm,Bảo hiểm phi nhân thọ,Bảo hiểm phi nhân thọ
BMJ,Công ty Cổ phần Khoáng sản Miền Đông AHP,Nguyên vật liệu,Tài nguyên Cơ bản,Khai khoáng,Khai khoáng
BMK,Công ty Cổ Phần Kỹ thuật Nhiệt Mèo Đen,Công nghiệp,Xây dựng và Vật liệu,Xây dựng và Vật liệu,Vật liệu xây dựng & Nội thất
BMN,Công ty Cổ phần 715,Công nghiệp,Xây dựng và Vật liệu,Xây dựng và Vật liệu,Xây dựng
BMP,Công ty Cổ phần Nhựa Bình Minh,Công nghiệp,Xây dựng và Vật liệu,Xây dựng và Vật liệu,Vật liệu xây dựng & Nội thất
BMS,Công ty Cổ phần Chứng khoán Bảo Minh,Tài chính,Dịch vụ tài chính,Dịch vụ tài chính,Môi giới chứng khoán
BMV,Công ty Cổ phần Bột mỳ Vinafood 1,Hàng Tiêu dùng,Thực phẩm và đồ uống,Sản xuất thực phẩm,Thực phẩm
BNA,Công ty Cổ phần Tập đoàn Đầu tư Bảo Ngọc,Hàng Tiêu dùng,Thực phẩm và đồ uống,Sản xuất thực phẩm,Thực phẩm
BNW,Công ty Cổ phần Nước sạch Bắc Ninh,Tiện ích Cộng đồng,"Điện, nước & xăng dầu khí đốt",Nước & Khí đốt,Nước
BOT,Công ty Cổ phần BOT Cầu Thái Hà,Công nghiệp,Xây dựng và Vật liệu,Xây dựng và Vật liệu,Xây dựng
BPC,Công ty Cổ phần Vicem Bao bì Bỉm Sơn,Công nghiệp,Hàng & Dịch vụ Công nghiệp,Hàng công nghiệp,Containers & Đóng gói
BQB,Công ty Cổ phần Bia Hà Nội - Quảng Bình,Hàng Tiêu dùng,Thực phẩm và đồ uống,Bia và đồ uống,Sản xuất bia
BQP,Công ty Cổ phần Nhựa chất lượng cao Bình Thuận,Nguyên vật liệu,Hóa chất,Hóa chất,"Nhựa, cao su & sợi"
BRC,Công ty Cổ phần Cao su Bến Thành,Nguyên vật liệu,Hóa chất,Hóa chất,"Nhựa, cao su & sợi"
BRM,Công ty Quản lý cầu đường Đà Nẵng,Công nghiệp,Xây dựng và Vật liệu,Xây dựng và Vật liệu,Xây dựng
BRR,Công ty Cổ phần Cao su Bà Rịa,Nguyên vật liệu,Hóa chất,Hóa chất,"Nhựa, cao su & sợi"
BRS,Công ty Cổ phần Dịch vụ Đô thị Bà Rịa,Công nghiệp,Hàng & Dịch vụ Công nghiệp,Tư vấn & Hỗ trợ Kinh doanh,Chất thải & Môi trường
BRV,Công ty Cổ phần Bia Rượu Nước giải khát Viger,Hàng Tiêu dùng,Thực phẩm và đồ uống,Bia và đồ uống,Sản xuất bia
BSA,Công ty Cổ phần Thủy điện Buôn Đôn,Tiện ích Cộng đồng,"Điện, nước & xăng dầu khí đốt",Sản xuất & Phân phối Điện,Sản xuất & Phân phối Điện
BSC,Công ty Cổ phần Dịch vụ Bến Thành,Tài chính,Bất động sản,Bất động sản,Bất động sản
BSD,"Công ty Cổ phần Bia, Rượu Sài Gòn - Đồng Xuân",Hàng Tiêu dùng,Thực phẩm và đồ uống,Bia và đồ uống,Sản xuất bia
BSG,Công ty Cổ phần Xe khách Sài Gòn,Dịch vụ Tiêu dùng,Du lịch và Giải trí,Du lịch & Giải trí,Vận tải hành khách & Du lịch
BSH,Công ty Cổ phần Bia Sài Gòn - Hà Nội,Hàng Tiêu dùng,Thực phẩm và đồ uống,Bia và đồ uống,Sản xuất bia
BSI,Công ty Cổ phần Chứng khoán BIDV,Tài chính,Dịch vụ tài chính,Dịch vụ tài chính,Môi giới chứng khoán
BSL,Công ty Cổ phần Bia Sài Gòn - Sông Lam,Hàng Tiêu dùng,Thực phẩm và đồ uống,Bia và đồ uống,Sản xuất bia
BSP,Công ty Cổ phần Bia Sài Gòn - Phú Thọ,Hàng Tiêu dùng,Thực phẩm và đồ uống,Bia và đồ uống,Sản xuất bia
BSQ,Công ty Cổ phần Bia Sài Gòn - Quảng Ngãi,Hàng Tiêu dùng,Thực phẩm và đồ uống,Bia và đồ uống,Sản xuất bia
BSR,Công ty Cổ phần - Tổng Công ty Lọc Hoá dầu Việt Nam,Dầu khí,Dầu khí,Sản xuất Dầu khí,Sản xuất và Khai thác dầu khí
BST,Công ty Cổ phần Sách và Thiết bị Bình Thuận,Dịch vụ Tiêu dùng,Truyền thông,Truyền thông,"Sách, ấn bản & sản phẩm văn hóa"
BT1,Công ty Cổ phần Bảo vệ thực vật 1 Trung ương,Nguyên vật liệu,Hóa chất,Hóa chất,"Sản phẩm hóa dầu, Nông dược & Hóa chất khác"
BT6,Công ty Cổ phần BETON 6,Công nghiệp,Xây dựng và Vật liệu,Xây dựng và Vật liệu,Vật liệu xây dựng & Nội thất
BTB,Công ty Cổ phần Bia Hà Nội - Thái Bình,Hàng Tiêu dùng,Thực phẩm và đồ uống,Bia và đồ uống,Sản xuất bia
BTD,Công ty Cổ phần Bê tông ly tâm Thủ Đức,Công nghiệp,Xây dựng và Vật liệu,Xây dựng và Vật liệu,Vật liệu xây dựng & Nội thất
BTG,Công ty Cổ phần Bao bì Tiền Giang,Công nghiệp,Hàng & Dịch vụ Công nghiệp,Hàng công nghiệp,Containers & Đóng gói
BTH,Công ty Cổ phần Chế tạo Biến thế và Vật liệu Điện Hà Nội,Công nghiệp,Hàng & Dịch vụ Công nghiệp,Điện tử & Thiết bị điện,Thiết bị điện
BTN,Công ty Cổ phần Đầu tư Bitco Bình Định,Công nghiệp,Xây dựng và Vật liệu,Xây dựng và Vật liệu,Vật liệu xây dựng & Nội thất
BTP,Công ty Cổ phần Nhiệt điện Bà Rịa,Tiện ích Cộng đồng,"Điện, nước & xăng dầu khí đốt",Sản xuất & Phân phối Điện,Sản xuất & Phân phối Điện
BTS,Công ty Cổ phần Xi măng VICEM Bút Sơn,Công nghiệp,Xây dựng và Vật liệu,Xây dựng và Vật liệu,Vật liệu xây dựng & Nội thất
BTT,Công ty Cổ phần Thương mại - Dịch vụ Bến Thành,Dịch vụ Tiêu dùng,Bán lẻ,Bán lẻ,Bán lẻ phức hợp
BTU,Công ty Cổ phần Công trình Đô thị Bến Tre,Công nghiệp,Hàng & Dịch vụ Công nghiệp,Tư vấn & Hỗ trợ Kinh doanh,Chất thải & Môi trường
BTV,Công ty Cổ phần Dịch vụ Du lịch Bến Thành,Dịch vụ Tiêu dùng,Du lịch và Giải trí,Du lịch & Giải trí,Vận tải hành khách & Du lịch
BTW,Công ty Cổ phần Cấp nước Bến Thành,Tiện ích Cộng đồng,"Điện, nước & xăng dầu khí đốt",Nước & Khí đốt,Nước
BUD,Công ty Cổ phần Khoa học Công nghệ Việt Nam,Công nghiệp,Xây dựng và Vật liệu,Xây dựng và Vật liệu,Xây dựng
BVA,Công ty Cổ phần Sản xuất & Thương mại Bắc Việt,Công nghiệp,Xây dựng và Vật liệu,Xây dựng và Vật liệu,Vật liệu xây dựng & Nội thất
BVB,Ngân hàng Thương mại Cổ phần Bản Việt,Ngân hàng,Ngân hàng,Ngân hàng,Ngân hàng
BVBF,Quỹ Đầu tư Trái phiếu Bảo Việt,Tài chính,Dịch vụ tài chính,Quỹ đầu tư,Quỹ đầu tư
BVFED,Quỹ Đầu tư Cổ phiếu Năng động Bảo Việt,Tài chính,Dịch vụ tài chính,Quỹ đầu tư,Quỹ đầu tư
BVG,Công ty Cổ phần Group Bắc Việt,Nguyên vật liệu,Tài nguyên Cơ bản,Kim loại,Thép và sản phẩm thép
BVH,Tập đoàn Bảo Việt,Tài chính,Bảo hiểm,Bảo hiểm nhân thọ,Bảo hiểm nhân thọ
BVL,Công ty Cổ phần BV Land,Tài chính,Bất động sản,Bất động sản,"Tư Vấn, Định giá, Môi giới Bất động sản"
BVN,Công ty Cổ phần Bông Việt Nam,Hàng Tiêu dùng,Hàng cá nhân & Gia dụng,Hàng cá nhân,Hàng cá nhân
BVPF,Quỹ Đầu tư Cổ phiếu Triển vọng Bảo Việt,Tài chính,Dịch vụ tài chính,Quỹ đầu tư,Quỹ đầu tư
BVS,Công ty Cổ phần Chứng khoán Bảo Việt,Tài chính,Dịch vụ tài chính,Dịch vụ tài chính,Môi giới chứng khoán
BWA,Công ty Cổ phần Cấp thoát nước và Xây dựng Bảo Lộc,Tiện ích Cộng đồng,"Điện, nước & xăng dầu khí đốt",Nước & Khí đốt,Nước
BWE,Công ty Cổ phần - Tổng công ty Nước - Môi trường Bình Dương,Tiện ích Cộng đồng,"Điện, nước & xăng dầu khí đốt",Nước & Khí đốt,Nước
BWS,Công ty Cổ phần Cấp Nước Bà Rịa - Vũng Tàu,Tiện ích Cộng đồng,"Điện, nước & xăng dầu khí đốt",Nước & Khí đốt,Nước
BXH,Công ty Cổ phần VICEM Bao bì Hải Phòng,Công nghiệp,Hàng & Dịch vụ Công nghiệp,Hàng công nghiệp,Containers & Đóng gói
BXT,Công ty Cổ phần Bến xe tàu Hậu Giang,Công nghiệp,Hàng & Dịch vụ Công nghiệp,Vận tải,"Kho bãi, hậu cần và bảo dưỡng"
C12,Công ty Cổ phần Cầu 12,Công nghiệp,Xây dựng và Vật liệu,Xây dựng và Vật liệu,Xây dựng
C21,Công ty Cổ phần Thế kỷ 21,Tài chính,Bất động sản,Bất động sản,Bất động sản
C22,Công ty Cổ phần 22,Hàng Tiêu dùng,Thực phẩm và đồ uống,Sản xuất thực phẩm,Thực phẩm
C32,Công ty Cổ phần Đầu tư và Xây dựng 3-2,Công nghiệp,Xây dựng và Vật liệu,Xây dựng và Vật liệu,Vật liệu xây dựng & Nội thất
C36,Công ty Cổ phần Quản lý và Xây dựng Công trình Giao thông 236,Công nghiệp,Xây dựng và Vật liệu,Xây dựng và Vật liệu,Xây dựng
C47,Công ty Cổ phần Xây dựng 47,Công nghiệp,Xây dựng và Vật liệu,Xây dựng và Vật liệu,Xây dựng
C4G,Công ty Cổ phần Tập Đoàn Cienco4,Công nghiệp,Xây dựng và Vật liệu,Xây dựng và Vật liệu,Xây dựng
C69,Công ty Cổ phần Xây dựng 1369,Công nghiệp,Xây dựng và Vật liệu,Xây dựng và Vật liệu,Xây dựng
C71,Công ty Cổ phần 471,Công nghiệp,Xây dựng và Vật liệu,Xây dựng và Vật liệu,Xây dựng
C92,Công ty Cổ phần Xây dựng và Đầu tư 492,Công nghiệp,Xây dựng và Vật liệu,Xây dựng và Vật liệu,Xây dựng
CAB,Công ty Cổ phần Tổng Công ty Truyền hình Cáp Việt Nam,Dịch vụ Tiêu dùng,Truyền thông,Truyền thông,Giải trí & Truyền thông
CAD,Công ty Cổ phần Chế biến và Xuất khẩu Thủy sản Cadovimex,Hàng Tiêu dùng,Thực phẩm và đồ uống,Sản xuất thực phẩm,Nuôi trồng nông & hải sản
CAF,Công ty Cổ phần Xuất nhập khẩu Nông Sản Thực Phẩm Cà Mau,Hàng Tiêu dùng,Thực phẩm và đồ uống,Sản xuất thực phẩm,Nuôi trồng nông & hải sản
CAG,Công ty Cổ phần Cảng An Giang,Công nghiệp,Hàng & Dịch vụ Công nghiệp,Vận tải,"Kho bãi, hậu cần và bảo dưỡng"
CAN,Công ty Cổ phần Đồ hộp Hạ Long,Hàng Tiêu dùng,Thực phẩm và đồ uống,Sản xuất thực phẩm,Thực phẩm
CAP,Công ty Cổ phần Lâm Nông sản Thực phẩm Yên Bái,Nguyên vật liệu,Tài nguyên Cơ bản,Lâm nghiệp và Giấy,Sản xuất giấy
CAR,Công ty cổ phần Tập đoàn Giáo dục Trí Việt,Công nghiệp,Hàng & Dịch vụ Công nghiệp,Tư vấn & Hỗ trợ Kinh doanh,Đào tạo & Việc làm
CAT,Công ty Cổ phần Thủy sản Cà Mau,Hàng Tiêu dùng,Thực phẩm và đồ uống,Sản xuất thực phẩm,Nuôi trồng nông & hải sản
CAV,Công ty Cổ Phần Dây cáp điện Việt Nam,Công nghiệp,Hàng & Dịch vụ Công nghiệp,Điện tử & Thiết bị điện,Hàng điện & điện tử
CBC,Công ty Cổ phần Chè Bàu Cạn,Hàng Tiêu dùng,Thực phẩm và đồ uống,Bia và đồ uống,Đồ uống & giải khát
CBI,Công ty Cổ phần Gang thép Cao Bằng,Nguyên vật liệu,Tài nguyên Cơ bản,Kim loại,Thép và sản phẩm thép
CBPF,Quỹ Đầu tư Trái phiếu Mở Rộng Chubb,Tài chính,Dịch vụ tài chính,Quỹ đầu tư,Quỹ đầu tư
CBS,Công ty Cổ phần Mía đường Cao Bằng,Hàng Tiêu dùng,Thực phẩm và đồ uống,Sản xuất thực phẩm,Thực phẩm
CBV,Công ty Cổ phần CTCBIO Việt Nam,Dược phẩm và Y tế,Y tế,Thiết bị và Dịch vụ Y tế,Chăm sóc y tế
CC1,Tổng Công ty Xây dựng số 1 - CTCP,Công nghiệp,Xây dựng và Vật liệu,Xây dựng và Vật liệu,Xây dựng
CC4,Công ty Cổ phần Đầu tư và Xây dựng số 4,Công nghiệp,Xây dựng và Vật liệu,Xây dựng và Vật liệu,Xây dựng
CCA,Công ty Cổ phần Xuất nhập khẩu Thủy sản Cần Thơ,Hàng Tiêu dùng,Thực phẩm và đồ uống,Sản xuất thực phẩm,Nuôi trồng nông & hải sản
CCC,Công ty Cổ Phần Xây Dựng CDC,Công nghiệp,Xây dựng và Vật liệu,Xây dựng và Vật liệu,Xây dựng
CCD,Công ty Cổ phần Xây dựng và Bảo trì cầu đường,Công nghiệp,Xây dựng và Vật liệu,Xây dựng và Vật liệu,Xây dựng
CCI,Công ty Cổ phần Đầu tư Phát triển Công nghiệp Thương mại Củ Chi,Tiện ích Cộng đồng,"Điện, nước & xăng dầu khí đốt",Nước & Khí đốt,Phân phối xăng dầu & khí đốt
CCL,Công ty Cổ phần Đầu tư và Phát triển Đô thị Dầu khí Cửu Long,Tài chính,Bất động sản,Bất động sản,Bất động sản
CCM,Công ty Cổ phần Khoáng sản và Xi măng Cần Thơ,Công nghiệp,Xây dựng và Vật liệu,Xây dựng và Vật liệu,Vật liệu xây dựng & Nội thất
CCP,Công ty Cổ phần Cảng Cửa Cấm Hải Phòng,Công nghiệp,Hàng & Dịch vụ Công nghiệp,Vận tải,"Kho bãi, hậu cần và bảo dưỡng"
CCR,Công ty Cổ phần Cảng Cam Ranh,Công nghiệp,Hàng & Dịch vụ Công nghiệp,Vận tải,"Kho bãi, hậu cần và bảo dưỡng"
CCS,Công ty Cổ phần Chíp Sáng,Tài chính,Bất động sản,Bất động sản,Bất động sản
CCT,Công ty Cổ phần Cảng Cần Thơ,Công nghiệp,Hàng & Dịch vụ Công nghiệp,Vận tải,"Kho bãi, hậu cần và bảo dưỡng"
CCV,Công ty Cổ phần Tư vấn Xây dựng Công nghiệp và Đô thị Việt Nam,Công nghiệp,Xây dựng và Vật liệu,Xây dựng và Vật liệu,Xây dựng
CDC,Công ty Cổ phần Chương Dương,Công nghiệp,Xây dựng và Vật liệu,Xây dựng và Vật liệu,Xây dựng
CDG,Công ty Cổ phần Cầu Đuống,Công nghiệp,Xây dựng và Vật liệu,Xây dựng và Vật liệu,Vật liệu xây dựng & Nội thất
CDH,Công ty Cổ phần Công trình Công cộng và Dịch vụ Du lịch Hải Phòng,Công nghiệp,Hàng & Dịch vụ Công nghiệp,Tư vấn & Hỗ trợ Kinh doanh,Chất thải & Môi trường
CDN,Công ty Cổ phần Cảng Đà Nẵng,Công nghiệp,Hàng & Dịch vụ Công nghiệp,Vận tải,"Kho bãi, hậu cần và bảo dưỡng"
CDO,Công ty Cổ phần Tư vấn Thiết kế và Phát triển Đô thị,Công nghiệp,Xây dựng và Vật liệu,Xây dựng và Vật liệu,Xây dựng
CDP,Công ty Cổ phần Dược phẩm Trung ương Codupha,Dược phẩm và Y tế,Y tế,Dược phẩm,Dược phẩm
CDR,Công ty Cổ phần Xây dựng Cao su Đồng Nai,Công nghiệp,Xây dựng và Vật liệu,Xây dựng và Vật liệu,Xây dựng
CDV,Công ty Cổ phần Tư Vấn Đầu Tư Và Thiết Kế Xây Dựng Việt Nam,Công nghiệp,Xây dựng và Vật liệu,Xây dựng và Vật liệu,Xây dựng
CE1,Công ty Cổ phần Xây dựng và Thiết bị Công nghiệp CIE1,Công nghiệp,Hàng & Dịch vụ Công nghiệp,Công nghiệp nặng,Máy công nghiệp
CEE,Công ty Cổ phần Xây Dựng Hạ Tầng Cii,Công nghiệp,Xây dựng và Vật liệu,Xây dựng và Vật liệu,Xây dựng
CEG,Công ty Cổ phần Tập đoàn Xây dựng và Thiết bị Công nghiệp,Công nghiệp,Xây dựng và Vật liệu,Xây dựng và Vật liệu,Xây dựng
CEN,Công ty Cổ phần CENCON Việt Nam,Dịch vụ Tiêu dùng,Bán lẻ,Bán lẻ,Bán lẻ phức hợp
CEO,Công ty Cổ phần Tập đoàn C.E.O,Tài chính,Bất động sản,Bất động sản,Bất động sản
CET,Công ty Cổ phần HTC Holding,Hàng Tiêu dùng,Hàng cá nhân & Gia dụng,Hàng cá nhân,Hàng cá nhân
CFM,Công ty Cổ phần Đầu tư CFM,Công nghiệp,Hàng & Dịch vụ Công nghiệp,Tư vấn & Hỗ trợ Kinh doanh,Đào tạo & Việc làm
CFV,Công ty Cổ phần Cà phê Thắng Lợi,Hàng Tiêu dùng,Thực phẩm và đồ uống,Bia và đồ uống,Đồ uống & giải khát
CGC,Công ty Cổ phần Thương mại và Dịch vụ Cần Giờ,Tiện ích Cộng đồng,"Điện, nước & xăng dầu khí đốt",Nước & Khí đốt,Phân phối xăng dầu & khí đốt
CGL,Công ty Cổ phần Thương Mại Gia Lai,Dịch vụ Tiêu dùng,Bán lẻ,Bán lẻ,Bán lẻ phức hợp
CGV,Công ty Cổ phần Vinaceglass,Công nghiệp,Xây dựng và Vật liệu,Xây dựng và Vật liệu,Vật liệu xây dựng & Nội thất
CH5,Công ty Cổ phần Xây dựng số 5 Hà Nội,Công nghiệp,Xây dựng và Vật liệu,Xây dựng và Vật liệu,Xây dựng
CHC,Công ty Cổ phần Cẩm Hà,Công nghiệp,Xây dựng và Vật liệu,Xây dựng và Vật liệu,Vật liệu xây dựng & Nội thất
CHP,Công ty Cổ phần Thủy điện Miền Trung,Tiện ích Cộng đồng,"Điện, nước & xăng dầu khí đốt",Sản xuất & Phân phối Điện,Sản xuất & Phân phối Điện
CHS,Công ty Cổ phần Chiếu sáng Công cộng Thành phố Hồ Chí Minh,Tiện ích Cộng đồng,"Điện, nước & xăng dầu khí đốt",Nước & Khí đốt,Tiện ích khác
CI5,Công ty Cổ phần Đầu tư Xây dựng số 5,Công nghiệp,Xây dựng và Vật liệu,Xây dựng và Vật liệu,Xây dựng
CIA,Công ty Cổ Phần Dịch Vụ Sân Bay Quốc Tế Cam Ranh,Công nghiệp,Hàng & Dịch vụ Công nghiệp,Vận tải,"Kho bãi, hậu cần và bảo dưỡng"
CIC,Công ty Cổ phần Đầu tư và Xây dựng COTEC,Công nghiệp,Xây dựng và Vật liệu,Xây dựng và Vật liệu,Xây dựng
CID,Công ty Cổ phần Xây dựng và Phát triển Cơ sở Hạ tầng,Công nghiệp,Xây dựng và Vật liệu,Xây dựng và Vật liệu,Xây dựng
CIE,Công ty Cổ phần Đầu tư và Xây dựng Công trình 128 - CIENCO 1,Công nghiệp,Xây dựng và Vật liệu,Xây dựng và Vật liệu,Xây dựng
CIG,Công ty Cổ phần COMA 18,Công nghiệp,Xây dựng và Vật liệu,Xây dựng và Vật liệu,Xây dựng
CII,Công ty Cổ phần Đầu tư Hạ tầng Kỹ thuật Thành phố Hồ Chí Minh,Công nghiệp,Xây dựng và Vật liệu,Xây dựng và Vật liệu,Xây dựng
CIP,Công ty Cổ phần Xây lắp và Sản xuất Công nghiệp,Công nghiệp,Xây dựng và Vật liệu,Xây dựng và Vật liệu,Xây dựng
CJC,Công ty Cổ phần Cơ điện Miền Trung,Công nghiệp,Hàng & Dịch vụ Công nghiệp,Điện tử & Thiết bị điện,Thiết bị điện
CK8,Công ty Cổ phần Cơ khí 120,Tài chính,Bất động sản,Bất động sản,Bất động sản
CKA,Công ty Cổ phần Cơ khí An Giang,Công nghiệp,Hàng & Dịch vụ Công nghiệp,Công nghiệp nặng,Máy công nghiệp
CKD,Công ty Cổ phần Cơ khí Đông Anh Licogi,Công nghiệp,Hàng & Dịch vụ Công nghiệp,Công nghiệp nặng,Máy công nghiệp
CKG,Công ty Cổ phần Tập đoàn CIC,Tài chính,Bất động sản,Bất động sản,Bất động sản
CKM,Công ty Cổ phần Cơ khí Mỏ Việt Bắc,Công nghiệp,Hàng & Dịch vụ Công nghiệp,Công nghiệp nặng,Máy công nghiệp
CKV,Công ty Cổ phần CokyVina,Công nghệ Thông tin,Công nghệ Thông tin,Thiết bị và Phần cứng,Thiết bị viễn thông
CLC,Công ty Cổ phần Cát Lợi,Hàng Tiêu dùng,Hàng cá nhân & Gia dụng,Thuốc lá,Thuốc lá
CLG,Công ty Cổ phần Đầu tư và Phát triển Nhà đất Cotec,Tài chính,Bất động sản,Bất động sản,Bất động sản
CLH,Công ty Cổ phần Xi măng La Hiên VVMI,Công nghiệp,Xây dựng và Vật liệu,Xây dựng và Vật liệu,Vật liệu xây dựng & Nội thất
CLI,Công ty Cổ phần Tập đoàn CNCTech,Nguyên vật liệu,Tài nguyên Cơ bản,Kim loại,Kim Loại màu
CLL,Công ty Cổ phần Cảng Cát Lái,Công nghiệp,Hàng & Dịch vụ Công nghiệp,Vận tải,"Kho bãi, hậu cần và bảo dưỡng"
CLM,Công ty Cổ phần Xuất nhập khẩu Than - Vinacomin,Nguyên vật liệu,Tài nguyên Cơ bản,Khai khoáng,Khai thác Than
CLW,Công ty Cổ phần Cấp nước Chợ Lớn,Tiện ích Cộng đồng,"Điện, nước & xăng dầu khí đốt",Nước & Khí đốt,Nước
CLX,Công ty Cổ phần Xuất nhập khẩu và Đầu tư Chợ Lớn (CHOLIMEX),Hàng Tiêu dùng,Thực phẩm và đồ uống,Sản xuất thực phẩm,Thực phẩm
CMC,Công ty Cổ phần Đầu tư CMC,Công nghiệp,Hàng & Dịch vụ Công nghiệp,Công nghiệp nặng,Máy công nghiệp
CMD,Công ty Cổ phần Vật liệu xây dựng và Trang trí nội thất TP. Hồ Chí Minh,Công nghiệp,Xây dựng và Vật liệu,Xây dựng và Vật liệu,Vật liệu xây dựng & Nội thất
CMF,Công ty Cổ phần Thực phẩm Cholimex,Hàng Tiêu dùng,Thực phẩm và đồ uống,Sản xuất thực phẩm,Thực phẩm
CMG,Công ty Cổ phần Tập đoàn Công nghệ CMC,Công nghệ Thông tin,Công nghệ Thông tin,Phần mềm & Dịch vụ Máy tính,Dịch vụ Máy tính
CMI,Công ty Cổ phần CMISTONE Việt Nam,Công nghiệp,Xây dựng và Vật liệu,Xây dựng và Vật liệu,Vật liệu xây dựng & Nội thất
CMK,Công ty Cổ phần Cơ khí Mạo Khê - Vinacomin,Công nghiệp,Hàng & Dịch vụ Công nghiệp,Công nghiệp nặng,Máy công nghiệp
CMM,Công ty Cổ phần Camimex,Hàng Tiêu dùng,Thực phẩm và đồ uống,Sản xuất thực phẩm,Thực phẩm
CMN,Công ty Cổ phần Lương thực Thực phẩm Colusa - Miliket,Hàng Tiêu dùng,Thực phẩm và đồ uống,Sản xuất thực phẩm,Thực phẩm
CMP,Công ty Cổ phần Cảng Chân Mây,Công nghiệp,Hàng & Dịch vụ Công nghiệp,Vận tải,"Kho bãi, hậu cần và bảo dưỡng"
CMS,Công ty Cổ phần Tập đoàn CMH Việt Nam,Công nghiệp,Xây dựng và Vật liệu,Xây dựng và Vật liệu,Xây dựng
CMT,Công ty Cổ phần Công nghệ mạng và Truyền thông,Công nghệ Thông tin,Công nghệ Thông tin,Phần mềm & Dịch vụ Máy tính,Phần mềm
CMV,Công ty Cổ phần Thương nghiệp Cà Mau,Dịch vụ Tiêu dùng,Bán lẻ,Bán lẻ,Bán lẻ phức hợp
CMW,Công ty Cổ phần Cấp nước Cà Mau,Tiện ích Cộng đồng,"Điện, nước & xăng dầu khí đốt",Nước & Khí đốt,Nước
CMX,Công ty Cổ phần CAMIMEX Group,Hàng Tiêu dùng,Thực phẩm và đồ uống,Sản xuất thực phẩm,Nuôi trồng nông & hải sản
CNA,Công ty Cổ phần Tổng công ty Chè Nghệ An,Hàng Tiêu dùng,Thực phẩm và đồ uống,Sản xuất thực phẩm,Nuôi trồng nông & hải sản
CNC,Công ty Cổ phần Công nghệ cao Traphaco,Dược phẩm và Y tế,Y tế,Dược phẩm,Dược phẩm
CNG,Công ty Cổ phần CNG Việt Nam,Tiện ích Cộng đồng,"Điện, nước & xăng dầu khí đốt",Nước & Khí đốt,Phân phối xăng dầu & khí đốt
CNN,"Công ty Cổ phần Tư vấn Công nghệ, Thiết bị và Kiểm định Xây dựng - CONINCO",Công nghiệp,Xây dựng và Vật liệu,Xây dựng và Vật liệu,Xây dựng
CNT,Công ty Cổ phần Tập đoàn CNT,Tài chính,Bất động sản,Bất động sản,Bất động sản
CNX,Công ty Cổ Phần Công Nghệ Và Tư Vấn Cic,Công nghệ Thông tin,Công nghệ Thông tin,Phần mềm & Dịch vụ Máy tính,Phần mềm
COM,Công ty Cổ phần Vật tư - Xăng dầu,Dịch vụ Tiêu dùng,Bán lẻ,Bán lẻ,Phân phối hàng chuyên dụng
CPA,Công ty Cổ phần Cà phê Phước An,Hàng Tiêu dùng,Thực phẩm và đồ uống,Bia và đồ uống,Đồ uống & giải khát
CPC,Công ty Cổ phần Thuốc sát trùng Cần Thơ,Nguyên vật liệu,Hóa chất,Hóa chất,"Sản phẩm hóa dầu, Nông dược & Hóa chất khác"
CPH,Công ty Cổ phần Phục vụ Mai táng Hải Phòng,Dịch vụ Tiêu dùng,Bán lẻ,Bán lẻ,Dịch vụ tiêu dùng chuyên ngành
CPI,Công ty Cổ phần Đầu tư Cảng Cái Lân,Công nghiệp,Hàng & Dịch vụ Công nghiệp,Vận tải,"Kho bãi, hậu cần và bảo dưỡng"
CQN,Công ty Cổ phần Cảng Quảng Ninh,Công nghiệp,Hàng & Dịch vụ Công nghiệp,Vận tải,"Kho bãi, hậu cần và bảo dưỡng"
CQT,Công ty Cổ phần Xi măng Quán Triều VVMI,Công nghiệp,Xây dựng và Vật liệu,Xây dựng và Vật liệu,Vật liệu xây dựng & Nội thất
CRC,Công ty Cổ phần Create Capital Việt Nam,Công nghiệp,Xây dựng và Vật liệu,Xây dựng và Vật liệu,Vật liệu xây dựng & Nội thất
CRE,Công ty Cổ phần Bất động sản Thế Kỷ,Tài chính,Bất động sản,Bất động sản,Bất động sản
CRV,Công ty Cổ phần Tập đoàn Bất động sản CRV,Tài chính,Bất động sản,Bất động sản,Bất động sản
CSC,Công ty Cổ phần Tập đoàn COTANA,Công nghiệp,Xây dựng và Vật liệu,Xây dựng và Vật liệu,Xây dựng
CSI,Công ty Cổ phần Chứng khoán Kiến thiết Việt Nam,Tài chính,Dịch vụ tài chính,Dịch vụ tài chính,Môi giới chứng khoán
CSM,Công ty Cổ phần Công nghiệp Cao su Miền Nam,Hàng Tiêu dùng,Ô tô và phụ tùng,Ô tô và phụ tùng,Lốp xe
CST,Công ty Cổ phần Than Cao Sơn - TKV,Nguyên vật liệu,Tài nguyên Cơ bản,Khai khoáng,Khai thác Than
CSV,Công ty Cổ phần Hóa chất Cơ bản miền Nam,Nguyên vật liệu,Hóa chất,Hóa chất,"Sản phẩm hóa dầu, Nông dược & Hóa chất khác"
CT3,Công ty Cổ phần Đầu tư và Xây dựng công trình 3,Công nghiệp,Xây dựng và Vật liệu,Xây dựng và Vật liệu,Xây dựng
CT6,Công ty Cổ phần Công trình 6,Công nghiệp,Xây dựng và Vật liệu,Xây dựng và Vật liệu,Xây dựng
CTA,Công ty Cổ phần Vinavico,Công nghiệp,Xây dựng và Vật liệu,Xây dựng và Vật liệu,Xây dựng
CTB,Công ty Cổ phần Chế tạo Bơm Hải Dương,Công nghiệp,Hàng & Dịch vụ Công nghiệp,Công nghiệp nặng,Máy công nghiệp
CTC,Công ty Cổ phần Tập đoàn Hoàng Kim Tây Nguyên,Dịch vụ Tiêu dùng,Du lịch và Giải trí,Du lịch & Giải trí,Vận tải hành khách & Du lịch
CTD,Công ty Cổ phần Xây dựng Coteccons,Công nghiệp,Xây dựng và Vật liệu,Xây dựng và Vật liệu,Xây dựng
CTF,Công ty Cổ phần City Auto,Hàng Tiêu dùng,Ô tô và phụ tùng,Ô tô và phụ tùng,Sản xuất ô tô
CTG,Ngân hàng Thương mại Cổ phần Công thương Việt Nam,Ngân hàng,Ngân hàng,Ngân hàng,Ngân hàng
CTI,Công ty Cổ phần Đầu tư Phát triển Cường Thuận IDICO,Công nghiệp,Xây dựng và Vật liệu,Xây dựng và Vật liệu,Xây dựng
CTN,Công ty Cổ phần Xây dựng Công trình ngầm,Công nghiệp,Xây dựng và Vật liệu,Xây dựng và Vật liệu,Xây dựng
CTP,Công ty Cổ phần Tập đoàn CTP Group,Hàng Tiêu dùng,Thực phẩm và đồ uống,Bia và đồ uống,Đồ uống & giải khát
CTR,Tổng Công ty Cổ phần Công trình Viettel,Công nghiệp,Xây dựng và Vật liệu,Xây dựng và Vật liệu,Xây dựng
CTS,Công ty Cổ phần Chứng khoán Vietinbank,Tài chính,Dịch vụ tài chính,Dịch vụ tài chính,Môi giới chứng khoán
CTT,Công ty Cổ phần Chế tạo máy - Vinacomin,Công nghiệp,Hàng & Dịch vụ Công nghiệp,Công nghiệp nặng,Máy công nghiệp
CTW,Công ty Cổ phần Cấp thoát nước Cần Thơ,Tiện ích Cộng đồng,"Điện, nước & xăng dầu khí đốt",Nước & Khí đốt,Nước
CTX,Tổng Công ty Cổ phần Đầu tư Xây dựng và Thương mại Việt Nam,Công nghiệp,Xây dựng và Vật liệu,Xây dựng và Vật liệu,Xây dựng
CVH,"Công ty Cổ phần Công Viên, Cây Xanh Hải Phòng",Tiện ích Cộng đồng,"Điện, nước & xăng dầu khí đốt",Nước & Khí đốt,Tiện ích khác
CVN,Công ty Cổ phần Vinam,Dược phẩm và Y tế,Y tế,Thiết bị và Dịch vụ Y tế,Thiết bị y tế
CVP,Công ty cổ phần Cảng Cửa Việt,Công nghiệp,Hàng & Dịch vụ Công nghiệp,Vận tải,"Kho bãi, hậu cần và bảo dưỡng"
CVT,Công ty Cổ phần CMC,Công nghiệp,Xây dựng và Vật liệu,Xây dựng và Vật liệu,Vật liệu xây dựng & Nội thất
CX8,Công ty Cổ phần Đầu tư và Xây lắp Constrexim số 8,Công nghiệp,Xây dựng và Vật liệu,Xây dựng và Vật liệu,Xây dựng
CYC,Công ty Cổ phần Gạch men Chang Yih,Công nghiệp,Xây dựng và Vật liệu,Xây dựng và Vật liệu,Vật liệu xây dựng & Nội thất
D11,Công ty Cổ phần Địa ốc 11,Tài chính,Bất động sản,Bất động sản,Bất động sản
D17,Công ty Cổ Phần Đồng Tân,Nguyên vật liệu,Tài nguyên Cơ bản,Khai khoáng,Khai khoáng
D2D,Công ty Cổ phần Phát triển Đô thị Công nghiệp số 2,Tài chính,Bất động sản,Bất động sản,Bất động sản
DAC,Công ty Cổ phần 382 Đông Anh,Công nghiệp,Xây dựng và Vật liệu,Xây dựng và Vật liệu,Vật liệu xây dựng & Nội thất
DAD,Công ty Cổ phần Đầu tư và Phát triển Giáo dục Đà Nẵng,Dịch vụ Tiêu dùng,Truyền thông,Truyền thông,"Sách, ấn bản & sản phẩm văn hóa"
DAE,Công ty Cổ phần Sách Giáo dục tại Thành phố Đà Nẵng,Dịch vụ Tiêu dùng,Truyền thông,Truyền thông,"Sách, ấn bản & sản phẩm văn hóa"
DAG,Công ty Cổ phần Tập đoàn Nhựa Đông Á,Nguyên vật liệu,Hóa chất,Hóa chất,"Nhựa, cao su & sợi"
DAH,Công ty Cổ phần Tập đoàn Khách sạn Đông Á,Dịch vụ Tiêu dùng,Du lịch và Giải trí,Du lịch & Giải trí,Khách sạn
DAL,Công ty Cổ Phần Thương Mại Dịch Vụ Phát Triển Đông Á,Công nghiệp,Xây dựng và Vật liệu,Xây dựng và Vật liệu,Vật liệu xây dựng & Nội thất
DAN,Công ty Cổ phần Dược Danapha,Dược phẩm và Y tế,Y tế,Dược phẩm,Dược phẩm
DAP,Công ty Cổ phần Đông Á,Công nghiệp,Hàng & Dịch vụ Công nghiệp,Hàng công nghiệp,Containers & Đóng gói
DAR,Công ty Cổ phần Xe lửa Dĩ An,Dịch vụ Tiêu dùng,Du lịch và Giải trí,Du lịch & Giải trí,Vận tải hành khách & Du lịch
DAS,Công ty Cổ phần Máy - Thiết bị Dầu khí Đà Nẵng,Hàng Tiêu dùng,Ô tô và phụ tùng,Ô tô và phụ tùng,Sản xuất ô tô
DAT,Công ty Cổ phần Đầu tư Du lịch và Phát triển Thủy sản,Hàng Tiêu dùng,Thực phẩm và đồ uống,Sản xuất thực phẩm,Nuôi trồng nông & hải sản
DBC,Công ty Cổ phần Tập đoàn Dabaco Việt Nam,Hàng Tiêu dùng,Thực phẩm và đồ uống,Sản xuất thực phẩm,Nuôi trồng nông & hải sản
DBD,Công ty Cổ phần Dược - Trang thiết bị y tế Bình Định (BIDIPHAR),Dược phẩm và Y tế,Y tế,Dược phẩm,Dược phẩm
DBH,Công ty Cổ phần Đường bộ Hải Phòng,Dịch vụ Tiêu dùng,Du lịch và Giải trí,Du lịch & Giải trí,Vận tải hành khách & Du lịch
DBM,Công ty Cổ phần Dược - Vật tư Y tế Đắk Lắk,Dược phẩm và Y tế,Y tế,Dược phẩm,Dược phẩm
DBT,Công ty Cổ phần Dược phẩm Bến Tre,Dược phẩm và Y tế,Y tế,Dược phẩm,Dược phẩm
DBV,Công ty Cổ phần Quản lý và Sửa chữa đường bộ Vĩnh Phúc,Công nghiệp,Xây dựng và Vật liệu,Xây dựng và Vật liệu,Xây dựng
DBW,Công ty Cổ phần Cấp nước Điện Biên,Tiện ích Cộng đồng,"Điện, nước & xăng dầu khí đốt",Nước & Khí đốt,Nước
DC1,Công ty Cổ phần Đầu tư Phát triển Xây dựng số 1,Công nghiệp,Xây dựng và Vật liệu,Xây dựng và Vật liệu,Xây dựng
DC2,Công ty Cổ phần Đầu tư Phát triển - Xây dựng (DIC) số 2,Công nghiệp,Xây dựng và Vật liệu,Xây dựng và Vật liệu,Xây dựng
DC4,Công ty Cổ phần Dicera Holdings,Công nghiệp,Xây dựng và Vật liệu,Xây dựng và Vật liệu,Xây dựng
DCDE,Quỹ Đầu tư Cổ phiếu Tập trung Cổ tức DC,Tài chính,Dịch vụ tài chính,Quỹ đầu tư,Quỹ đầu tư
DCDS,Quỹ Đầu tư Chứng Khoán Năng động DC,Tài chính,Dịch vụ tài chính,Quỹ đầu tư,Quỹ đầu tư
DCF,Công ty Cổ phần Xây dựng và Thiết kế số 1,Công nghiệp,Xây dựng và Vật liệu,Xây dựng và Vật liệu,Xây dựng
DCG,Công ty Cổ phần Tổng Công ty May Đáp Cầu,Hàng Tiêu dùng,Hàng cá nhân & Gia dụng,Hàng cá nhân,Hàng May mặc
DCH,Công ty Cổ phần Địa chính Hà Nội,Tài chính,Bất động sản,Bất động sản,"Tư Vấn, Định giá, Môi giới Bất động sản"
DCIP,Quỹ Đầu tư Trái phiếu gia tăng thu nhập cố định DC,Tài chính,Dịch vụ tài chính,Quỹ đầu tư,Quỹ đầu tư
DCL,Công ty Cổ phần Dược phẩm Cửu Long,Dược phẩm và Y tế,Y tế,Dược phẩm,Dược phẩm
DCM,Công ty Cổ phần - Tổng Công ty Phân bón Dầu Khí Cà Mau,Nguyên vật liệu,Hóa chất,Hóa chất,"Sản phẩm hóa dầu, Nông dược & Hóa chất khác"
DCR,Công ty Cổ phần Gạch men COSEVCO,Công nghiệp,Xây dựng và Vật liệu,Xây dựng và Vật liệu,Vật liệu xây dựng & Nội thất
DCS,Công ty Cổ phần Tập đoàn EDX,Hàng Tiêu dùng,Hàng cá nhân & Gia dụng,Hàng gia dụng,Thiết bị gia dụng
DCT,Công ty Cổ phần Tấm lợp Vật liệu Xây dựng Đồng Nai,Công nghiệp,Xây dựng và Vật liệu,Xây dựng và Vật liệu,Vật liệu xây dựng & Nội thất
DCV,Công ty Cổ phần Quản Lý Quỹ đầu tư Dragon Capital Việt Nam,Tài chính,Dịch vụ tài chính,Dịch vụ tài chính,Quản lý tài sản
DDB,Công ty Cổ Phần Thương Mại Và Xây Dựng Đông Dương,Công nghiệp,Xây dựng và Vật liệu,Xây dựng và Vật liệu,Vật liệu xây dựng & Nội thất
DDG,Công ty Cổ phần Đầu tư Công nghiệp Xuất nhập khẩu Đông Dương,Tiện ích Cộng đồng,"Điện, nước & xăng dầu khí đốt",Nước & Khí đốt,Phân phối xăng dầu & khí đốt
DDH,Công ty Cổ phần Đảm bảo giao thông đường thủy Hải Phòng,Công nghiệp,Hàng & Dịch vụ Công nghiệp,Vận tải,"Kho bãi, hậu cần và bảo dưỡng"
DDM,Công ty Cổ phần Hàng hải Đông Đô,Công nghiệp,Hàng & Dịch vụ Công nghiệp,Vận tải,Vận tải Thủy
DDN,Công ty Cổ phần Dược - Thiết bị y tế Đà Nẵng,Dược phẩm và Y tế,Y tế,Dược phẩm,Dược phẩm
DDV,Công ty Cổ phần DAP - Vinachem,Nguyên vật liệu,Hóa chất,Hóa chất,"Sản phẩm hóa dầu, Nông dược & Hóa chất khác"
DFC,Công ty Cổ phần Xích líp Đông Anh,Nguyên vật liệu,Tài nguyên Cơ bản,Kim loại,Thép và sản phẩm thép
DFF,Công ty Cổ phần Tập đoàn Đua Fat,Công nghiệp,Xây dựng và Vật liệu,Xây dựng và Vật liệu,Xây dựng
DFVN-CAF,Quỹ Đầu tư Tăng trưởng DFVN,Tài chính,Dịch vụ tài chính,Quỹ đầu tư,Quỹ đầu tư
DFVN-FIX,Quỹ Đầu tư Trái phiếu DFVN,Tài chính,Dịch vụ tài chính,Quỹ đầu tư,Quỹ đầu tư
DGC,Công ty Cổ phần Tập đoàn Hóa chất Đức Giang,Nguyên vật liệu,Hóa chất,Hóa chất,"Sản phẩm hóa dầu, Nông dược & Hóa chất khác"
DGT,Công ty Cổ phần Công trình Giao thông Đồng Nai,Công nghiệp,Xây dựng và Vật liệu,Xây dựng và Vật liệu,Vật liệu xây dựng & Nội thất
DGW,Công ty Cổ phần Thế Giới Số,Dịch vụ Tiêu dùng,Bán lẻ,Bán lẻ,Phân phối hàng chuyên dụng
DHA,Công ty Cổ phần Hóa An,Công nghiệp,Xây dựng và Vật liệu,Xây dựng và Vật liệu,Vật liệu xây dựng & Nội thất
DHB,Công ty Cổ phần Phân đạm và Hóa chất Hà Bắc,Nguyên vật liệu,Hóa chất,Hóa chất,"Sản phẩm hóa dầu, Nông dược & Hóa chất khác"
DHC,Công ty Cổ phần Đông Hải Bến Tre,Nguyên vật liệu,Tài nguyên Cơ bản,Lâm nghiệp và Giấy,Sản xuất giấy
DHD,Công ty Cổ phần Dược Vật Tư Y Tế Hải Dương,Dược phẩm và Y tế,Y tế,Dược phẩm,Dược phẩm
DHG,Công ty Cổ phần Dược Hậu Giang,Dược phẩm và Y tế,Y tế,Dược phẩm,Dược phẩm
DHM,Công ty Cổ phần Đầu tư và Thương mại DHM,Nguyên vật liệu,Tài nguyên Cơ bản,Khai khoáng,Khai khoáng
DHN,Công ty Cổ phần Dược phẩm Hà Nội,Dược phẩm và Y tế,Y tế,Dược phẩm,Dược phẩm
DHP,Công ty Cổ phần Điện cơ Hải Phòng,Công nghiệp,Hàng & Dịch vụ Công nghiệp,Điện tử & Thiết bị điện,Thiết bị điện
DHQ,Công ty Cổ phần Duyên hải Quảng Ninh,Dịch vụ Tiêu dùng,Du lịch và Giải trí,Du lịch & Giải trí,Khách sạn
DHT,Công ty Cổ phần Dược phẩm Hà Tây,Dược phẩm và Y tế,Y tế,Dược phẩm,Dược phẩm
DIC,Công ty Cổ phần Đầu tư và Thương mại DIC,Công nghiệp,Xây dựng và Vật liệu,Xây dựng và Vật liệu,Vật liệu xây dựng & Nội thất
DID,Công ty Cổ phần DIC - Đồng Tiến,Công nghiệp,Xây dựng và Vật liệu,Xây dựng và Vật liệu,Vật liệu xây dựng & Nội thất
DIG,Tổng Công ty Cổ phần Đầu tư Phát triển Xây dựng,Tài chính,Bất động sản,Bất động sản,Bất động sản
DIH,Công ty Cổ phần Đầu tư Phát triển Xây dựng - Hội An,Công nghiệp,Xây dựng và Vật liệu,Xây dựng và Vật liệu,Xây dựng
DKC,Công ty Cổ phần Chợ Lạng Sơn,Dịch vụ Tiêu dùng,Bán lẻ,Bán lẻ,Bán lẻ phức hợp
DKG,Công ty Cổ Phần Tập đoàn DamiK,Công nghiệp,Xây dựng và Vật liệu,Xây dựng và Vật liệu,Vật liệu xây dựng & Nội thất
DKP,Công ty Cổ phần Dược Khoa,Dược phẩm và Y tế,Y tế,Dược phẩm,Dược phẩm
DKW,Công ty Cổ phần Cấp nước sinh hoạt Châu Thành,Tiện ích Cộng đồng,"Điện, nước & xăng dầu khí đốt",Nước & Khí đốt,Nước
DL1,Công ty Cổ phần Tập đoàn Alpha Seven,Công nghiệp,Hàng & Dịch vụ Công nghiệp,Vận tải,"Kho bãi, hậu cần và bảo dưỡng"
DLA,Công ty Cổ phần Đồng Tâm,Công nghiệp,Xây dựng và Vật liệu,Xây dựng và Vật liệu,Vật liệu xây dựng & Nội thất
DLD,Công ty Cổ phần Du lịch Đắk Lắk,Dịch vụ Tiêu dùng,Du lịch và Giải trí,Du lịch & Giải trí,Khách sạn
DLG,Công ty Cổ phần Tập đoàn Đức Long Gia Lai,Công nghiệp,Xây dựng và Vật liệu,Xây dựng và Vật liệu,Xây dựng
DLH,Công ty CP Du Lịch Thanh Hóa,Dịch vụ Tiêu dùng,Du lịch và Giải trí,Du lịch & Giải trí,Vận tải hành khách & Du lịch
DLM,Công ty Cổ phần Chiếu sáng công cộng Đà Nẵng,Tiện ích Cộng đồng,"Điện, nước & xăng dầu khí đốt",Nước & Khí đốt,Tiện ích khác
DLR,Công ty Cổ phần Địa ốc Đà Lạt,Công nghiệp,Xây dựng và Vật liệu,Xây dựng và Vật liệu,Xây dựng
DLT,Công ty Cổ phần Du lịch và Thương mại - Vinacomin,Dịch vụ Tiêu dùng,Du lịch và Giải trí,Du lịch & Giải trí,Vận tải hành khách & Du lịch
DM7,Công ty Cổ phần Dệt may 7,Hàng Tiêu dùng,Hàng cá nhân & Gia dụng,Hàng cá nhân,Hàng May mặc
DMC,Công ty Cổ phần Xuất nhập khẩu Y tế DOMESCO,Dược phẩm và Y tế,Y tế,Dược phẩm,Dược phẩm
DMH,Công ty Cổ phần Dược Minh Hải,Dược phẩm và Y tế,Y tế,Dược phẩm,Dược phẩm
DMN,Công ty Cổ phần Domenal,Hàng Tiêu dùng,Thực phẩm và đồ uống,Sản xuất thực phẩm,Nuôi trồng nông & hải sản
DMS,Công ty Cổ phần Hóa phẩm dầu khí DMC - Miền Nam,Tiện ích Cộng đồng,"Điện, nước & xăng dầu khí đốt",Nước & Khí đốt,Phân phối xăng dầu & khí đốt
DMX,Công ty Cổ phần Đầu tư Điện máy Xanh,Dịch vụ Tiêu dùng,Bán lẻ,Bán lẻ,Bán lẻ phức hợp
DNA,Công ty Cổ phần Điện nước An Giang,Tiện ích Cộng đồng,"Điện, nước & xăng dầu khí đốt",Nước & Khí đốt,Nước
DNB,Công ty Cổ phần Sách và Thiết bị trường học Đắk Nông,Dịch vụ Tiêu dùng,Truyền thông,Truyền thông,"Sách, ấn bản & sản phẩm văn hóa"
DNC,Công ty Cổ phần Điện nước Lắp máy Hải Phòng,Tiện ích Cộng đồng,"Điện, nước & xăng dầu khí đốt",Sản xuất & Phân phối Điện,Sản xuất & Phân phối Điện
DND,Công ty Cổ phần Đầu tư Xây dựng và Vật liệu Đồng Nai,Công nghiệp,Xây dựng và Vật liệu,Xây dựng và Vật liệu,Vật liệu xây dựng & Nội thất
DNE,Công ty Cổ phần Môi trường Đô thị Đà Nẵng,Công nghiệp,Hàng & Dịch vụ Công nghiệp,Tư vấn & Hỗ trợ Kinh doanh,Chất thải & Môi trường
DNH,Công ty Cổ phần Thủy điện Đa Nhim - Hàm Thuận - Đa Mi,Tiện ích Cộng đồng,"Điện, nước & xăng dầu khí đốt",Sản xuất & Phân phối Điện,Sản xuất & Phân phối Điện
DNL,Công ty Cổ phần Logistics Cảng Đà Nẵng,Công nghiệp,Hàng & Dịch vụ Công nghiệp,Vận tải,"Kho bãi, hậu cần và bảo dưỡng"
DNM,Tổng Công ty Cổ phần Y tế Danameco,Dược phẩm và Y tế,Y tế,Thiết bị và Dịch vụ Y tế,Dụng cụ y tế
DNN,Công ty Cổ phần Cấp nước Đà Nẵng,Tiện ích Cộng đồng,"Điện, nước & xăng dầu khí đốt",Nước & Khí đốt,Nước
DNP,Công ty Cổ phần DNP Holding,Công nghiệp,Xây dựng và Vật liệu,Xây dựng và Vật liệu,Vật liệu xây dựng & Nội thất
DNR,Công ty Cổ phần Đường sắt Quảng Nam - Đà Nẵng,Công nghiệp,Hàng & Dịch vụ Công nghiệp,Vận tải,Đường sắt
DNS,Công ty Cổ phần Thép Đà Nẵng,Nguyên vật liệu,Tài nguyên Cơ bản,Kim loại,Thép và sản phẩm thép
DNT,Công ty Cổ phần Du lịch Đồng Nai,Dịch vụ Tiêu dùng,Du lịch và Giải trí,Du lịch & Giải trí,Dịch vụ giải trí
DNW,Công ty Cổ phần Cấp nước Đồng Nai,Tiện ích Cộng đồng,"Điện, nước & xăng dầu khí đốt",Nước & Khí đốt,Nước
DO3,Công ty Cổ phần Xây dựng và Kinh doanh Địa ốc III,Tài chính,Bất động sản,Bất động sản,Bất động sản
DOC,Công ty Cổ phần Vật tư nông nghiệp Đồng Nai,Nguyên vật liệu,Hóa chất,Hóa chất,"Sản phẩm hóa dầu, Nông dược & Hóa chất khác"
DOP,Công ty Cổ phần Vận tải Xăng dầu Đồng Tháp,Công nghiệp,Hàng & Dịch vụ Công nghiệp,Vận tải,Dịch vụ vận tải
DP1,Công ty Cổ phần Dược phẩm Trung ương CPC1,Dược phẩm và Y tế,Y tế,Dược phẩm,Dược phẩm
DP2,Công ty Cổ phần Dược phẩm Trung ương 2,Dược phẩm và Y tế,Y tế,Dược phẩm,Dược phẩm
DP3,Công ty Cổ Phần Dược Phẩm Trung Ương 3,Dược phẩm và Y tế,Y tế,Dược phẩm,Dược phẩm
DPC,Công ty Cổ phần Nhựa Đà Nẵng,Công nghiệp,Hàng & Dịch vụ Công nghiệp,Hàng công nghiệp,Containers & Đóng gói
DPG,Công ty Cổ phần Tập đoàn Đạt Phương,Công nghiệp,Xây dựng và Vật liệu,Xây dựng và Vật liệu,Xây dựng
DPH,Công ty Cổ phần Dược phẩm Hải Phòng,Dược phẩm và Y tế,Y tế,Dược phẩm,Dược phẩm
DPM,Tổng Công ty Phân bón và Hóa chất Dầu khí - Công ty Cổ phần,Nguyên vật liệu,Hóa chất,Hóa chất,"Sản phẩm hóa dầu, Nông dược & Hóa chất khác"
DPP,Công ty Cổ phần Dược Đồng Nai,Dược phẩm và Y tế,Y tế,Dược phẩm,Dược phẩm
DPR,Công ty Cổ phần Cao su Đồng Phú,Nguyên vật liệu,Hóa chất,Hóa chất,"Nhựa, cao su & sợi"
DPS,Công ty Cổ phần Đầu tư Phát triển Sóc Sơn,Nguyên vật liệu,Tài nguyên Cơ bản,Kim loại,Thép và sản phẩm thép
DQC,Công ty Cổ phần Tập đoàn Điện Quang,Hàng Tiêu dùng,Hàng cá nhân & Gia dụng,Hàng gia dụng,Thiết bị gia dụng
DRC,Công ty Cổ phần Cao su Đà Nẵng,Hàng Tiêu dùng,Ô tô và phụ tùng,Ô tô và phụ tùng,Lốp xe
DRG,Công ty Cổ phần Cao su Đắk Lắk,Nguyên vật liệu,Hóa chất,Hóa chất,"Nhựa, cao su & sợi"
DRH,Công ty Cổ phần DRH Holdings,Tài chính,Bất động sản,Bất động sản,Bất động sản
DRI,Công ty Cổ phần Đầu tư Cao su Đắk Lắk,Nguyên vật liệu,Hóa chất,Hóa chất,"Nhựa, cao su & sợi"
DRL,Công ty Cổ phần Thủy điện - Điện lực 3,Tiện ích Cộng đồng,"Điện, nước & xăng dầu khí đốt",Sản xuất & Phân phối Điện,Sản xuất & Phân phối Điện
DS3,Công ty Cổ phần DS3,Công nghiệp,Hàng & Dịch vụ Công nghiệp,Vận tải,"Kho bãi, hậu cần và bảo dưỡng"
DSC,Công ty Cổ phần Chứng khoán DSC,Tài chính,Dịch vụ tài chính,Dịch vụ tài chính,Môi giới chứng khoán
DSD,Công ty cổ phần DHC Suối Đôi,Dịch vụ Tiêu dùng,Du lịch và Giải trí,Du lịch & Giải trí,Dịch vụ giải trí
DSE,Công ty Cổ phần Chứng khoán DNSE,Tài chính,Dịch vụ tài chính,Dịch vụ tài chính,Môi giới chứng khoán
DSG,Công ty Cổ phần Kính Đáp Cầu,Công nghiệp,Xây dựng và Vật liệu,Xây dựng và Vật liệu,Vật liệu xây dựng & Nội thất
DSH,Công ty Cổ phần Đông Sơn Holdings,Công nghiệp,Xây dựng và Vật liệu,Xây dựng và Vật liệu,Xây dựng
DSN,Công ty Cổ phần Công viên nước Đầm Sen,Dịch vụ Tiêu dùng,Du lịch và Giải trí,Du lịch & Giải trí,Dịch vụ giải trí
DSP,Công ty Cổ phần Dịch vụ Du lịch Phú Thọ,Dịch vụ Tiêu dùng,Du lịch và Giải trí,Du lịch & Giải trí,Vận tải hành khách & Du lịch
DSS,Công ty Cổ phần Đường sắt Sài Gòn,Công nghiệp,Xây dựng và Vật liệu,Xây dựng và Vật liệu,Xây dựng
DST,Công ty Cổ phần Đầu tư Sao Thăng Long,Dịch vụ Tiêu dùng,Truyền thông,Truyền thông,"Sách, ấn bản & sản phẩm văn hóa"
DSV,Công ty Cổ phần Đường sắt Vĩnh Phú,Công nghiệp,Hàng & Dịch vụ Công nghiệp,Vận tải,Đường sắt
DT4,Công ty Cổ phần Quản lý Đường sông số 4,Công nghiệp,Hàng & Dịch vụ Công nghiệp,Vận tải,"Kho bãi, hậu cần và bảo dưỡng"
DTA,Công ty Cổ phần Đệ Tam,Tài chính,Bất động sản,Bất động sản,Bất động sản
DTB,Công ty Cổ phần Công trình Đô thị Bảo Lộc,Công nghiệp,Hàng & Dịch vụ Công nghiệp,Tư vấn & Hỗ trợ Kinh doanh,Chất thải & Môi trường
DTC,Công ty Cổ phần Viglacera Đông Triều,Công nghiệp,Xây dựng và Vật liệu,Xây dựng và Vật liệu,Vật liệu xây dựng & Nội thất
DTD,Công ty Cổ phần Đầu tư Phát triển Thành Đạt,Tài chính,Bất động sản,Bất động sản,Bất động sản
DTE,Công ty Cổ phần Đầu tư Năng lượng Đại Trường Thành Holdings,Tiện ích Cộng đồng,"Điện, nước & xăng dầu khí đốt",Sản xuất & Phân phối Điện,Sản xuất & Phân phối Điện
DTG,Công ty Cổ phần Dược phẩm Tipharco,Dược phẩm và Y tế,Y tế,Dược phẩm,Dược phẩm
DTH,Công ty Cổ phần Dược - Vật tư Y tế Thanh Hóa,Dược phẩm và Y tế,Y tế,Thiết bị và Dịch vụ Y tế,Thiết bị y tế
DTI,Công ty Cổ phần Đầu tư Đức Trung,Dịch vụ Tiêu dùng,Du lịch và Giải trí,Du lịch & Giải trí,Khách sạn
DTJ,Công ty Cổ phần Đầu tư Xây dựng Viễn thông Đồng Tháp,Công nghiệp,Xây dựng và Vật liệu,Xây dựng và Vật liệu,Xây dựng
DTK,Tổng Công ty Điện lực TKV - Công ty Cổ phần,Tiện ích Cộng đồng,"Điện, nước & xăng dầu khí đốt",Sản xuất & Phân phối Điện,Sản xuất & Phân phối Điện
DTL,Công ty Cổ phần Đại Thiên Lộc,Nguyên vật liệu,Tài nguyên Cơ bản,Kim loại,Thép và sản phẩm thép
DTN,Công ty Cổ phần Diêm Thống Nhất,Hàng Tiêu dùng,Hàng cá nhân & Gia dụng,Hàng cá nhân,Hàng cá nhân
DTP,Công ty Cổ phần Dược phẩm CPC1 Hà Nội,Dược phẩm và Y tế,Y tế,Dược phẩm,Dược phẩm
DTR,Công ty Cổ Phần Đông Tây Land,Tài chính,Bất động sản,Bất động sản,Bất động sản
DTT,Công ty Cổ phần Kỹ nghệ Đô Thành,Nguyên vật liệu,Hóa chất,Hóa chất,"Nhựa, cao su & sợi"
DTV,Công ty Cổ phần Phát triển điện Trà Vinh,Tiện ích Cộng đồng,"Điện, nước & xăng dầu khí đốt",Sản xuất & Phân phối Điện,Sản xuất & Phân phối Điện
DUS,Công ty Cổ phần Dịch vụ Đô thị Đà Lạt,Công nghiệp,Hàng & Dịch vụ Công nghiệp,Tư vấn & Hỗ trợ Kinh doanh,Chất thải & Môi trường
DVC,Công ty Cổ phần Thương mại dịch vụ Tổng Hợp Cảng Hải Phòng,Tiện ích Cộng đồng,"Điện, nước & xăng dầu khí đốt",Nước & Khí đốt,Phân phối xăng dầu & khí đốt
DVG,Công ty Cổ phần Đại Việt Group DVG,Công nghiệp,Xây dựng và Vật liệu,Xây dựng và Vật liệu,Vật liệu xây dựng & Nội thất
DVM,Công ty Cổ phần Dược liệu Việt Nam,Dược phẩm và Y tế,Y tế,Dược phẩm,Dược phẩm
DVN,Tổng Công ty Dược Việt Nam - CTCP,Dược phẩm và Y tế,Y tế,Dược phẩm,Dược phẩm
DVP,Công ty Cổ phần Đầu tư và Phát triển Cảng Đình Vũ,Công nghiệp,Hàng & Dịch vụ Công nghiệp,Vận tải,"Kho bãi, hậu cần và bảo dưỡng"
DVT,Công ty Cổ phần Đào tạo và Dịch vụ Giao thông vận tải Bình Định,Công nghiệp,Hàng & Dịch vụ Công nghiệp,Tư vấn & Hỗ trợ Kinh doanh,Đào tạo & Việc làm
DVW,Công ty Cổ phần Dịch vụ và Xây dựng cấp nước Đồng Nai,Công nghiệp,Xây dựng và Vật liệu,Xây dựng và Vật liệu,Xây dựng
DWC,Công ty Cổ phần Cấp nước Đắk Lắk,Tiện ích Cộng đồng,"Điện, nước & xăng dầu khí đốt",Nước & Khí đốt,Nước
DWS,Công ty Cổ phần Cấp nước và Môi trường Đô thị Đồng Tháp,Tiện ích Cộng đồng,"Điện, nước & xăng dầu khí đốt",Nước & Khí đốt,Nước
DX2,Công ty Cổ phần Đầu tư và Xây dựng 319.2,Công nghiệp,Xây dựng và Vật liệu,Xây dựng và Vật liệu,Xây dựng
DXG,Công ty Cổ phần Bluemarq Group,Tài chính,Bất động sản,Bất động sản,Bất động sản
DXL,Công ty Cổ phần Du lịch và Xuất nhập khẩu Lạng Sơn,Dịch vụ Tiêu dùng,Du lịch và Giải trí,Du lịch & Giải trí,Khách sạn
DXP,Công ty Cổ phần Cảng Đoạn Xá,Công nghiệp,Hàng & Dịch vụ Công nghiệp,Vận tải,"Kho bãi, hậu cần và bảo dưỡng"
DXS,Công ty Cổ phần Dịch vụ Bất động sản Đất Xanh,Tài chính,Bất động sản,Bất động sản,"Tư Vấn, Định giá, Môi giới Bất động sản"
DXV,Công ty Cổ phần VICEM Vật liệu Xây dựng Đà Nẵng,Công nghiệp,Xây dựng và Vật liệu,Xây dựng và Vật liệu,Vật liệu xây dựng & Nội thất
DZM,Công ty Cổ phần Cơ điện Dzĩ An,Công nghiệp,Hàng & Dịch vụ Công nghiệp,Công nghiệp nặng,Máy công nghiệp
E12,Công ty Cổ phần Xây Dựng Điện VNECO 12,Công nghiệp,Xây dựng và Vật liệu,Xây dựng và Vật liệu,Xây dựng
E1VFVN30,Quỹ ETF DCVFMVN30,Tài chính,Dịch vụ tài chính,Quỹ đầu tư,Quỹ đầu tư
E29,Công ty cổ phần Đầu tư Xây dựng và Kỹ thuật 29,Công nghiệp,Xây dựng và Vật liệu,Xây dựng và Vật liệu,Xây dựng
EAD,Công ty Cổ phần Thủy điện Điện lực Đắk Lắk,Tiện ích Cộng đồng,"Điện, nước & xăng dầu khí đốt",Sản xuất & Phân phối Điện,Sản xuất & Phân phối Điện
EBS,Công ty Cổ phần Sách Giáo dục tại Thành phố Hà Nội,Dịch vụ Tiêu dùng,Truyền thông,Truyền thông,"Sách, ấn bản & sản phẩm văn hóa"
ECI,Công ty Cổ phần Tập đoàn ECI,Dịch vụ Tiêu dùng,Truyền thông,Truyền thông,"Sách, ấn bản & sản phẩm văn hóa"
ECO,Công ty Cổ Phần Nhựa Sinh Thái Việt Nam,Nguyên vật liệu,Hóa chất,Hóa chất,"Nhựa, cao su & sợi"
EDX,Công ty Cổ phần Tập đoàn Đầu tư EDX,Dịch vụ Tiêu dùng,Bán lẻ,Bán lẻ,Bán lẻ phức hợp
EFI,Công ty Cổ phần Đầu tư Tài chính Giáo dục,Tài chính,Bất động sản,Bất động sản,Bất động sản
EGL,Công ty Cổ phần Môi Trường Đô Thị Gia Lâm,Công nghiệp,Hàng & Dịch vụ Công nghiệp,Tư vấn & Hỗ trợ Kinh doanh,Chất thải & Môi trường
EIB,Ngân hàng Thương mại Cổ phần Xuất nhập khẩu Việt Nam,Ngân hàng,Ngân hàng,Ngân hàng,Ngân hàng
EIC,Công ty Cổ phần EVN Quốc Tế,Công nghiệp,Xây dựng và Vật liệu,Xây dựng và Vật liệu,Xây dựng
EID,Công ty Cổ phần Đầu tư và Phát triển Giáo dục Hà Nội,Dịch vụ Tiêu dùng,Truyền thông,Truyền thông,"Sách, ấn bản & sản phẩm văn hóa"
EIN,Công ty Cổ phần Đầu tư - Thương Mại - Dịch vụ Điện lực,Dịch vụ Tiêu dùng,Du lịch và Giải trí,Du lịch & Giải trí,Khách sạn
ELC,Công ty Cổ phần Công nghệ - Viễn thông ELCOM,Công nghệ Thông tin,Công nghệ Thông tin,Thiết bị và Phần cứng,Thiết bị viễn thông
EMC,Công ty Cổ phần Cơ điện Thủ Đức,Công nghiệp,Hàng & Dịch vụ Công nghiệp,Điện tử & Thiết bị điện,Thiết bị điện
EME,Công ty Cổ phần Điện Cơ,Công nghiệp,Hàng & Dịch vụ Công nghiệp,Điện tử & Thiết bị điện,Thiết bị điện
EMG,Công ty Cổ phần Thiết bị Phụ tùng Cơ điện,Công nghiệp,Hàng & Dịch vụ Công nghiệp,Điện tử & Thiết bị điện,Thiết bị điện
EMS,Tổng Công ty Chuyển phát nhanh Bưu điện - Công ty Cổ phần,Công nghiệp,Hàng & Dịch vụ Công nghiệp,Vận tải,Chuyển phát nhanh
EPC,Công ty Cổ phần Cà Phê Ea Pốk,Hàng Tiêu dùng,Thực phẩm và đồ uống,Bia và đồ uống,Đồ uống & giải khát
EPH,Công ty Cổ phần Dịch vụ Xuất bản Giáo dục Hà Nội,Dịch vụ Tiêu dùng,Truyền thông,Truyền thông,"Sách, ấn bản & sản phẩm văn hóa"
ESL,Công ty Cổ phần Tiếp vận Đông Sài Gòn,Công nghiệp,Hàng & Dịch vụ Công nghiệp,Vận tải,"Kho bãi, hậu cần và bảo dưỡng"
ESO,Công ty Cổ phần Vĩnh Cửu,Công nghiệp,Xây dựng và Vật liệu,Xây dựng và Vật liệu,Vật liệu xây dựng & Nội thất
EVE,Công ty Cổ phần Everpia,Hàng Tiêu dùng,Hàng cá nhân & Gia dụng,Hàng cá nhân,Hàng May mặc
EVF,Công ty Tài chính Tổng hợp Cổ phần Điện Lực,Tài chính,Dịch vụ tài chính,Dịch vụ tài chính,Tài chính cá nhân
EVG,Công ty Cổ phần Tập đoàn Everland,Công nghiệp,Xây dựng và Vật liệu,Xây dựng và Vật liệu,Xây dựng
EVS,Công ty Cổ phần Chứng khoán EVS,Tài chính,Dịch vụ tài chính,Dịch vụ tài chính,Môi giới chứng khoán
F88,Công ty Cổ phần Đầu tư F88,Tài chính,Dịch vụ tài chính,Dịch vụ tài chính,Tài chính cá nhân
FBA,Công ty Cổ phần Tập đoàn Quốc tế FBA,Hàng Tiêu dùng,Hàng cá nhân & Gia dụng,Hàng gia dụng,Thiết bị gia dụng
FBC,Công ty Cổ phần Cơ khí Phổ Yên,Công nghiệp,Hàng & Dịch vụ Công nghiệp,Công nghiệp nặng,Máy công nghiệp
FBT,Công ty Cổ phần Xuất Nhập Khẩu Lâm Thủy Sản Bến Tre,Hàng Tiêu dùng,Thực phẩm và đồ uống,Sản xuất thực phẩm,Nuôi trồng nông & hải sản
FCC,Công ty Cổ phần Liên hợp Thực phẩm,Tài chính,Bất động sản,Bất động sản,Bất động sản
FCM,Công ty Cổ phần Bê tông Phan Vũ Hà Nam,Công nghiệp,Xây dựng và Vật liệu,Xây dựng và Vật liệu,Vật liệu xây dựng & Nội thất
FCN,Công ty Cổ phần FECON,Công nghiệp,Xây dựng và Vật liệu,Xây dựng và Vật liệu,Xây dựng
FCS,Công ty Cổ phần Lương thực Thành phố Hồ Chí Minh,Hàng Tiêu dùng,Thực phẩm và đồ uống,Sản xuất thực phẩm,Thực phẩm
FDC,Công ty Cổ phần Ngoại thương và Phát triển Đầu tư Thành phố Hồ Chí Minh,Tài chính,Bất động sản,Bất động sản,Bất động sản
FDG,Công ty Cổ phần Docimexco,Hàng Tiêu dùng,Thực phẩm và đồ uống,Sản xuất thực phẩm,Nuôi trồng nông & hải sản
FGL,Công ty Cổ phần Cà phê Gia Lai,Hàng Tiêu dùng,Thực phẩm và đồ uống,Bia và đồ uống,Đồ uống & giải khát
FHH,Công ty Cổ phần Đầu tư Kinh doanh Phát triển Bất động sản FLCHomes,Tài chính,Bất động sản,Bất động sản,Bất động sản
FHN,Công ty Cổ phần Xuất nhập khẩu Lương thực - Thực phẩm Hà Nội,Dịch vụ Tiêu dùng,Bán lẻ,Phân phối thực phẩm & dược phẩm,Phân phối thực phẩm
FHS,Công ty Cổ phần Phát hành sách Thành phố Hồ Chí Minh - FAHASA,Dịch vụ Tiêu dùng,Truyền thông,Truyền thông,"Sách, ấn bản & sản phẩm văn hóa"
FIC,Tổng Công ty Vật liệu Xây dựng số 1 - Công ty Cổ phần,Công nghiệp,Xây dựng và Vật liệu,Xây dựng và Vật liệu,Vật liệu xây dựng & Nội thất
FID,Công ty Cổ phần Đầu tư và Phát triển Doanh nghiệp Việt Nam,Công nghiệp,Xây dựng và Vật liệu,Xây dựng và Vật liệu,Vật liệu xây dựng & Nội thất
FIR,Công ty Cổ phần Địa ốc First Real,Tài chính,Bất động sản,Bất động sản,Bất động sản
FIT,Công ty Cổ phần Tập đoàn F.I.T,Dược phẩm và Y tế,Y tế,Dược phẩm,Dược phẩm
FLC,Công ty Cổ phần Tập đoàn FLC,Tài chính,Bất động sản,Bất động sản,Bất động sản
FMC,Công ty Cổ phần Thực phẩm Sao Ta,Hàng Tiêu dùng,Thực phẩm và đồ uống,Sản xuất thực phẩm,Nuôi trồng nông & hải sản
FOC,Công ty Cổ phần Dịch vụ Trực tuyến FPT,Dịch vụ Tiêu dùng,Truyền thông,Truyền thông,Dịch vụ truyền thông
FOX,Công ty Cổ phần Viễn thông FPT,Viễn thông,Viễn thông,Viễn thông cố định,Viễn thông cố định
FPC,Công ty Cổ phần Full Power,Công nghiệp,Xây dựng và Vật liệu,Xây dựng và Vật liệu,Xây dựng
FPT,Công ty Cổ phần FPT,Công nghệ Thông tin,Công nghệ Thông tin,Phần mềm & Dịch vụ Máy tính,Phần mềm
FRC,Công ty Cổ phần Lâm đặc sản xuất khẩu Quảng Nam,Nguyên vật liệu,Tài nguyên Cơ bản,Lâm nghiệp và Giấy,Lâm sản và Chế biến gỗ
FRM,Công ty Cổ phần Lâm nghiệp Sài Gòn,Nguyên vật liệu,Tài nguyên Cơ bản,Lâm nghiệp và Giấy,Lâm sản và Chế biến gỗ
FRT,Công ty Cổ phần Bán lẻ Kỹ thuật số FPT,Dịch vụ Tiêu dùng,Bán lẻ,Bán lẻ,Phân phối hàng chuyên dụng
FSC,Công Ty TNHH Chứng Khoán Yuanta Việt Nam,Tài chính,Dịch vụ tài chính,Dịch vụ tài chính,Môi giới chứng khoán
FSO,Công ty Cổ phần Cơ khí đóng tàu thủy sản Việt Nam,Công nghiệp,Hàng & Dịch vụ Công nghiệp,Công nghiệp nặng,Xe tải & Đóng tàu
FT1,Công ty Cổ phần Phụ tùng máy số 1,Công nghiệp,Hàng & Dịch vụ Công nghiệp,Công nghiệp nặng,Máy công nghiệp
FTI,Công ty Cổ phần Công nghiệp - Thương mại Hữu Nghị,Hàng Tiêu dùng,Ô tô và phụ tùng,Ô tô và phụ tùng,Phụ tùng ô tô
FTM,Công ty Cổ phần Đầu tư và Phát triển Đức Quân,Hàng Tiêu dùng,Hàng cá nhân & Gia dụng,Hàng cá nhân,Hàng May mặc
FTS,Công ty Cổ phần Chứng khoán FPT,Tài chính,Dịch vụ tài chính,Dịch vụ tài chính,Môi giới chứng khoán
FTV,Công ty Cổ phần Công Nghiệp Ngũ Kim Fortress Việt Nam,Nguyên vật liệu,Tài nguyên Cơ bản,Kim loại,Thép và sản phẩm thép
FUCTVGF1,Quỹ Đầu tư Tăng trưởng TVAM,Tài chính,Dịch vụ tài chính,Quỹ đầu tư,Quỹ đầu tư
FUCTVGF2,Quỹ Đầu tư Tăng trưởng Thiên Việt 2,Tài chính,Dịch vụ tài chính,Quỹ đầu tư,Quỹ đầu tư
FUCTVGF3,Quỹ Đầu tư Tăng trưởng Thiên Việt 3,Tài chính,Dịch vụ tài chính,Quỹ đầu tư,Quỹ đầu tư
FUCTVGF4,Quỹ Đầu tư Tăng trưởng Thiên Việt 4,Tài chính,Dịch vụ tài chính,Quỹ đầu tư,Quỹ đầu tư
FUCTVGF5,Quỹ Đầu tư Tăng trưởng Thiên Việt 5,Tài chính,Dịch vụ tài chính,Quỹ đầu tư,Quỹ đầu tư
FUCVREIT,Quỹ Đầu tư Bất động sản Techcom Việt Nam,Tài chính,Dịch vụ tài chính,Quỹ đầu tư,Quỹ đầu tư
FUEABVND,Quỹ ETF ABFVN DIAMOND,Tài chính,Dịch vụ tài chính,Quỹ đầu tư,Quỹ đầu tư
FUEBFVND,Quỹ ETF BVFVN DIAMOND,Tài chính,Dịch vụ tài chính,Quỹ đầu tư,Quỹ đầu tư
FUEDCMID,Quỹ ETF DCVFMVNMIDCAP,Tài chính,Dịch vụ tài chính,Quỹ đầu tư,Quỹ đầu tư
FUEFCV50,Quỹ ETF FPT CAPITAL VNX50,Tài chính,Dịch vụ tài chính,Quỹ đầu tư,Quỹ đầu tư
FUEIP100,Quỹ ETF IPA PARTNER VN100,Tài chính,Dịch vụ tài chính,Quỹ đầu tư,Quỹ đầu tư
FUEKIV30,Quỹ ETF KIM GROWTH VN30,Tài chính,Dịch vụ tài chính,Quỹ đầu tư,Quỹ đầu tư
FUEKIVFS,Quỹ ETF KIM GROWTH VNFINSELECT,Tài chính,Dịch vụ tài chính,Quỹ đầu tư,Quỹ đầu tư
FUEKIVND,Quỹ ETF KIM GROWTH VN DIAMOND,Tài chính,Dịch vụ tài chính,Quỹ đầu tư,Quỹ đầu tư
FUEMAV30,Quỹ ETF MAFM VN30,Tài chính,Dịch vụ tài chính,Quỹ đầu tư,Quỹ đầu tư
FUEMAVND,Quỹ ETF MAFM VNDIAMOND,Tài chính,Dịch vụ tài chính,Quỹ đầu tư,Quỹ đầu tư
FUEMITEC,Quỹ ETF VINACAPITAL VNMITECH,Tài chính,Dịch vụ tài chính,Quỹ đầu tư,Quỹ đầu tư
FUESSV30,Quỹ ETF SSIAM VN30,Tài chính,Dịch vụ tài chính,Quỹ đầu tư,Quỹ đầu tư
FUESSV50,Quỹ ETF SSIAM VNX50,Tài chính,Dịch vụ tài chính,Quỹ đầu tư,Quỹ đầu tư
FUESSVFL,Quỹ ETF SSIAM VNFIN LEAD,Tài chính,Dịch vụ tài chính,Quỹ đầu tư,Quỹ đầu tư
FUETCC50,Quỹ ETF TECHCOM CAPITAL VNX50,Tài chính,Dịch vụ tài chính,Quỹ đầu tư,Quỹ đầu tư
FUETPVND,Quỹ ETF VFCVN DIAMOND,Tài chính,Dịch vụ tài chính,Quỹ đầu tư,Quỹ đầu tư
FUEVFVND,Quỹ ETF DCVFMVN DIAMOND,Tài chính,Dịch vụ tài chính,Quỹ đầu tư,Quỹ đầu tư
FUEVN100,Quỹ ETF VINACAPITAL VN100,Tài chính,Dịch vụ tài chính,Quỹ đầu tư,Quỹ đầu tư
FUEVN50G,Quỹ ETF VinaCapital VN50 Growth,Tài chính,Dịch vụ tài chính,Quỹ đầu tư,Quỹ đầu tư
FVEF,Quỹ Đầu tư Cổ phiếu Giá trị Fides VN,Tài chính,Dịch vụ tài chính,Quỹ đầu tư,Quỹ đầu tư
FVN,Công ty Cổ phần Thiết kế và Công nghệ Việt Nam,Công nghiệp,Xây dựng và Vật liệu,Xây dựng và Vật liệu,Xây dựng
G20,Công ty Cổ phần Đầu tư Dệt may Vĩnh Phúc,Hàng Tiêu dùng,Hàng cá nhân & Gia dụng,Hàng cá nhân,Hàng May mặc
G30,Công ty Cổ phần Gạch ngói 30-4,Công nghiệp,Xây dựng và Vật liệu,Xây dựng và Vật liệu,Vật liệu xây dựng & Nội thất
G36,Tổng Công ty 36 - Công ty Cổ phần,Công nghiệp,Xây dựng và Vật liệu,Xây dựng và Vật liệu,Xây dựng
GAB,Công ty Cổ phần Đầu tư Khai khoáng & Quản lý Tài sản FLC,Công nghiệp,Xây dựng và Vật liệu,Xây dựng và Vật liệu,Vật liệu xây dựng & Nội thất
GAS,Tổng Công ty Khí Việt Nam - Công ty Cổ phần,Tiện ích Cộng đồng,"Điện, nước & xăng dầu khí đốt",Nước & Khí đốt,Phân phối xăng dầu & khí đốt
GCB,Công ty Cổ phần PETEC Bình Định,Tiện ích Cộng đồng,"Điện, nước & xăng dầu khí đốt",Nước & Khí đốt,Phân phối xăng dầu & khí đốt
GCF,Công ty Cổ phần Thực phẩm G.C,Hàng Tiêu dùng,Thực phẩm và đồ uống,Sản xuất thực phẩm,Thực phẩm
GDA,Công ty Cổ phần Tôn Đông Á,Nguyên vật liệu,Tài nguyên Cơ bản,Kim loại,Thép và sản phẩm thép
GDH,Công ty Cổ phần Tập đoàn GDC,Công nghiệp,Xây dựng và Vật liệu,Xây dựng và Vật liệu,Xây dựng
GDT,Công ty Cổ phần Chế biến Gỗ Đức Thành,Hàng Tiêu dùng,Hàng cá nhân & Gia dụng,Hàng gia dụng,Thiết bị gia dụng
GDW,Công ty Cổ phần Cấp nước Gia Định,Tiện ích Cộng đồng,"Điện, nước & xăng dầu khí đốt",Nước & Khí đốt,Nước
GE2,Tổng Công ty Phát điện 2 - Công ty Cổ phần,Tiện ích Cộng đồng,"Điện, nước & xăng dầu khí đốt",Sản xuất & Phân phối Điện,Sản xuất & Phân phối Điện
GEC,Công ty Cổ phần Cơ khí Gang Thép,Nguyên vật liệu,Tài nguyên Cơ bản,Kim loại,Thép và sản phẩm thép
GEE,Công ty Cổ phần Điện lực Gelex,Công nghiệp,Hàng & Dịch vụ Công nghiệp,Điện tử & Thiết bị điện,Thiết bị điện
GEG,Công ty Cổ phần Điện Gia Lai,Tiện ích Cộng đồng,"Điện, nước & xăng dầu khí đốt",Sản xuất & Phân phối Điện,Sản xuất & Phân phối Điện
GEL,Công ty Cổ phần Hạ tầng GELEX,Công nghiệp,Xây dựng và Vật liệu,Xây dựng và Vật liệu,Vật liệu xây dựng & Nội thất
GEM,Công ty Cổ phần Vật tư Tổng hợp Thành phố Hồ Chí Minh,Dịch vụ Tiêu dùng,Bán lẻ,Bán lẻ,Phân phối hàng chuyên dụng
GER,Công ty Cổ phần Thể thao Ngôi sao Geru,Nguyên vật liệu,Hóa chất,Hóa chất,"Nhựa, cao su & sợi"
GEX,Công ty Cổ phần Tập đoàn Gelex,Công nghiệp,Hàng & Dịch vụ Công nghiệp,Điện tử & Thiết bị điện,Thiết bị điện
GGG,Công ty Cổ phần Ô tô Giải Phóng,Hàng Tiêu dùng,Ô tô và phụ tùng,Ô tô và phụ tùng,Sản xuất ô tô
GH3,Công ty Cổ phần Công trình giao thông Hà Nội,Công nghiệp,Xây dựng và Vật liệu,Xây dựng và Vật liệu,Xây dựng
GHC,Công ty Cổ phần Thủy điện Gia Lai,Tiện ích Cộng đồng,"Điện, nước & xăng dầu khí đốt",Sản xuất & Phân phối Điện,Sản xuất & Phân phối Điện
GIC,Công ty Cổ phần VSC Green Logistics,Công nghiệp,Hàng & Dịch vụ Công nghiệp,Vận tải,"Kho bãi, hậu cần và bảo dưỡng"
GIL,Công ty Cổ phần Sản xuất Kinh doanh Xuất nhập khẩu Bình Thạnh,Hàng Tiêu dùng,Hàng cá nhân & Gia dụng,Hàng cá nhân,Hàng May mặc
GKM,Công ty Cổ phần GKM Holdings,Công nghiệp,Xây dựng và Vật liệu,Xây dựng và Vật liệu,Vật liệu xây dựng & Nội thất
GLC,Công ty Cổ phần Vàng Lào Cai,Nguyên vật liệu,Tài nguyên Cơ bản,Khai khoáng,Khai thác vàng
GLT,Công ty Cổ phần Kỹ thuật điện Toàn Cầu,Hàng Tiêu dùng,Hàng cá nhân & Gia dụng,Hàng hóa giải trí,Điện tử tiêu dùng
GLW,Công ty Cổ phần Cấp thoát nước Gia Lai,Tiện ích Cộng đồng,"Điện, nước & xăng dầu khí đốt",Nước & Khí đốt,Nước
GMA,Công ty Cổ phần G-Automobile,Hàng Tiêu dùng,Ô tô và phụ tùng,Ô tô và phụ tùng,Sản xuất ô tô
GMC,Công ty Cổ phần Garmex Sài Gòn,Hàng Tiêu dùng,Hàng cá nhân & Gia dụng,Hàng cá nhân,Hàng May mặc
GMD,Công ty Cổ phần Tập đoàn Gemadept,Công nghiệp,Hàng & Dịch vụ Công nghiệp,Vận tải,"Kho bãi, hậu cần và bảo dưỡng"
GMH,Công ty Cổ phần Minh Hưng Quảng Trị,Công nghiệp,Xây dựng và Vật liệu,Xây dựng và Vật liệu,Vật liệu xây dựng & Nội thất
GMX,Công ty Cổ phần Gạch ngói Gốm xây dựng Mỹ Xuân,Công nghiệp,Xây dựng và Vật liệu,Xây dựng và Vật liệu,Vật liệu xây dựng & Nội thất
GND,Công ty Cổ phần Gạch ngói Đồng Nai,Công nghiệp,Xây dựng và Vật liệu,Xây dựng và Vật liệu,Vật liệu xây dựng & Nội thất
GPC,Công ty Cổ phần Tập đoàn Green+,Dược phẩm và Y tế,Y tế,Dược phẩm,Dược phẩm
GQN,Công ty Cổ phần Giống Thủy Sản Quảng Nam,Hàng Tiêu dùng,Thực phẩm và đồ uống,Sản xuất thực phẩm,Nuôi trồng nông & hải sản
GSM,Công ty Cổ phần Thủy điện Hương Sơn,Tiện ích Cộng đồng,"Điện, nước & xăng dầu khí đốt",Sản xuất & Phân phối Điện,Sản xuất & Phân phối Điện
GSP,Công ty Cổ phần Vận tải Sản phẩm Khí Quốc tế,Công nghiệp,Hàng & Dịch vụ Công nghiệp,Vận tải,Vận tải Thủy
GTA,Công ty Cổ phần Chế biến Gỗ Thuận An,Nguyên vật liệu,Tài nguyên Cơ bản,Lâm nghiệp và Giấy,Lâm sản và Chế biến gỗ
GTD,Công ty Cổ phần Giầy Thượng Đình,Hàng Tiêu dùng,Hàng cá nhân & Gia dụng,Hàng cá nhân,Giầy dép
GTH,Công ty Cổ phần Xây dựng Giao thông Thừa Thiên Huế,Công nghiệp,Xây dựng và Vật liệu,Xây dựng và Vật liệu,Xây dựng
GTK,Công ty Cổ phần Giầy Thụy Khuê,Hàng Tiêu dùng,Hàng cá nhân & Gia dụng,Hàng cá nhân,Giầy dép
GTM,Công ty Cổ phần Tập đoàn Tân Mai,Nguyên vật liệu,Tài nguyên Cơ bản,Lâm nghiệp và Giấy,Sản xuất giấy
GTS,Công ty Cổ phần Công trình Giao thông Sài Gòn,Công nghiệp,Xây dựng và Vật liệu,Xây dựng và Vật liệu,Xây dựng
GTT,Công ty Cổ phần Thuận Thảo,Dịch vụ Tiêu dùng,Du lịch và Giải trí,Du lịch & Giải trí,Dịch vụ giải trí
GTX,Công ty Cổ phần Global Tanker,Công nghiệp,Hàng & Dịch vụ Công nghiệp,Vận tải,Vận tải Thủy
GVR,Tập đoàn Công nghiệp Cao su Việt Nam - Công ty Cổ phần,Nguyên vật liệu,Hóa chất,Hóa chất,"Nhựa, cao su & sợi"
GVT,Công ty Cổ phần Giấy Việt Trì,Nguyên vật liệu,Tài nguyên Cơ bản,Lâm nghiệp và Giấy,Sản xuất giấy
H11,Công ty Cổ phần Xây dựng HUD101,Công nghiệp,Xây dựng và Vật liệu,Xây dựng và Vật liệu,Xây dựng
HAB,Công ty Cổ phần Sách Và Thiết Bị Trường Học Hà Nội,Dịch vụ Tiêu dùng,Truyền thông,Truyền thông,"Sách, ấn bản & sản phẩm văn hóa"
HAC,Công ty Cổ phần Chứng khoán Hải Phòng,Tài chính,Dịch vụ tài chính,Dịch vụ tài chính,Môi giới chứng khoán
HAD,Công ty Cổ phần Bia Hà Nội - Hải Dương,Hàng Tiêu dùng,Thực phẩm và đồ uống,Bia và đồ uống,Sản xuất bia
HAF,Công ty Cổ phần Thực phẩm Hà Nội,Hàng Tiêu dùng,Thực phẩm và đồ uống,Sản xuất thực phẩm,Thực phẩm
HAG,Công ty Cổ phần Hoàng Anh Gia Lai,Hàng Tiêu dùng,Thực phẩm và đồ uống,Sản xuất thực phẩm,Nuôi trồng nông & hải sản
HAH,Công ty Cổ phần Vận tải và Xếp dỡ Hải An,Công nghiệp,Hàng & Dịch vụ Công nghiệp,Vận tải,"Kho bãi, hậu cần và bảo dưỡng"
HAI,Công ty Cổ phần Nông dược HAI,Nguyên vật liệu,Hóa chất,Hóa chất,"Sản phẩm hóa dầu, Nông dược & Hóa chất khác"
HAM,Công ty Cổ phần Vật tư Hậu Giang,Công nghiệp,Xây dựng và Vật liệu,Xây dựng và Vật liệu,Vật liệu xây dựng & Nội thất
HAN,Tổng Công ty Xây dựng Hà Nội - CTCP,Công nghiệp,Xây dựng và Vật liệu,Xây dựng và Vật liệu,Xây dựng
HAP,Công ty Cổ phần Tập Đoàn Hapaco,Nguyên vật liệu,Tài nguyên Cơ bản,Lâm nghiệp và Giấy,Sản xuất giấy
HAR,Công ty Cổ phần Đầu tư Thương mại Bất động sản An Dương Thảo Điền,Tài chính,Bất động sản,Bất động sản,Bất động sản
HAS,Công ty Cổ phần Hacisco,Công nghiệp,Xây dựng và Vật liệu,Xây dựng và Vật liệu,Xây dựng
HAT,Công ty Cổ phần Thương mại Bia Hà Nội,Hàng Tiêu dùng,Thực phẩm và đồ uống,Bia và đồ uống,Sản xuất bia
HAV,Công ty Cổ phần Rượu Hapro,Hàng Tiêu dùng,Thực phẩm và đồ uống,Bia và đồ uống,Vang & Rượu mạnh
HAW,Công ty Cổ phần Cấp nước và Vệ sinh Môi trường Nông thôn Hậu Giang,Công nghiệp,Hàng & Dịch vụ Công nghiệp,Tư vấn & Hỗ trợ Kinh doanh,Chất thải & Môi trường
HAX,Công ty Cổ phần Dịch vụ Ô tô Hàng Xanh,Hàng Tiêu dùng,Ô tô và phụ tùng,Ô tô và phụ tùng,Sản xuất ô tô
HBC,Công ty Cổ phần Tập đoàn Xây dựng Hòa Bình,Công nghiệp,Xây dựng và Vật liệu,Xây dựng và Vật liệu,Xây dựng
HBD,Công ty Cổ phần Bao bì PP Bình Dương,Công nghiệp,Hàng & Dịch vụ Công nghiệp,Hàng công nghiệp,Containers & Đóng gói
HBH,Công ty Cổ phần HABECO - Hải Phòng,Hàng Tiêu dùng,Thực phẩm và đồ uống,Bia và đồ uống,Sản xuất bia
HBS,Công ty Cổ phần Chứng khoán Hòa Bình,Tài chính,Dịch vụ tài chính,Dịch vụ tài chính,Môi giới chứng khoán
HC1,Công ty Cổ phần Xây dựng số 1 Hà Nội,Công nghiệp,Xây dựng và Vật liệu,Xây dựng và Vật liệu,Xây dựng
HC3,Công ty Cổ phần Xây dựng số 3 Hải Phòng,Công nghiệp,Xây dựng và Vật liệu,Xây dựng và Vật liệu,Xây dựng
HCB,Công ty Cổ phần Dệt may 29/3,Hàng Tiêu dùng,Hàng cá nhân & Gia dụng,Hàng cá nhân,Hàng May mặc
HCC,Công ty Cổ phần Bê tông Hòa Cầm - Intimex,Công nghiệp,Xây dựng và Vật liệu,Xây dựng và Vật liệu,Vật liệu xây dựng & Nội thất
HCD,Công ty Cổ phần Đầu tư Sản xuất và Thương mại HCD,Nguyên vật liệu,Hóa chất,Hóa chất,"Nhựa, cao su & sợi"
HCI,Công ty Cổ phần Đầu tư - Xây dựng Hà Nội,Công nghiệp,Xây dựng và Vật liệu,Xây dựng và Vật liệu,Xây dựng
HCM,Công ty Cổ phần Chứng khoán Thành phố Hồ Chí Minh,Tài chính,Dịch vụ tài chính,Dịch vụ tài chính,Môi giới chứng khoán
HCO,Công ty Cổ phần Bánh kẹo Hải Châu,Hàng Tiêu dùng,Thực phẩm và đồ uống,Sản xuất thực phẩm,Thực phẩm
HCT,Công ty Cổ phần Thương mại - Dịch vụ - Vận tải Xi măng Hải Phòng,Công nghiệp,Hàng & Dịch vụ Công nghiệp,Vận tải,Dịch vụ vận tải
HD2,Công ty Cổ phần Đầu tư phát triển nhà HUD2,Tài chính,Bất động sản,Bất động sản,Bất động sản
HD3,Công ty Cổ phần Đầu tư phát triển Nhà và Đô thị MHDI 3,Tài chính,Bất động sản,Bất động sản,Bất động sản
HD6,Công ty Cổ phần Đầu tư và Phát triển nhà số 6 Hà Nội,Tài chính,Bất động sản,Bất động sản,Bất động sản
HD8,Công ty Cổ phần Đầu tư Phát triển Nhà và Đô thị HUD8,Tài chính,Bất động sản,Bất động sản,Bất động sản
HDA,Công ty Cổ phần Hãng sơn Đông Á,Công nghiệp,Xây dựng và Vật liệu,Xây dựng và Vật liệu,Vật liệu xây dựng & Nội thất
HDB,Ngân hàng Thương mại Cổ phần Phát Triển Thành phố Hồ Chí Minh,Ngân hàng,Ngân hàng,Ngân hàng,Ngân hàng
HDBOND,Quỹ Đầu tư Trái phiếu Lợi tức cao HD,Tài chính,Dịch vụ tài chính,Quỹ đầu tư,Quỹ đầu tư
HDC,Công ty Cổ phần Phát triển Nhà Bà Rịa Vũng Tàu,Tài chính,Bất động sản,Bất động sản,Bất động sản
HDG,Công ty Cổ phần Tập đoàn Hà Đô,Tài chính,Bất động sản,Bất động sản,Bất động sản
HDM,Công ty Cổ phần Dệt May Huế,Hàng Tiêu dùng,Hàng cá nhân & Gia dụng,Hàng cá nhân,Hàng May mặc
HDO,Công ty Cổ phần Hưng Đạo Container,Công nghiệp,Hàng & Dịch vụ Công nghiệp,Hàng công nghiệp,Containers & Đóng gói
HDP,Công ty Cổ phần Dược Hà Tĩnh,Dược phẩm và Y tế,Y tế,Dược phẩm,Dược phẩm
HDS,Công ty Cổ phần Giống cây trồng Hải Dương,Hàng Tiêu dùng,Thực phẩm và đồ uống,Sản xuất thực phẩm,Nuôi trồng nông & hải sản
HDV,Công ty Cổ phần Hóa Dược Việt Nam,Dược phẩm và Y tế,Y tế,Dược phẩm,Dược phẩm
HDW,Công ty Cổ phần Kinh doanh Nước sạch Hải Dương,Tiện ích Cộng đồng,"Điện, nước & xăng dầu khí đốt",Nước & Khí đốt,Nước
HEC,Công ty Cổ phần Tư vấn xây dựng Thủy Lợi II,Công nghiệp,Hàng & Dịch vụ Công nghiệp,Tư vấn & Hỗ trợ Kinh doanh,Tư vấn & Hỗ trợ KD
HEJ,Tổng Công ty Tư vấn Xây dựng Thủy Lợi Việt Nam - CTCP,Công nghiệp,Xây dựng và Vật liệu,Xây dựng và Vật liệu,Xây dựng
HEM,Công ty Cổ phần Chế tạo Điện cơ Hà Nội,Công nghiệp,Hàng & Dịch vụ Công nghiệp,Điện tử & Thiết bị điện,Thiết bị điện
HEP,Công ty Cổ phần Môi trường và Công trình đô thị Huế,Công nghiệp,Hàng & Dịch vụ Công nghiệp,Tư vấn & Hỗ trợ Kinh doanh,Chất thải & Môi trường
HES,Công ty Cổ phần Dịch vụ Giải trí Hà Nội,Dịch vụ Tiêu dùng,Du lịch và Giải trí,Du lịch & Giải trí,Dịch vụ giải trí
HEV,Công ty Cổ phần Sách Đại học - Dạy nghề,Dịch vụ Tiêu dùng,Truyền thông,Truyền thông,"Sách, ấn bản & sản phẩm văn hóa"
HFB,Công ty Cổ phần Công trình Cầu phà Thành phố Hồ Chí Minh,Công nghiệp,Xây dựng và Vật liệu,Xây dựng và Vật liệu,Xây dựng
HFC,Công ty Cổ phần Xăng dầu HFC,Tiện ích Cộng đồng,"Điện, nước & xăng dầu khí đốt",Nước & Khí đốt,Phân phối xăng dầu & khí đốt
HFT,Công ty Cổ phần Chứng khoán Pinetree,Tài chính,Dịch vụ tài chính,Dịch vụ tài chính,Môi giới chứng khoán
HFX,Công ty Cổ phần Sản xuất - Xuất nhập khẩu Thanh Hà,Dịch vụ Tiêu dùng,Bán lẻ,Bán lẻ,Bán lẻ phức hợp
HGM,Công ty Cổ phần Cơ khí và Khoáng sản Hà Giang,Nguyên vật liệu,Tài nguyên Cơ bản,Khai khoáng,Khai khoáng
HGR,Công ty Cổ phần Tài nguyên và Môi trường Hậu Giang,Công nghiệp,Hàng & Dịch vụ Công nghiệp,Tư vấn & Hỗ trợ Kinh doanh,Tư vấn & Hỗ trợ KD
HGT,Công ty Cổ phần Du lịch Hương Giang,Dịch vụ Tiêu dùng,Du lịch và Giải trí,Du lịch & Giải trí,Vận tải hành khách & Du lịch
HGW,Công ty Cổ phần Cấp thoát nước - Công trình Đô thị Hậu Giang,Tiện ích Cộng đồng,"Điện, nước & xăng dầu khí đốt",Nước & Khí đốt,Nước
HHB,Công ty Cổ Phần Bia Hà Nội - Hồng Hà,Hàng Tiêu dùng,Thực phẩm và đồ uống,Bia và đồ uống,Sản xuất bia
HHC,Công ty Cổ phần Bánh kẹo Hải Hà,Hàng Tiêu dùng,Thực phẩm và đồ uống,Sản xuất thực phẩm,Thực phẩm
HHG,Công ty Cổ phần Hoàng Hà,Dịch vụ Tiêu dùng,Du lịch và Giải trí,Du lịch & Giải trí,Vận tải hành khách & Du lịch
HHI,Công ty Cổ phần Hoàng Hạc,Dịch vụ Tiêu dùng,Truyền thông,Truyền thông,"Sách, ấn bản & sản phẩm văn hóa"
HHN,Công ty Cổ phần Vận tải và Dịch vụ Hàng hóa Hà Nội,Công nghiệp,Hàng & Dịch vụ Công nghiệp,Vận tải,"Kho bãi, hậu cần và bảo dưỡng"
HHP,Công ty Cổ phần HHP Global,Nguyên vật liệu,Tài nguyên Cơ bản,Lâm nghiệp và Giấy,Sản xuất giấy
HHR,Công ty Cổ phần Đường sắt Hà Hải,Công nghiệp,Hàng & Dịch vụ Công nghiệp,Vận tải,Đường sắt
HHS,Công ty Cổ phần Đầu tư Dịch vụ Hoàng Huy,Hàng Tiêu dùng,Ô tô và phụ tùng,Ô tô và phụ tùng,Sản xuất ô tô
HHV,Công ty Cổ phần Đầu tư Hạ tầng Giao thông Đèo Cả,Công nghiệp,Xây dựng và Vật liệu,Xây dựng và Vật liệu,Xây dựng
HID,Công ty Cổ phần Halcom Vietnam,Công nghiệp,Xây dựng và Vật liệu,Xây dựng và Vật liệu,Xây dựng
HIG,Công ty Cổ phần Tập đoàn HIPT,Công nghệ Thông tin,Công nghệ Thông tin,Phần mềm & Dịch vụ Máy tính,Phần mềm
HII,Công ty Cổ phần An Tiến Industries,Nguyên vật liệu,Hóa chất,Hóa chất,"Nhựa, cao su & sợi"
HIO,Công ty Cổ Phần Helio Energy,Tiện ích Cộng đồng,"Điện, nước & xăng dầu khí đốt",Sản xuất & Phân phối Điện,Sản xuất & Phân phối Điện
HIZ,Công ty Cổ phần Khu công nghiệp Hố Nai,Tài chính,Bất động sản,Bất động sản,Bất động sản
HJC,Công ty Cổ phần Hoà Việt,Hàng Tiêu dùng,Hàng cá nhân & Gia dụng,Thuốc lá,Thuốc lá
HJS,Công ty Cổ phần Thủy điện Nậm Mu,Tiện ích Cộng đồng,"Điện, nước & xăng dầu khí đốt",Sản xuất & Phân phối Điện,Sản xuất & Phân phối Điện
HKB,Công ty Cổ phần Nông nghiệp và Thực phẩm Hà Nội - Kinh Bắc,Hàng Tiêu dùng,Thực phẩm và đồ uống,Sản xuất thực phẩm,Thực phẩm
HKP,Công ty Cổ phần Bao bì Hà Tiên,Công nghiệp,Hàng & Dịch vụ Công nghiệp,Hàng công nghiệp,Containers & Đóng gói
HKT,Công ty Cổ phần QP Holdings,Hàng Tiêu dùng,Thực phẩm và đồ uống,Bia và đồ uống,Đồ uống & giải khát
HLA,Công ty Cổ phần Hữu Liên Á Châu,Nguyên vật liệu,Tài nguyên Cơ bản,Kim loại,Thép và sản phẩm thép
HLB,Công ty Cổ phần Bia và Nước giải khát Hạ Long,Hàng Tiêu dùng,Thực phẩm và đồ uống,Bia và đồ uống,Sản xuất bia
HLC,Công ty Cổ phần Than Hà Lầm - Vinacomin,Nguyên vật liệu,Tài nguyên Cơ bản,Khai khoáng,Khai thác Than
HLD,Công ty Cổ phần Đầu tư và Phát triển Bất động sản HUDLAND,Tài chính,Bất động sản,Bất động sản,Bất động sản
HLE,Công ty Cổ phần Điện Chiếu Sáng Hải Phòng,Công nghiệp,Xây dựng và Vật liệu,Xây dựng và Vật liệu,Xây dựng
HLG,Công ty Cổ phần Tập đoàn Hoàng Long,Hàng Tiêu dùng,Thực phẩm và đồ uống,Sản xuất thực phẩm,Nuôi trồng nông & hải sản
HLO,Công Ty Cổ Phần Công Nghệ Ha Lô,Công nghiệp,Hàng & Dịch vụ Công nghiệp,Điện tử & Thiết bị điện,Hàng điện & điện tử
HLR,Công ty Cổ phần Đường sắt Hà Lạng,Công nghiệp,Hàng & Dịch vụ Công nghiệp,Vận tải,Đường sắt
HLS,Công ty Cổ phần Sứ kỹ thuật Hoàng Liên Sơn,Công nghiệp,Hàng & Dịch vụ Công nghiệp,Điện tử & Thiết bị điện,Hàng điện & điện tử
HLT,Công ty Cổ phần Dệt may Hoàng Thị Loan,Hàng Tiêu dùng,Hàng cá nhân & Gia dụng,Hàng cá nhân,Hàng May mặc
HLY,Công ty Cổ phần Gốm xây dựng Yên Hưng,Công nghiệp,Xây dựng và Vật liệu,Xây dựng và Vật liệu,Vật liệu xây dựng & Nội thất
HMC,Công ty Cổ phần Kim khí Thành phố Hồ Chí Minh - VNSTEEL,Nguyên vật liệu,Tài nguyên Cơ bản,Kim loại,Thép và sản phẩm thép
HMD,Công ty Cổ phần Hóa chất Minh Đức,Nguyên vật liệu,Hóa chất,Hóa chất,"Sản phẩm hóa dầu, Nông dược & Hóa chất khác"
HMG,Công ty Cổ phần Kim Khí Hà Nội - VNSTEEL,Nguyên vật liệu,Tài nguyên Cơ bản,Kim loại,Thép và sản phẩm thép
HMH,Công ty Cổ phần Hải Minh,Công nghiệp,Hàng & Dịch vụ Công nghiệp,Vận tải,Dịch vụ vận tải
HMR,Công ty Cổ phần Đá Hoàng Mai,Công nghiệp,Xây dựng và Vật liệu,Xây dựng và Vật liệu,Vật liệu xây dựng & Nội thất
HMS,Công ty Cổ phần Xây dựng Bảo tàng Hồ Chí Minh,Công nghiệp,Xây dựng và Vật liệu,Xây dựng và Vật liệu,Xây dựng
HNA,Công ty Cổ phần Thủy điện Hủa Na,Tiện ích Cộng đồng,"Điện, nước & xăng dầu khí đốt",Sản xuất & Phân phối Điện,Sản xuất & Phân phối Điện
HNB,Công ty Cổ phần Bến xe Hà Nội,Công nghiệp,Hàng & Dịch vụ Công nghiệp,Vận tải,"Kho bãi, hậu cần và bảo dưỡng"
HNC,Công ty Cổ phần Xi măng Hữu Nghị,Công nghiệp,Xây dựng và Vật liệu,Xây dựng và Vật liệu,Vật liệu xây dựng & Nội thất
HND,Công ty Cổ phần Nhiệt điện Hải Phòng,Tiện ích Cộng đồng,"Điện, nước & xăng dầu khí đốt",Sản xuất & Phân phối Điện,Sản xuất & Phân phối Điện
HNE,Công ty Cổ phần Hanel,Hàng Tiêu dùng,Hàng cá nhân & Gia dụng,Hàng hóa giải trí,Điện tử tiêu dùng
HNF,Công ty Cổ phần Thực phẩm Hữu Nghị,Hàng Tiêu dùng,Thực phẩm và đồ uống,Sản xuất thực phẩm,Thực phẩm
HNG,Công ty Cổ phần Nông nghiệp Quốc tế Hoàng Anh Gia Lai,Hàng Tiêu dùng,Thực phẩm và đồ uống,Sản xuất thực phẩm,Nuôi trồng nông & hải sản
HNI,Công ty Cổ phần May Hữu Nghị,Hàng Tiêu dùng,Hàng cá nhân & Gia dụng,Hàng cá nhân,Hàng May mặc
HNM,Công ty Cổ phần Sữa Hà Nội,Hàng Tiêu dùng,Thực phẩm và đồ uống,Sản xuất thực phẩm,Thực phẩm
HNP,Công ty Cổ phần Hanel Xốp Nhựa,Nguyên vật liệu,Hóa chất,Hóa chất,"Nhựa, cao su & sợi"
HNR,Công ty Cổ phần Rượu và Nước Giải Khát Hà Nội,Hàng Tiêu dùng,Thực phẩm và đồ uống,Bia và đồ uống,Vang & Rượu mạnh
HNT,Công ty Cổ phần Xe điện Hà Nội,Dịch vụ Tiêu dùng,Du lịch và Giải trí,Du lịch & Giải trí,Vận tải hành khách & Du lịch
HOM,Công ty Cổ phần Xi măng VICEM Hoàng Mai,Công nghiệp,Xây dựng và Vật liệu,Xây dựng và Vật liệu,Vật liệu xây dựng & Nội thất
HOT,Công ty Cổ phần Du lịch - Dịch vụ Hội An,Dịch vụ Tiêu dùng,Du lịch và Giải trí,Du lịch & Giải trí,Vận tải hành khách & Du lịch
HPA,Công ty Cổ phần Phát triển Nông nghiệp Hoà Phát,Hàng Tiêu dùng,Thực phẩm và đồ uống,Sản xuất thực phẩm,Nuôi trồng nông & hải sản
HPB,Công ty Cổ phần Bao bì PP,Công nghiệp,Hàng & Dịch vụ Công nghiệp,Hàng công nghiệp,Containers & Đóng gói
HPD,Công ty Cổ phần Thủy điện Đăk Đoa,Tiện ích Cộng đồng,"Điện, nước & xăng dầu khí đốt",Sản xuất & Phân phối Điện,Sản xuất & Phân phối Điện
HPG,Công ty Cổ phần Tập đoàn Hòa Phát,Nguyên vật liệu,Tài nguyên Cơ bản,Kim loại,Thép và sản phẩm thép
HPH,Công ty Cổ phần Hóa Chất Hưng Phát Hà Bắc,Nguyên vật liệu,Hóa chất,Hóa chất,"Sản phẩm hóa dầu, Nông dược & Hóa chất khác"
HPI,Công ty Cổ phần Khu công nghiệp Hiệp Phước,Tài chính,Bất động sản,Bất động sản,Bất động sản
HPM,Công ty Cổ phần Xây dựng Thương mại và Khoáng sản Hoàng Phúc,Nguyên vật liệu,Tài nguyên Cơ bản,Khai khoáng,Khai khoáng
HPO,Công ty Cổ phần Công nghiệp Hapulico,Công nghiệp,Hàng & Dịch vụ Công nghiệp,Điện tử & Thiết bị điện,Thiết bị điện
HPP,Công ty Cổ phần Sơn Hải Phòng,Công nghiệp,Xây dựng và Vật liệu,Xây dựng và Vật liệu,Vật liệu xây dựng & Nội thất
HPPF,Quỹ Đầu tư HPP,Tài chính,Dịch vụ tài chính,Quỹ đầu tư,Quỹ đầu tư
HPT,Công ty Cổ phần Dịch vụ Công nghệ Tin học HPT,Công nghệ Thông tin,Công nghệ Thông tin,Phần mềm & Dịch vụ Máy tính,Phần mềm
HPW,Công ty Cổ phần Cấp nước Hải Phòng,Tiện ích Cộng đồng,"Điện, nước & xăng dầu khí đốt",Nước & Khí đốt,Nước
HPX,Công ty Cổ phần Đầu tư Hải Phát,Tài chính,Bất động sản,Bất động sản,Bất động sản
HQC,Công ty Cổ phần Tư vấn - Thương mại - Dịch vụ Địa ốc Hoàng Quân,Tài chính,Bất động sản,Bất động sản,Bất động sản
HRB,Công ty Cổ phần Harec Đầu tư và Thương Mại,Tài chính,Bất động sản,Bất động sản,Bất động sản
HRC,Công ty Cổ phần Cao su Hòa Bình,Nguyên vật liệu,Hóa chất,Hóa chất,"Nhựa, cao su & sợi"
HSA,Công ty Cổ phần HESTIA,Công nghiệp,Hàng & Dịch vụ Công nghiệp,Tư vấn & Hỗ trợ Kinh doanh,Tư vấn & Hỗ trợ KD
HSG,Công ty Cổ phần Tập đoàn Hoa Sen,Nguyên vật liệu,Tài nguyên Cơ bản,Kim loại,Thép và sản phẩm thép
HSI,Công ty Cổ phần Vật tư Tổng hợp và Phân bón Hóa sinh,Nguyên vật liệu,Hóa chất,Hóa chất,"Sản phẩm hóa dầu, Nông dược & Hóa chất khác"
HSL,Công ty Cổ phần Đầu tư Phát triển Thực phẩm Hồng Hà,Hàng Tiêu dùng,Thực phẩm và đồ uống,Sản xuất thực phẩm,Thực phẩm
HSM,Tổng Công ty Cổ phần Dệt May Hà Nội,Hàng Tiêu dùng,Hàng cá nhân & Gia dụng,Hàng cá nhân,Hàng May mặc
HSP,Công ty Cổ phần Sơn Tổng hợp Hà Nội,Công nghiệp,Xây dựng và Vật liệu,Xây dựng và Vật liệu,Vật liệu xây dựng & Nội thất
HSV,Công ty Cổ phần Tập đoàn HSV Việt Nam,Nguyên vật liệu,Tài nguyên Cơ bản,Kim loại,Thép và sản phẩm thép
HT1,Công ty Cổ phần Xi măng VICEM Hà Tiên,Công nghiệp,Xây dựng và Vật liệu,Xây dựng và Vật liệu,Vật liệu xây dựng & Nội thất
HT9,Công ty Cổ phần Phát triển hạ tầng 319,Công nghiệp,Xây dựng và Vật liệu,Xây dựng và Vật liệu,Xây dựng
HTC,Công ty Cổ phần Thương mại Hóc Môn,Tiện ích Cộng đồng,"Điện, nước & xăng dầu khí đốt",Nước & Khí đốt,Phân phối xăng dầu & khí đốt
HTE,Công ty Cổ phần Đầu tư Kinh doanh Điện lực Thành phố Hồ Chí Minh,Công nghiệp,Hàng & Dịch vụ Công nghiệp,Điện tử & Thiết bị điện,Thiết bị điện
HTG,Tổng Công ty Cổ phần Dệt may Hòa Thọ,Hàng Tiêu dùng,Hàng cá nhân & Gia dụng,Hàng cá nhân,Hàng May mặc
HTH,Công ty Cổ phần Hoa tiêu Hàng hải - TKV,Công nghiệp,Hàng & Dịch vụ Công nghiệp,Vận tải,"Kho bãi, hậu cần và bảo dưỡng"
HTI,Công ty Cổ phần Đầu tư Phát triển Hạ tầng IDICO,Công nghiệp,Xây dựng và Vật liệu,Xây dựng và Vật liệu,Xây dựng
HTK,Công ty cổ phần Đăng kiểm xe cơ giới Hải Dương,Công nghiệp,Hàng & Dịch vụ Công nghiệp,Tư vấn & Hỗ trợ Kinh doanh,Tư vấn & Hỗ trợ KD
HTL,Công ty Cổ phần Kỹ thuật và Ô tô Trường Long,Hàng Tiêu dùng,Ô tô và phụ tùng,Ô tô và phụ tùng,Sản xuất ô tô
HTM,Tổng Công ty Thương mại Hà Nội – Công ty cổ phần,Dịch vụ Tiêu dùng,Bán lẻ,Bán lẻ,Bán lẻ phức hợp
HTN,Công ty Cổ phần Hưng Thịnh Incons,Tài chính,Bất động sản,Bất động sản,Bất động sản
HTP,Công ty Cổ phần In Sách Giáo Khoa Hòa Phát,Dịch vụ Tiêu dùng,Truyền thông,Truyền thông,"Sách, ấn bản & sản phẩm văn hóa"
HTR,Công ty Cổ phần Đường sắt Hà Thái,Công nghiệp,Hàng & Dịch vụ Công nghiệp,Vận tải,Đường sắt
HTS,Công ty Cổ phần Thép Hương Thịnh,Nguyên vật liệu,Tài nguyên Cơ bản,Kim loại,Thép và sản phẩm thép
HTT,Công ty Cổ phần Thương mại Hà Tây,Dịch vụ Tiêu dùng,Bán lẻ,Bán lẻ,Bán lẻ phức hợp
HTV,Công ty Cổ phần Logistics Vicem,Công nghiệp,Hàng & Dịch vụ Công nghiệp,Vận tải,Vận tải Thủy
HTW,Công ty Cổ phần Cấp nước Hà Tĩnh,Tiện ích Cộng đồng,"Điện, nước & xăng dầu khí đốt",Nước & Khí đốt,Nước
HU1,Công ty Cổ phần Đầu tư và Xây dựng HUD1,Công nghiệp,Xây dựng và Vật liệu,Xây dựng và Vật liệu,Xây dựng
HU3,Công ty Cổ phần Đầu tư và Xây dựng HUD3,Công nghiệp,Xây dựng và Vật liệu,Xây dựng và Vật liệu,Xây dựng
HU4,Công ty Cổ phần Đầu tư và Xây dựng HUD4,Công nghiệp,Xây dựng và Vật liệu,Xây dựng và Vật liệu,Xây dựng
HU6,Công ty Cổ phần Đầu tư Phát triển Nhà và Đô thị HUD6,Tài chính,Bất động sản,Bất động sản,Bất động sản
HUB,Công ty Cổ phần Xây lắp Thừa Thiên Huế,Công nghiệp,Xây dựng và Vật liệu,Xây dựng và Vật liệu,Xây dựng
HUG,Tổng công ty May Hưng Yên - Công ty Cổ phần,Hàng Tiêu dùng,Hàng cá nhân & Gia dụng,Hàng cá nhân,Hàng May mặc
HUT,Công ty Cổ phần Tasco,Hàng Tiêu dùng,Ô tô và phụ tùng,Ô tô và phụ tùng,Sản xuất ô tô
HUX,Công ty Cổ phần Khoáng sản Thừa Thiên Huế,Nguyên vật liệu,Tài nguyên Cơ bản,Khai khoáng,Khai khoáng
HVA,Công ty Cổ phần Đầu tư HVA,Tài chính,Dịch vụ tài chính,Dịch vụ tài chính,Tài chính đặc biệt
HVG,Công ty Cổ phần Hùng Vương,Hàng Tiêu dùng,Thực phẩm và đồ uống,Sản xuất thực phẩm,Nuôi trồng nông & hải sản
HVH,Công ty Cổ phần Đầu tư và Công nghệ HVC,Công nghiệp,Xây dựng và Vật liệu,Xây dựng và Vật liệu,Xây dựng
HVN,Tổng Công ty Hàng không Việt Nam - CTCP,Dịch vụ Tiêu dùng,Du lịch và Giải trí,Du lịch & Giải trí,Hàng không
HVT,Công ty Cổ phần Hóa chất Việt Trì,Nguyên vật liệu,Hóa chất,Hóa chất,"Sản phẩm hóa dầu, Nông dược & Hóa chất khác"
HVX,Công ty Cổ phần Xi măng Vicem Hải Vân,Công nghiệp,Xây dựng và Vật liệu,Xây dựng và Vật liệu,Vật liệu xây dựng & Nội thất
HWI,Công ty Cổ phần Đầu tư Xây dựng hạ tầng nước sạch Hà Nội,Công nghiệp,Xây dựng và Vật liệu,Xây dựng và Vật liệu,Xây dựng
HWS,Công ty Cổ phần Cấp nước Huế,Tiện ích Cộng đồng,"Điện, nước & xăng dầu khí đốt",Nước & Khí đốt,Nước
I10,Công ty Cp Đầu Tư Xây Dựng Số 10 Idico,Công nghiệp,Xây dựng và Vật liệu,Xây dựng và Vật liệu,Xây dựng
IBC,Công ty Cổ phần Đầu tư APAX Holdings,Tài chính,Dịch vụ tài chính,Dịch vụ tài chính,Tài chính đặc biệt
IBD,Công ty Cổ phần In Tổng hợp Bình Dương,Dịch vụ Tiêu dùng,Truyền thông,Truyền thông,"Sách, ấn bản & sản phẩm văn hóa"
IBN,Công ty Cổ phần In báo Nghệ An,Dịch vụ Tiêu dùng,Truyền thông,Truyền thông,"Sách, ấn bản & sản phẩm văn hóa"
ICC,Công ty Cổ phần Xây dựng Công nghiệp,Công nghiệp,Xây dựng và Vật liệu,Xây dựng và Vật liệu,Xây dựng
ICF,Công ty Cổ phần Đầu tư - Thương mại - Thuỷ sản,Hàng Tiêu dùng,Thực phẩm và đồ uống,Sản xuất thực phẩm,Nuôi trồng nông & hải sản
ICG,Công ty Cổ phần Xây dựng Sông Hồng,Công nghiệp,Xây dựng và Vật liệu,Xây dựng và Vật liệu,Xây dựng
ICI,Công ty Cổ phần Đầu tư và Xây dựng Công nghiệp,Công nghiệp,Xây dựng và Vật liệu,Xây dựng và Vật liệu,Xây dựng
ICL,Công ty Cổ phần Xuất Nhập Khẩu Vĩnh Long,Dịch vụ Tiêu dùng,Bán lẻ,Phân phối thực phẩm & dược phẩm,Phân phối thực phẩm
ICN,Công ty Cổ phần Đầu tư Xây dựng Dầu khí IDICO,Công nghiệp,Xây dựng và Vật liệu,Xây dựng và Vật liệu,Xây dựng
ICS,"Công ty CP Kiểm Định Kỹ Thuật, An Toàn Và Tư Vấn Xây Dựng - Incosaf",Công nghiệp,Xây dựng và Vật liệu,Xây dựng và Vật liệu,Xây dựng
ICT,Công ty Cổ phần Viễn thông - Tin học Bưu điện,Công nghệ Thông tin,Công nghệ Thông tin,Phần mềm & Dịch vụ Máy tính,Phần mềm
IDC,Tổng Công ty IDICO - CTCP,Tài chính,Bất động sản,Bất động sản,Bất động sản
IDI,Công ty Cổ phần Đầu tư và Phát triển Đa Quốc Gia I.D.I,Hàng Tiêu dùng,Thực phẩm và đồ uống,Sản xuất thực phẩm,Nuôi trồng nông & hải sản
IDJ,Công ty Cổ phần Đầu tư IDJ Việt Nam,Tài chính,Bất động sản,Bất động sản,Bất động sản
IDP,Công ty Cổ phần Sữa Quốc tế LOF,Hàng Tiêu dùng,Thực phẩm và đồ uống,Sản xuất thực phẩm,Thực phẩm
IDV,Công ty Cổ phần Phát triển Hạ tầng Vĩnh Phúc,Tài chính,Bất động sản,Bất động sản,Bất động sản
IED,Công ty Cổ phần Xuất nhập khẩu Đồng Nai,Dịch vụ Tiêu dùng,Bán lẻ,Phân phối thực phẩm & dược phẩm,Phân phối thực phẩm
IFA,Công ty Cổ phần Bảo hiểm Viễn Đông,Tài chính,Bảo hiểm,Bảo hiểm phi nhân thọ,Bảo hiểm phi nhân thọ
IFNPVI,Quỹ Đầu tư Trái phiếu thanh khoản IFNPVI,Tài chính,Dịch vụ tài chính,Quỹ đầu tư,Quỹ đầu tư
IFS,Công ty Cổ phần Thực phẩm Quốc tế,Hàng Tiêu dùng,Thực phẩm và đồ uống,Bia và đồ uống,Đồ uống & giải khát
IHK,Công ty Cổ phần In Hàng Không,Dịch vụ Tiêu dùng,Truyền thông,Truyền thông,"Sách, ấn bản & sản phẩm văn hóa"
IJC,Công ty Cổ phần Phát triển Hạ tầng Kỹ thuật,Tài chính,Bất động sản,Bất động sản,Bất động sản
IKH,Công ty Cổ phần In Khoa Học Kỹ Thuật,Dịch vụ Tiêu dùng,Truyền thông,Truyền thông,"Sách, ấn bản & sản phẩm văn hóa"
ILA,Công ty Cổ phần ILA,Công nghiệp,Xây dựng và Vật liệu,Xây dựng và Vật liệu,Vật liệu xây dựng & Nội thất
ILB,Công ty Cổ phần ICD Tân Cảng - Long Bình,Công nghiệp,Hàng & Dịch vụ Công nghiệp,Vận tải,"Kho bãi, hậu cần và bảo dưỡng"
ILC,Công ty Cổ phần Hợp tác lao động với nước ngoài,Công nghiệp,Hàng & Dịch vụ Công nghiệp,Tư vấn & Hỗ trợ Kinh doanh,Đào tạo & Việc làm
ILS,Công ty Cổ phần Đầu tư Thương mại và Dịch vụ Quốc tế,Công nghiệp,Hàng & Dịch vụ Công nghiệp,Hàng công nghiệp,Containers & Đóng gói
IME,Công ty Cổ phần Cơ khí và Xây lắp Công nghiệp,Công nghiệp,Hàng & Dịch vụ Công nghiệp,Công nghiệp nặng,Máy công nghiệp
IMI,Công ty Cổ phần Viện Máy và Dụng cụ Công nghiệp,Công nghiệp,Hàng & Dịch vụ Công nghiệp,Công nghiệp nặng,Máy công nghiệp
IMP,Công ty Cổ phần Dược phẩm Imexpharm,Dược phẩm và Y tế,Y tế,Dược phẩm,Dược phẩm
IN4,Công ty Cổ phần In số 4,Dịch vụ Tiêu dùng,Truyền thông,Truyền thông,"Sách, ấn bản & sản phẩm văn hóa"
INC,Công ty Cổ phần Tư vấn Đầu tư IDICO,Công nghiệp,Xây dựng và Vật liệu,Xây dựng và Vật liệu,Xây dựng
ING,Công ty Cổ phần Đầu Tư Và Phát Triển Xây Dựng,Công nghiệp,Xây dựng và Vật liệu,Xây dựng và Vật liệu,Xây dựng
INN,Công ty Cổ phần Bao bì và In Nông nghiệp,Công nghiệp,Hàng & Dịch vụ Công nghiệp,Hàng công nghiệp,Containers & Đóng gói
IPA,Công ty Cổ phần Tập đoàn Đầu tư I.P.A,Công nghiệp,Hàng & Dịch vụ Công nghiệp,Tư vấn & Hỗ trợ Kinh doanh,Tư vấn & Hỗ trợ KD
IRC,Công ty Cổ phần Cao su Công nghiệp,Nguyên vật liệu,Hóa chất,Hóa chất,"Nhựa, cao su & sợi"
ISG,Công ty Cổ phần Vận tải biển và Hợp tác lao động Quốc Tế,Công nghiệp,Hàng & Dịch vụ Công nghiệp,Vận tải,Vận tải Thủy
ISH,Công ty Cổ phần Thủy điện Srok Phu Miêng IDICO,Tiện ích Cộng đồng,"Điện, nước & xăng dầu khí đốt",Sản xuất & Phân phối Điện,Sản xuất & Phân phối Điện
IST,Công ty Cổ phần ICD Tân Cảng Sóng Thần,Công nghiệp,Hàng & Dịch vụ Công nghiệp,Vận tải,"Kho bãi, hậu cần và bảo dưỡng"
ITA,Công ty Cổ phần Đầu tư và Công nghiệp Tân Tạo,Tài chính,Bất động sản,Bất động sản,Bất động sản
ITC,Công ty Cổ phần Đầu tư - Kinh doanh nhà,Tài chính,Bất động sản,Bất động sản,Bất động sản
ITD,Công ty Cổ phần Công nghệ ITD,Công nghệ Thông tin,Công nghệ Thông tin,Phần mềm & Dịch vụ Máy tính,Phần mềm
ITQ,Công ty Cổ phần Tập đoàn Thiên Quang,Nguyên vật liệu,Tài nguyên Cơ bản,Kim loại,Thép và sản phẩm thép
ITS,"Công ty Cổ phần Đầu tư, Thương mại và Dịch vụ - Vinacomin",Công nghiệp,Hàng & Dịch vụ Công nghiệp,Công nghiệp nặng,Máy công nghiệp
IVS,Công ty Cổ phần Chứng khoán Guotai Haitong (Việt Nam),Tài chính,Dịch vụ tài chính,Dịch vụ tài chính,Môi giới chứng khoán
JOS,Công ty Cổ phần Chế biến Thủy sản Xuất khẩu Minh Hải,Hàng Tiêu dùng,Thực phẩm và đồ uống,Sản xuất thực phẩm,Nuôi trồng nông & hải sản
JVC,Công ty Cổ phần Đầu tư Y tế - Dược phẩm Việt Nam,Dược phẩm và Y tế,Y tế,Thiết bị và Dịch vụ Y tế,Thiết bị y tế
KAC,Công ty Cổ phần Đầu tư Địa ốc Khang An,Tài chính,Bất động sản,Bất động sản,Bất động sản
KAT,Công ty Cổ phần Chè Kim Anh,Hàng Tiêu dùng,Thực phẩm và đồ uống,Bia và đồ uống,Đồ uống & giải khát
KBC,Tổng Công ty Phát triển Đô thị Kinh Bắc - CTCP,Tài chính,Bất động sản,Bất động sản,Bất động sản
KBE,Công ty Cổ phần Sách và Thiết bị Trường học Kiên Giang,Dịch vụ Tiêu dùng,Truyền thông,Truyền thông,"Sách, ấn bản & sản phẩm văn hóa"
KCB,Công ty Cổ phần Khoáng Sản và Luyện Kim Cao Bằng,Nguyên vật liệu,Tài nguyên Cơ bản,Khai khoáng,Khai khoáng
KCE,Công ty Cổ phần Bê tông Ly tâm Điện lực Khánh Hòa,Công nghiệp,Xây dựng và Vật liệu,Xây dựng và Vật liệu,Vật liệu xây dựng & Nội thất
KDC,Công ty Cổ phần Tập đoàn KIDO,Hàng Tiêu dùng,Thực phẩm và đồ uống,Sản xuất thực phẩm,Thực phẩm
KDH,Công ty Cổ phần Đầu tư và Kinh doanh nhà Khang Điền,Tài chính,Bất động sản,Bất động sản,Bất động sản
KDM,Công ty Cổ phần Tập đoàn GCL,Công nghiệp,Xây dựng và Vật liệu,Xây dựng và Vật liệu,Xây dựng
KGM,Công ty Cổ phần Xuất nhập khẩu Kiên Giang,Dịch vụ Tiêu dùng,Bán lẻ,Bán lẻ,Bán lẻ phức hợp
KHA,Công ty Cổ phần Đầu tư và Dịch vụ Khánh Hội,Tài chính,Bất động sản,Bất động sản,Bất động sản
KHB,Công ty Cổ phần Khoáng sản Hòa Bình,Nguyên vật liệu,Tài nguyên Cơ bản,Khai khoáng,Khai khoáng
KHD,"Công ty Cổ phần Khai thác, Chế biến Khoáng sản Hải Dương",Nguyên vật liệu,Tài nguyên Cơ bản,Khai khoáng,Khai khoáng
KHG,Công ty Cổ phần Tập đoàn Khải Hoàn Land,Tài chính,Bất động sản,Bất động sản,Bất động sản
KHL,Công ty Cổ phần Khoáng sản và Vật liệu Xây dựng Hưng Long,Công nghiệp,Xây dựng và Vật liệu,Xây dựng và Vật liệu,Vật liệu xây dựng & Nội thất
KHP,Công ty Cổ phần Điện lực Khánh Hòa,Tiện ích Cộng đồng,"Điện, nước & xăng dầu khí đốt",Sản xuất & Phân phối Điện,Sản xuất & Phân phối Điện
KHS,Công ty Cổ phần Kiên Hùng,Hàng Tiêu dùng,Thực phẩm và đồ uống,Sản xuất thực phẩm,Nuôi trồng nông & hải sản
KHW,Công ty Cổ phần Cấp thoát nước Khánh Hòa,Tiện ích Cộng đồng,"Điện, nước & xăng dầu khí đốt",Nước & Khí đốt,Nước
KHX,Công ty Cổ phần Phát hành sách Khánh Hoà,Dịch vụ Tiêu dùng,Truyền thông,Truyền thông,"Sách, ấn bản & sản phẩm văn hóa"
KIP,Công ty Cổ phần K.I.P Việt Nam,Công nghiệp,Hàng & Dịch vụ Công nghiệp,Điện tử & Thiết bị điện,Thiết bị điện
KKC,Công ty Cổ phần Tập đoàn Thành Thái,Nguyên vật liệu,Tài nguyên Cơ bản,Kim loại,Thép và sản phẩm thép
KLB,Ngân hàng Thương mại Cổ phần Kiên Long,Ngân hàng,Ngân hàng,Ngân hàng,Ngân hàng
KLC,Công ty Cổ phần Du lịch Kim Liên,Dịch vụ Tiêu dùng,Du lịch và Giải trí,Du lịch & Giải trí,Vận tải hành khách & Du lịch
KLF,Công ty Cổ phần Đầu tư Thương mại và Xuất nhập khẩu CFS,Dịch vụ Tiêu dùng,Du lịch và Giải trí,Du lịch & Giải trí,Dịch vụ giải trí
KLM,Công ty Cổ phần Kim loại màu Nghệ Tĩnh,Nguyên vật liệu,Tài nguyên Cơ bản,Kim loại,Kim Loại màu
KMR,Công ty Cổ phần Mirae,Hàng Tiêu dùng,Hàng cá nhân & Gia dụng,Hàng cá nhân,Hàng May mặc
KMT,Công ty Cổ phần Kim khí Miền Trung,Nguyên vật liệu,Tài nguyên Cơ bản,Kim loại,Thép và sản phẩm thép
KNA,Công ty Cổ phần Khoáng sản Nghệ An,Nguyên vật liệu,Tài nguyên Cơ bản,Khai khoáng,Khai khoáng
KOS,Công ty Cổ phần KOSY,Tài chính,Bất động sản,Bất động sản,Bất động sản
KPF,Công ty Cổ phần Đầu tư Tài sản KOJI,Công nghiệp,Xây dựng và Vật liệu,Xây dựng và Vật liệu,Vật liệu xây dựng & Nội thất
KSA,Công ty Cổ phần Công nghiệp Khoáng sản Bình Thuận,Nguyên vật liệu,Tài nguyên Cơ bản,Khai khoáng,Khai khoáng
KSB,Công ty Cổ phần Khoáng sản và Xây dựng Bình Dương,Công nghiệp,Xây dựng và Vật liệu,Xây dựng và Vật liệu,Vật liệu xây dựng & Nội thất
KSD,Công ty Cổ phần Đầu tư DNA,Hàng Tiêu dùng,Hàng cá nhân & Gia dụng,Hàng gia dụng,Đồ gia dụng lâu bền
KSF,Công ty Cổ phần Tập đoàn Sunshine,Tài chính,Bất động sản,Bất động sản,Bất động sản
KSH,Công ty Cổ phần Damac GLS,Hàng Tiêu dùng,Thực phẩm và đồ uống,Sản xuất thực phẩm,Nuôi trồng nông & hải sản
KSK,Công ty Cổ phần Khoáng sản luyện kim màu,Công nghiệp,Xây dựng và Vật liệu,Xây dựng và Vật liệu,Vật liệu xây dựng & Nội thất
KSQ,Công ty Cổ phần CNC Capital Việt Nam,Công nghiệp,Xây dựng và Vật liệu,Xây dựng và Vật liệu,Vật liệu xây dựng & Nội thất
KSS,Tổng Công ty Cổ phần Khoáng sản Na Rì Hamico,Nguyên vật liệu,Tài nguyên Cơ bản,Khai khoáng,Khai khoáng
KST,Công ty Cổ phần KASATI,Công nghệ Thông tin,Công nghệ Thông tin,Thiết bị và Phần cứng,Thiết bị viễn thông
KSV,Tổng Công ty Khoáng sản TKV - Công ty Cổ phần,Nguyên vật liệu,Tài nguyên Cơ bản,Khai khoáng,Khai khoáng
KTC,Công ty Cổ phần Thương mại Kiên Giang,Hàng Tiêu dùng,Thực phẩm và đồ uống,Sản xuất thực phẩm,Thực phẩm
KTL,Công ty Cổ phần Kim khí Thăng Long,Nguyên vật liệu,Tài nguyên Cơ bản,Kim loại,Thép và sản phẩm thép
KTS,Công ty Cổ phần Đường Kon Tum,Hàng Tiêu dùng,Thực phẩm và đồ uống,Sản xuất thực phẩm,Thực phẩm
KTT,Công ty Cổ phần Tập đoàn Đầu tư KTT,Công nghiệp,Xây dựng và Vật liệu,Xây dựng và Vật liệu,Xây dựng
KTU,Công ty Cổ phần Môi trường Đô thị Kon Tum,Công nghiệp,Hàng & Dịch vụ Công nghiệp,Tư vấn & Hỗ trợ Kinh doanh,Chất thải & Môi trường
KTW,Công ty Cổ phần Cấp nước Kon Tum,Tiện ích Cộng đồng,"Điện, nước & xăng dầu khí đốt",Nước & Khí đốt,Nước
KVC,Công ty Cổ phần Sản xuất Xuất nhập khẩu Inox Kim Vĩ,Nguyên vật liệu,Tài nguyên Cơ bản,Kim loại,Thép và sản phẩm thép
KWA,Công ty Cổ phần Cấp thoát nước và Môi trường Kiến Tường,Tiện ích Cộng đồng,"Điện, nước & xăng dầu khí đốt",Nước & Khí đốt,Nước
L10,Công ty Cổ phần Lilama 10,Công nghiệp,Hàng & Dịch vụ Công nghiệp,Công nghiệp nặng,Máy công nghiệp
L12,Công ty Cổ phần Licogi 12,Công nghiệp,Xây dựng và Vật liệu,Xây dựng và Vật liệu,Xây dựng
L14,Công ty Cổ phần Licogi 14,Công nghiệp,Xây dựng và Vật liệu,Xây dựng và Vật liệu,Xây dựng
L18,Công ty Cổ phần Đầu tư và Xây dựng số 18,Công nghiệp,Xây dựng và Vật liệu,Xây dựng và Vật liệu,Xây dựng
L35,Công ty Cổ phần Cơ khí Lắp máy Lilama,Công nghiệp,Hàng & Dịch vụ Công nghiệp,Công nghiệp nặng,Máy công nghiệp
L40,Công ty Cổ phần Đầu tư và Xây dựng 40,Công nghiệp,Xây dựng và Vật liệu,Xây dựng và Vật liệu,Xây dựng
L43,Công ty Cổ phần Lilama 45.3,Công nghiệp,Xây dựng và Vật liệu,Xây dựng và Vật liệu,Xây dựng
L44,Công ty Cổ phần Lilama 45.4,Công nghiệp,Hàng & Dịch vụ Công nghiệp,Công nghiệp nặng,Máy công nghiệp
L45,Công ty Cổ phần Lilama 45.1,Công nghiệp,Xây dựng và Vật liệu,Xây dựng và Vật liệu,Xây dựng
L61,Công ty Cổ phần Lilama 69-1,Công nghiệp,Hàng & Dịch vụ Công nghiệp,Công nghiệp nặng,Máy công nghiệp
L62,Công ty Cổ phần Lilama 69 - 2,Công nghiệp,Hàng & Dịch vụ Công nghiệp,Công nghiệp nặng,Máy công nghiệp
L63,Công ty Cổ phần Lilama 69-3,Công nghiệp,Hàng & Dịch vụ Công nghiệp,Công nghiệp nặng,Máy công nghiệp
LAF,Công ty Cổ phần Chế biến Hàng Xuất khẩu Long An,Hàng Tiêu dùng,Thực phẩm và đồ uống,Sản xuất thực phẩm,Thực phẩm
LAI,Công ty Cổ phần Đầu tư Xây dựng Long An IDICO,Công nghiệp,Xây dựng và Vật liệu,Xây dựng và Vật liệu,Xây dựng
LAS,Công ty Cổ phần Supe Phốt phát và Hóa chất Lâm Thao,Nguyên vật liệu,Hóa chất,Hóa chất,"Sản phẩm hóa dầu, Nông dược & Hóa chất khác"
LAW,Công ty Cổ phần Cấp thoát nước Long An,Tiện ích Cộng đồng,"Điện, nước & xăng dầu khí đốt",Nước & Khí đốt,Nước
LBC,Công ty Cổ phần Thương mại - Đầu tư Long Biên,Dịch vụ Tiêu dùng,Bán lẻ,Bán lẻ,Bán lẻ phức hợp
LBE,Công ty Cổ phần Thương mại và Dịch vụ LVA,Hàng Tiêu dùng,Hàng cá nhân & Gia dụng,Hàng cá nhân,Hàng cá nhân
LBM,Công ty Cổ phần Khoáng sản và Vật liệu xây dựng Lâm Đồng,Công nghiệp,Xây dựng và Vật liệu,Xây dựng và Vật liệu,Vật liệu xây dựng & Nội thất
LCC,Công ty Cổ phần Xi măng Hồng Phong,Công nghiệp,Xây dựng và Vật liệu,Xây dựng và Vật liệu,Vật liệu xây dựng & Nội thất
LCD,Công ty Cổ phần Lắp máy - Thí nghiệm cơ điện,Công nghiệp,Xây dựng và Vật liệu,Xây dựng và Vật liệu,Xây dựng
LCG,Công ty Cổ phần Lizen,Công nghiệp,Xây dựng và Vật liệu,Xây dựng và Vật liệu,Xây dựng
LCM,Công ty Cổ phần Khai thác và Chế biến Khoáng sản Lào Cai,Nguyên vật liệu,Tài nguyên Cơ bản,Khai khoáng,Khai khoáng
LCS,Công ty Cổ phần Licogi 16.6,Công nghiệp,Xây dựng và Vật liệu,Xây dựng và Vật liệu,Xây dựng
LCW,Công ty Cổ phần Nước sạch Lai Châu,Tiện ích Cộng đồng,"Điện, nước & xăng dầu khí đốt",Nước & Khí đốt,Nước
LDG,Công ty Cổ phần Đầu tư LDG,Tài chính,Bất động sản,Bất động sản,Bất động sản
LDP,Công ty Cổ phần Dược Lâm Đồng - Ladophar,Dược phẩm và Y tế,Y tế,Dược phẩm,Dược phẩm
LDU,Công ty Cổ phần Dịch vụ và Đầu tư Phát triển Đô thị huyện Long Điền,Công nghiệp,Xây dựng và Vật liệu,Xây dựng và Vật liệu,Xây dựng
LDW,Công ty Cổ phần Cấp thoát nước Lâm Đồng,Tiện ích Cộng đồng,"Điện, nước & xăng dầu khí đốt",Nước & Khí đốt,Nước
LEC,Công ty Cổ phần Bất động sản Điện lực Miền Trung,Tài chính,Bất động sản,Bất động sản,Bất động sản
LG9,Công ty Cổ phần Cơ giới và Xây lắp số 9,Công nghiệp,Xây dựng và Vật liệu,Xây dựng và Vật liệu,Xây dựng
LGC,Công ty Cổ phần Đầu tư Cầu đường CII,Công nghiệp,Xây dựng và Vật liệu,Xây dựng và Vật liệu,Xây dựng
LGL,Công ty Cổ phần Đầu tư và Phát triển Đô thị Long Giang,Tài chính,Bất động sản,Bất động sản,Bất động sản
LGM,Công ty Cổ phần Giày da và May mặc Xuất khẩu (Legamex),Hàng Tiêu dùng,Hàng cá nhân & Gia dụng,Hàng cá nhân,Hàng May mặc
LHC,Công ty Cổ phần Đầu tư và Xây dựng Thủy lợi Lâm Đồng,Công nghiệp,Xây dựng và Vật liệu,Xây dựng và Vật liệu,Xây dựng
LHCDF,Quỹ Đầu tư Năng động Lighthouse,Tài chính,Dịch vụ tài chính,Quỹ đầu tư,Quỹ đầu tư
LHG,Công ty Cổ phần Long Hậu,Tài chính,Bất động sản,Bất động sản,Bất động sản
LIC,Tổng Công ty LICOGI - Công ty Cổ phần,Công nghiệp,Xây dựng và Vật liệu,Xây dựng và Vật liệu,Vật liệu xây dựng & Nội thất
LIG,Công ty Cổ phần Licogi 13,Công nghiệp,Xây dựng và Vật liệu,Xây dựng và Vật liệu,Xây dựng
LIX,Công ty Cổ phần Bột Giặt LIX,Hàng Tiêu dùng,Hàng cá nhân & Gia dụng,Hàng cá nhân,Hàng cá nhân
LKW,Công ty Cổ phần Cấp nước Long Khánh,Tiện ích Cộng đồng,"Điện, nước & xăng dầu khí đốt",Nước & Khí đốt,Nước
LLM,Tổng Công ty lắp máy Việt Nam - Công ty Cổ phần,Công nghiệp,Hàng & Dịch vụ Công nghiệp,Công nghiệp nặng,Máy công nghiệp
LM3,Công ty Cổ phần Lilama 3,Công nghiệp,Xây dựng và Vật liệu,Xây dựng và Vật liệu,Xây dựng
LM7,Công ty Cổ phần Lilama 7,Công nghiệp,Hàng & Dịch vụ Công nghiệp,Công nghiệp nặng,Máy công nghiệp
LM8,Công ty Cổ phần Lilama 18,Công nghiệp,Xây dựng và Vật liệu,Xây dựng và Vật liệu,Xây dựng
LMC,Công ty Cổ phần LUMI Holdings,Nguyên vật liệu,Tài nguyên Cơ bản,Khai khoáng,Khai khoáng
LMH,Công ty Cổ phần Quốc Tế Holding,Tài chính,Bất động sản,Bất động sản,Bất động sản
LMI,Công ty Cổ phần Đầu tư Xây dựng Lắp máy IDICO,Công nghiệp,Hàng & Dịch vụ Công nghiệp,Công nghiệp nặng,Máy công nghiệp
LNC,Công ty Cổ phần Lệ Ninh,Nguyên vật liệu,Hóa chất,Hóa chất,"Nhựa, cao su & sợi"
LO5,Công ty Cổ phần Lilama 5,Công nghiệp,Hàng & Dịch vụ Công nghiệp,Công nghiệp nặng,Máy công nghiệp
LPB,Ngân hàng Thương mại Cổ phần Lộc Phát Việt Nam,Ngân hàng,Ngân hàng,Ngân hàng,Ngân hàng
LPLF,Quỹ Đầu tư Doanh nghiệp dẫn đầu LP,Tài chính,Dịch vụ tài chính,Quỹ đầu tư,Quỹ đầu tư
LPT,Công ty Cổ phần Thương mại và Sản xuất Lập Phương Thành,Công nghiệp,Hàng & Dịch vụ Công nghiệp,Tư vấn & Hỗ trợ Kinh doanh,Đào tạo & Việc làm
LQN,Công ty Cổ phần Licogi Quảng Ngãi,Công nghiệp,Xây dựng và Vật liệu,Xây dựng và Vật liệu,Xây dựng
LSG,Công ty Cổ phần Bất động sản Sài Gòn Vi na,Tài chính,Bất động sản,Bất động sản,Bất động sản
LSS,Công ty Cổ phần Mía đường Lam Sơn,Hàng Tiêu dùng,Thực phẩm và đồ uống,Sản xuất thực phẩm,Thực phẩm
LTC,Công ty Cổ phần Điện nhẹ Viễn Thông,Công nghệ Thông tin,Công nghệ Thông tin,Thiết bị và Phần cứng,Phần cứng
LTG,Công ty Cổ phần Tập đoàn Lộc Trời,Hàng Tiêu dùng,Thực phẩm và đồ uống,Sản xuất thực phẩm,Nuôi trồng nông & hải sản
LTQ,Công ty TNHH MTV Lâm nghiệp Nguyễn Văn Trỗi,Nguyên vật liệu,Tài nguyên Cơ bản,Lâm nghiệp và Giấy,Lâm sản và Chế biến gỗ
LUT,Công ty Cổ phần Đầu tư Xây dựng Lương Tài,Công nghiệp,Xây dựng và Vật liệu,Xây dựng và Vật liệu,Xây dựng
LVF,Lumen Vietnam Fund,Tài chính,Dịch vụ tài chính,Quỹ đầu tư,Quỹ đầu tư
LWS,Công ty Cổ phần Cấp nước Tỉnh Lào Cai,Tiện ích Cộng đồng,"Điện, nước & xăng dầu khí đốt",Nước & Khí đốt,Nước
LYF,Công ty Cổ phần Lương Thực Lương Yên,Hàng Tiêu dùng,Thực phẩm và đồ uống,Sản xuất thực phẩm,Thực phẩm
M10,Tổng công ty May 10 - Công ty Cổ phần,Hàng Tiêu dùng,Hàng cá nhân & Gia dụng,Hàng cá nhân,Hàng May mặc
MA1,Công ty Cổ phần Thiết bị,Tài chính,Bất động sản,Bất động sản,Bất động sản
MAC,Công ty Cổ phần Tập đoàn Macstar,Công nghiệp,Hàng & Dịch vụ Công nghiệp,Công nghiệp nặng,Xe tải & Đóng tàu
MAFBAL,Quỹ Đầu tư Cân bằng Manulife,Tài chính,Dịch vụ tài chính,Quỹ đầu tư,Quỹ đầu tư
MAFPF1,Quỹ Đầu tư Tăng trưởng Manulife,Tài chính,Dịch vụ tài chính,Quỹ đầu tư,Quỹ đầu tư
MAGEF,Quỹ Đầu tư Cổ phiếu Tăng trưởng Mirae Asset Việt Nam,Tài chính,Dịch vụ tài chính,Quỹ đầu tư,Quỹ đầu tư
MAS,Công ty cổ phần Dịch vụ Hàng Không Sân Bay Đà Nẵng,Dịch vụ Tiêu dùng,Du lịch và Giải trí,Du lịch & Giải trí,Vận tải hành khách & Du lịch
MBB,Ngân hàng Thương mại Cổ phần Quân đội,Ngân hàng,Ngân hàng,Ngân hàng,Ngân hàng
MBG,Công ty Cổ phần Tập đoàn MBG,Công nghiệp,Xây dựng và Vật liệu,Xây dựng và Vật liệu,Vật liệu xây dựng & Nội thất
MBN,Công ty Cổ phần Môi trường và Công trình đô thị Bắc Ninh,Công nghiệp,Hàng & Dịch vụ Công nghiệp,Tư vấn & Hỗ trợ Kinh doanh,Chất thải & Môi trường
MBS,Công ty Cổ phần Chứng khoán MB,Tài chính,Dịch vụ tài chính,Dịch vụ tài chính,Môi giới chứng khoán
MBT,Công ty Cổ phần Bất động sản cho thuê Minh Bảo Tín,Tài chính,Bất động sản,Bất động sản,Bất động sản
MC3,Công ty Cổ phần Khoáng Sản 3 - Vimico,Nguyên vật liệu,Tài nguyên Cơ bản,Khai khoáng,Khai khoáng
MCC,Công ty Cổ phần Gạch ngói cao cấp,Công nghiệp,Xây dựng và Vật liệu,Xây dựng và Vật liệu,Vật liệu xây dựng & Nội thất
MCD,Công ty Cổ phần Môi trường và Công trình Đô thị Đông Hà,Công nghiệp,Hàng & Dịch vụ Công nghiệp,Tư vấn & Hỗ trợ Kinh doanh,Chất thải & Môi trường
MCF,Công ty Cổ phần Xây lắp Cơ khí và Lương thực Thực phẩm,Hàng Tiêu dùng,Thực phẩm và đồ uống,Sản xuất thực phẩm,Thực phẩm
MCG,Công ty Cổ phần Năng lượng và Bất động sản MCG,Công nghiệp,Xây dựng và Vật liệu,Xây dựng và Vật liệu,Xây dựng
MCH,Công ty Cổ phần Hàng Tiêu Dùng MaSan,Hàng Tiêu dùng,Thực phẩm và đồ uống,Sản xuất thực phẩm,Thực phẩm
MCI,Công ty Cổ phần Đầu tư Xây dựng và Phát triển Vật liệu IDICO,Công nghiệp,Xây dựng và Vật liệu,Xây dựng và Vật liệu,Vật liệu xây dựng & Nội thất
MCM,Công ty Cổ phần Giống bò sữa Mộc Châu,Hàng Tiêu dùng,Thực phẩm và đồ uống,Sản xuất thực phẩm,Thực phẩm
MCO,Công ty Cổ phần Đầu tư và Xây dựng BDC Việt Nam,Công nghiệp,Xây dựng và Vật liệu,Xây dựng và Vật liệu,Xây dựng
MCP,Công ty Cổ phần In và Bao bì Mỹ Châu,Công nghiệp,Hàng & Dịch vụ Công nghiệp,Hàng công nghiệp,Containers & Đóng gói
MCT,Công ty Cổ phần Kinh doanh Vật tư và Xây dựng,Công nghiệp,Xây dựng và Vật liệu,Xây dựng và Vật liệu,Vật liệu xây dựng & Nội thất
MDA,Công ty Cổ phần Môi trường Đô thị Đông Anh,Công nghiệp,Hàng & Dịch vụ Công nghiệp,Tư vấn & Hỗ trợ Kinh doanh,Chất thải & Môi trường
MDC,Công ty Cổ phần Than Mông Dương - Vinacomin,Nguyên vật liệu,Tài nguyên Cơ bản,Khai khoáng,Khai thác Than
MDD,Công ty Cổ phần Mai Động,Công nghiệp,Hàng & Dịch vụ Công nghiệp,Công nghiệp nặng,Máy công nghiệp
MDF,Công ty Cổ phần Gỗ MDF VRG - Quảng Trị,Nguyên vật liệu,Tài nguyên Cơ bản,Lâm nghiệp và Giấy,Lâm sản và Chế biến gỗ
MDG,Công ty Cổ phần Miền Đông,Công nghiệp,Xây dựng và Vật liệu,Xây dựng và Vật liệu,Vật liệu xây dựng & Nội thất
MDN,Công ty Cổ phần Tổng Công ty May Đồng Nai,Hàng Tiêu dùng,Hàng cá nhân & Gia dụng,Hàng cá nhân,Hàng May mặc
MDT,Công ty Cổ Phần Cơ Khí Mỏ Và Đóng Tàu - Tkv,Công nghiệp,Hàng & Dịch vụ Công nghiệp,Công nghiệp nặng,Xe tải & Đóng tàu
MEC,Công ty Cổ phần Cơ khí - Lắp máy Sông Đà,Công nghiệp,Xây dựng và Vật liệu,Xây dựng và Vật liệu,Xây dựng
MED,Công ty Cổ phần Dược Trung ương Mediplantex,Dược phẩm và Y tế,Y tế,Dược phẩm,Dược phẩm
MEF,Công ty Cổ phần MEINFA,Dược phẩm và Y tế,Y tế,Thiết bị và Dịch vụ Y tế,Dụng cụ y tế
MEG,Công ty Cổ phần Megram,Hàng Tiêu dùng,Hàng cá nhân & Gia dụng,Hàng gia dụng,Thiết bị gia dụng
MEL,Công ty Cổ phần Thép Mê Lin,Nguyên vật liệu,Tài nguyên Cơ bản,Kim loại,Thép và sản phẩm thép
MES,Công ty Cổ phần Cơ điện Công trình,Công nghiệp,Xây dựng và Vật liệu,Xây dựng và Vật liệu,Xây dựng
MEY,Công ty cổ phần Tập đoàn Meey Land,Tài chính,Bất động sản,Bất động sản,"Tư Vấn, Định giá, Môi giới Bất động sản"
MFS,Công ty Cổ phần Dịch vụ kỹ thuật Mobifone,Viễn thông,Viễn thông,Viễn thông di động,Viễn thông di động
MGC,Công ty Cổ phần Địa chất mỏ - TKV,Nguyên vật liệu,Tài nguyên Cơ bản,Khai khoáng,Khai khoáng
MGG,Tổng Công ty Đức Giang - Công ty Cổ phần,Hàng Tiêu dùng,Hàng cá nhân & Gia dụng,Hàng cá nhân,Hàng May mặc
MGR,Công ty cổ phần Tập đoàn MGROUP,Tài chính,Bất động sản,Bất động sản,Bất động sản
MH3,Công ty Cổ phần Khu công nghiệp Cao su Bình Long,Tài chính,Bất động sản,Bất động sản,Bất động sản
MHC,Công ty Cổ phần MHC,Công nghiệp,Hàng & Dịch vụ Công nghiệp,Vận tải,Dịch vụ vận tải
MHL,Công ty Cổ phần Minh Hữu Liên,Nguyên vật liệu,Tài nguyên Cơ bản,Kim loại,Thép và sản phẩm thép
MHP,Công ty Cổ Phần Môi Trường Và Dịch Vụ Đô Thị Việt Trì,Công nghiệp,Hàng & Dịch vụ Công nghiệp,Tư vấn & Hỗ trợ Kinh doanh,Chất thải & Môi trường
MIC,Công ty Cổ phần Kỹ nghệ Khoáng sản Quảng Nam,Nguyên vật liệu,Tài nguyên Cơ bản,Khai khoáng,Khai khoáng
MIE,Tổng Công ty Máy và Thiết bị Công nghiệp - CTCP,Công nghiệp,Hàng & Dịch vụ Công nghiệp,Công nghiệp nặng,Máy công nghiệp
MIG,Tổng Công ty Cổ phần Bảo hiểm Quân đội,Tài chính,Bảo hiểm,Bảo hiểm phi nhân thọ,Bảo hiểm phi nhân thọ
MIM,Công ty Cổ phần Khoáng sản và Cơ khí,Nguyên vật liệu,Tài nguyên Cơ bản,Khai khoáng,Khai khoáng
MKP,Công ty Cổ phần Hóa - Dược phẩm Mekophar,Dược phẩm và Y tế,Y tế,Dược phẩm,Dược phẩm
MKV,Công ty Cổ phần Dược Thú Y Cai Lậy,Dược phẩm và Y tế,Y tế,Dược phẩm,Dược phẩm
MLC,Công ty Cổ phần Môi trường Đô thị Tỉnh Lào Cai,Công nghiệp,Hàng & Dịch vụ Công nghiệp,Tư vấn & Hỗ trợ Kinh doanh,Chất thải & Môi trường
MLS,Công ty Cổ phần Chăn nuôi - Mitraco,Hàng Tiêu dùng,Thực phẩm và đồ uống,Sản xuất thực phẩm,Nuôi trồng nông & hải sản
MML,Công ty Cổ phần Masan MEATLife,Hàng Tiêu dùng,Thực phẩm và đồ uống,Sản xuất thực phẩm,Thực phẩm
MNB,Tổng Công ty May Nhà Bè - Công ty Cổ phần,Hàng Tiêu dùng,Hàng cá nhân & Gia dụng,Hàng cá nhân,Hàng May mặc
MND,Công ty Cổ phần Môi trường Nam Định,Công nghiệp,Hàng & Dịch vụ Công nghiệp,Tư vấn & Hỗ trợ Kinh doanh,Chất thải & Môi trường
MPC,Công ty Cổ phần Tập đoàn Thủy sản Minh Phú,Hàng Tiêu dùng,Thực phẩm và đồ uống,Sản xuất thực phẩm,Nuôi trồng nông & hải sản
MPT,Công ty Cổ phần Tập đoàn MPT,Hàng Tiêu dùng,Hàng cá nhân & Gia dụng,Hàng cá nhân,Hàng May mặc
MPY,Công ty Cổ phần Môi trường đô thị Phú Yên,Công nghiệp,Hàng & Dịch vụ Công nghiệp,Tư vấn & Hỗ trợ Kinh doanh,Chất thải & Môi trường
MQB,Công ty Cổ phần Môi trường và Phát triển đô thị Quảng Bình,Công nghiệp,Hàng & Dịch vụ Công nghiệp,Tư vấn & Hỗ trợ Kinh doanh,Chất thải & Môi trường
MQN,Công ty Cổ phần Môi trường đô thị Quảng Ngãi,Công nghiệp,Hàng & Dịch vụ Công nghiệp,Tư vấn & Hỗ trợ Kinh doanh,Chất thải & Môi trường
MRF,Công ty Cổ phần MERUFA,Dược phẩm và Y tế,Y tế,Thiết bị và Dịch vụ Y tế,Thiết bị y tế
MSB,Ngân hàng Thương mại Cổ phần Hàng Hải Việt Nam,Ngân hàng,Ngân hàng,Ngân hàng,Ngân hàng
MSH,Công ty Cổ phần May Sông Hồng,Hàng Tiêu dùng,Hàng cá nhân & Gia dụng,Hàng cá nhân,Hàng May mặc
MSN,Công ty Cổ phần Tập đoàn Masan,Hàng Tiêu dùng,Thực phẩm và đồ uống,Sản xuất thực phẩm,Thực phẩm
MSR,Công ty Cổ phần Masan High-Tech Materials,Nguyên vật liệu,Tài nguyên Cơ bản,Khai khoáng,Khai khoáng
MST,Công ty Cổ phần Đầu tư MST,Công nghiệp,Xây dựng và Vật liệu,Xây dựng và Vật liệu,Xây dựng
MT7,Công ty Cổ phần Sản Xuất Thương Mại Dịch Vụ Xây Dựng Minh Thành,Dịch vụ Tiêu dùng,Du lịch và Giải trí,Du lịch & Giải trí,Nhà hàng và quán bar
MT9,Công ty Cổ phần 319 Miền Trung,Công nghiệp,Xây dựng và Vật liệu,Xây dựng và Vật liệu,Xây dựng
MTA,Tổng Công ty Khoáng sản và Thương mại Hà Tĩnh - Công ty Cổ phần,Nguyên vật liệu,Tài nguyên Cơ bản,Khai khoáng,Khai khoáng
MTB,Công ty Cổ phần Môi trường và Công trình đô thị tỉnh Thái Bình,Công nghiệp,Hàng & Dịch vụ Công nghiệp,Tư vấn & Hỗ trợ Kinh doanh,Chất thải & Môi trường
MTC,Công ty Cổ phần Dịch vụ Du lịch Mỹ Trà,Dịch vụ Tiêu dùng,Du lịch và Giải trí,Du lịch & Giải trí,Nhà hàng và quán bar
MTG,Công ty Cổ phần MT Gas,Tiện ích Cộng đồng,"Điện, nước & xăng dầu khí đốt",Nước & Khí đốt,Phân phối xăng dầu & khí đốt
MTH,Công ty Cổ phần Môi trường Đô thị Hà Đông,Công nghiệp,Hàng & Dịch vụ Công nghiệp,Tư vấn & Hỗ trợ Kinh doanh,Chất thải & Môi trường
MTL,Công ty Cổ phần Dịch vụ Môi trường Đô thị Từ Liêm,Công nghiệp,Hàng & Dịch vụ Công nghiệp,Tư vấn & Hỗ trợ Kinh doanh,Chất thải & Môi trường
MTN,Công ty Cổ phần Tập Đoàn Truyền Thông Thanh Niên,Dịch vụ Tiêu dùng,Truyền thông,Truyền thông,Dịch vụ truyền thông
MTP,Công ty Cổ phần Dược Medipharco,Dược phẩm và Y tế,Y tế,Dược phẩm,Dược phẩm
MTS,Công ty Cổ phần Vật tư - TKV,Công nghiệp,Hàng & Dịch vụ Công nghiệp,Tư vấn & Hỗ trợ Kinh doanh,Nhà cung cấp thiết bị
MTV,Công ty Cổ phần Dịch vụ Môi trường và Công trình Đô thị Vũng Tàu,Công nghiệp,Hàng & Dịch vụ Công nghiệp,Tư vấn & Hỗ trợ Kinh doanh,Chất thải & Môi trường
MTX,Công ty Cổ phần Công trình Đô thị Gò Công,Công nghiệp,Hàng & Dịch vụ Công nghiệp,Tư vấn & Hỗ trợ Kinh doanh,Chất thải & Môi trường
MVB,Tổng Công ty Công nghiệp mỏ Việt Bắc TKV - Công ty Cổ phần,Nguyên vật liệu,Tài nguyên Cơ bản,Khai khoáng,Khai khoáng
MVC,Công ty Cổ phần Vật liệu và Xây dựng Bình Dương,Công nghiệp,Xây dựng và Vật liệu,Xây dựng và Vật liệu,Vật liệu xây dựng & Nội thất
MVN,Tổng Công ty Hàng hải Việt Nam - CTCP,Công nghiệp,Hàng & Dịch vụ Công nghiệp,Vận tải,Vận tải Thủy
MVT,Công ty Cp May Việt Thịnh,Hàng Tiêu dùng,Hàng cá nhân & Gia dụng,Hàng cá nhân,Hàng May mặc
MVY,Công ty Cổ phần Môi Trường Và Dịch Vụ Đô Thị Vĩnh Yên,Công nghiệp,Hàng & Dịch vụ Công nghiệp,Tư vấn & Hỗ trợ Kinh doanh,Chất thải & Môi trường
MWG,Công ty Cổ phần Đầu tư Thế Giới Di Động,Dịch vụ Tiêu dùng,Bán lẻ,Bán lẻ,Phân phối hàng chuyên dụng
MZG,Công ty Cổ Phần Miza,Nguyên vật liệu,Tài nguyên Cơ bản,Lâm nghiệp và Giấy,Sản xuất giấy
NAB,Ngân hàng Thương mại Cổ phần Nam Á,Ngân hàng,Ngân hàng,Ngân hàng,Ngân hàng
NAC,Công ty Cổ phần Tư vấn Xây dựng Tổng hợp,Công nghiệp,Xây dựng và Vật liệu,Xây dựng và Vật liệu,Xây dựng
NAF,Công ty Cổ phần Nafoods Group,Hàng Tiêu dùng,Thực phẩm và đồ uống,Bia và đồ uống,Đồ uống & giải khát
NAG,Công ty Cổ phần Tập đoàn Nagakawa,Công nghiệp,Hàng & Dịch vụ Công nghiệp,Điện tử & Thiết bị điện,Hàng điện & điện tử
NAP,Công ty Cổ phần Cảng Nghệ Tĩnh,Công nghiệp,Hàng & Dịch vụ Công nghiệp,Vận tải,"Kho bãi, hậu cần và bảo dưỡng"
NAS,Công ty Cổ phần Dịch vụ Hàng không Sân bay Việt Nam,Công nghiệp,Hàng & Dịch vụ Công nghiệp,Vận tải,"Kho bãi, hậu cần và bảo dưỡng"
NAU,Công ty Cổ phần Môi trường và Công trình Đô thị Nghệ An,Công nghiệp,Hàng & Dịch vụ Công nghiệp,Tư vấn & Hỗ trợ Kinh doanh,Chất thải & Môi trường
NAV,Công ty Cổ phần Nam Việt,Công nghiệp,Xây dựng và Vật liệu,Xây dựng và Vật liệu,Vật liệu xây dựng & Nội thất
NAW,Công ty Cổ phần Cấp nước Nghệ An,Tiện ích Cộng đồng,"Điện, nước & xăng dầu khí đốt",Nước & Khí đốt,Nước
NBB,Công ty Cổ phần Đầu tư Năm Bảy Bảy,Tài chính,Bất động sản,Bất động sản,Bất động sản
NBC,Công ty Cổ phần Than Núi Béo - Vinacomin,Nguyên vật liệu,Tài nguyên Cơ bản,Khai khoáng,Khai thác Than
NBE,Công ty Cổ phần Sách và Thiết bị Giáo dục Miền Bắc,Dịch vụ Tiêu dùng,Truyền thông,Truyền thông,"Sách, ấn bản & sản phẩm văn hóa"
NBP,Công ty Cổ phần Nhiệt Điện Ninh Bình,Tiện ích Cộng đồng,"Điện, nước & xăng dầu khí đốt",Sản xuất & Phân phối Điện,Sản xuất & Phân phối Điện
NBT,Công ty Cổ phần Cấp thoát nước Bến Tre,Tiện ích Cộng đồng,"Điện, nước & xăng dầu khí đốt",Nước & Khí đốt,Nước
NBW,Công ty Cổ phần Cấp nước Nhà Bè,Tiện ích Cộng đồng,"Điện, nước & xăng dầu khí đốt",Nước & Khí đốt,Nước
NCG,Công ty Cổ phần Tập đoàn Nova Consumer,Hàng Tiêu dùng,Thực phẩm và đồ uống,Sản xuất thực phẩm,Nuôi trồng nông & hải sản
NCS,Công ty Cổ phần Suất ăn Hàng không Nội Bài,Hàng Tiêu dùng,Thực phẩm và đồ uống,Sản xuất thực phẩm,Thực phẩm
NCT,Công ty Cổ phần Dịch vụ Hàng hóa Nội Bài,Công nghiệp,Hàng & Dịch vụ Công nghiệp,Vận tải,"Kho bãi, hậu cần và bảo dưỡng"
ND2,Công ty Cổ phần Đầu tư và Phát triển điện Miền Bắc 2,Tiện ích Cộng đồng,"Điện, nước & xăng dầu khí đốt",Sản xuất & Phân phối Điện,Sản xuất & Phân phối Điện
NDC,Công ty Cổ phần Nam Dược,Dược phẩm và Y tế,Y tế,Dược phẩm,Dược phẩm
NDF,Công ty Cổ phần Chế biến thực phẩm nông sản xuất khẩu Nam Định,Hàng Tiêu dùng,Thực phẩm và đồ uống,Sản xuất thực phẩm,Thực phẩm
NDN,Công ty Cổ phần Đầu tư Phát triển Nhà Đà Nẵng,Tài chính,Bất động sản,Bất động sản,Bất động sản
NDP,Công ty Cổ phần Dược phẩm 2/9,Dược phẩm và Y tế,Y tế,Dược phẩm,Dược phẩm
NDT,Tổng Công ty Cổ phần Dệt may Nam Định,Hàng Tiêu dùng,Hàng cá nhân & Gia dụng,Hàng cá nhân,Hàng May mặc
NDW,Công ty Cổ phần Cấp nước Nam Định,Tiện ích Cộng đồng,"Điện, nước & xăng dầu khí đốt",Nước & Khí đốt,Nước
NDX,Công ty Cổ phần Xây lắp Phát triển Nhà Đà Nẵng,Công nghiệp,Xây dựng và Vật liệu,Xây dựng và Vật liệu,Xây dựng
NED,Công ty Cổ phần Đầu tư và Phát triển Điện Tây Bắc,Công nghiệp,Xây dựng và Vật liệu,Xây dựng và Vật liệu,Xây dựng
NEM,Công ty Cổ phần Thiết bị Điện Miền Bắc,Công nghiệp,Hàng & Dịch vụ Công nghiệp,Điện tử & Thiết bị điện,Thiết bị điện
NET,Công ty Cổ phần Bột giặt Net,Hàng Tiêu dùng,Hàng cá nhân & Gia dụng,Hàng cá nhân,Hàng cá nhân
NFC,Công ty Cổ phần Phân lân Ninh Bình,Nguyên vật liệu,Hóa chất,Hóa chất,"Sản phẩm hóa dầu, Nông dược & Hóa chất khác"
NGC,Công ty Cổ phần Chế biến Thủy sản Xuất khẩu Ngô Quyền,Hàng Tiêu dùng,Thực phẩm và đồ uống,Sản xuất thực phẩm,Nuôi trồng nông & hải sản
NHA,Tổng Công ty Đầu tư Phát triển Nhà và Đô thị Nam Hà Nội,Công nghiệp,Xây dựng và Vật liệu,Xây dựng và Vật liệu,Xây dựng
NHC,Công ty Cổ phần Gạch ngói Nhị Hiệp,Công nghiệp,Xây dựng và Vật liệu,Xây dựng và Vật liệu,Vật liệu xây dựng & Nội thất
NHD,Công ty Cổ phần Dược phẩm Nam Hà,Dược phẩm và Y tế,Y tế,Dược phẩm,Dược phẩm
NHH,Công ty Cổ phần Nhựa Hà Nội,Nguyên vật liệu,Hóa chất,Hóa chất,"Nhựa, cao su & sợi"
NHP,Công ty Cổ phần Sản xuất Xuất nhập khẩu NHP,Công nghiệp,Hàng & Dịch vụ Công nghiệp,Hàng công nghiệp,Containers & Đóng gói
NHT,Công ty Cổ phần Sản xuất và Thương mại Nam Hoa,Hàng Tiêu dùng,Hàng cá nhân & Gia dụng,Hàng hóa giải trí,Đồ chơi
NHV,Công ty Cổ phần Sức khỏe Hồi sinh Việt Nam,Nguyên vật liệu,Tài nguyên Cơ bản,Kim loại,Kim Loại màu
NJC,Công ty Cổ phần May Nam Định,Hàng Tiêu dùng,Hàng cá nhân & Gia dụng,Hàng cá nhân,Hàng May mặc
NKG,Công ty Cổ phần Thép Nam Kim,Nguyên vật liệu,Tài nguyên Cơ bản,Kim loại,Thép và sản phẩm thép
NLG,Công ty Cổ phần Đầu tư Nam Long,Tài chính,Bất động sản,Bất động sản,Bất động sản
NLS,Công ty Cổ phần Cấp thoát nước Lạng Sơn,Tiện ích Cộng đồng,"Điện, nước & xăng dầu khí đốt",Nước & Khí đốt,Nước
NNC,Công ty Cổ phần Đá Núi Nhỏ,Công nghiệp,Xây dựng và Vật liệu,Xây dựng và Vật liệu,Vật liệu xây dựng & Nội thất
NNG,Công ty Cổ phần Công nghiệp - Dịch vụ - Thương mại Ngọc Nghĩa,Nguyên vật liệu,Hóa chất,Hóa chất,"Nhựa, cao su & sợi"
NNQ,Công ty Cổ phần Giống Nông Nghiệp Quảng Nam,Hàng Tiêu dùng,Thực phẩm và đồ uống,Sản xuất thực phẩm,Nuôi trồng nông & hải sản
NNT,Công ty Cổ phần Cấp nước Ninh Thuận,Tiện ích Cộng đồng,"Điện, nước & xăng dầu khí đốt",Nước & Khí đốt,Nước
NO1,Công ty Cổ phần Tâp đoàn 911,Công nghiệp,Hàng & Dịch vụ Công nghiệp,Công nghiệp nặng,Máy công nghiệp
NOS,Công ty Cổ phần Vận tải Biển và Thương mại Phương Đông,Công nghiệp,Hàng & Dịch vụ Công nghiệp,Vận tải,Vận tải Thủy
NQB,Công ty Cổ phần Cấp nước Quảng Bình,Tiện ích Cộng đồng,"Điện, nước & xăng dầu khí đốt",Nước & Khí đốt,Nước
NQN,Công ty Cổ phần Nước sạch Quảng Ninh,Tiện ích Cộng đồng,"Điện, nước & xăng dầu khí đốt",Nước & Khí đốt,Nước
NQT,Công ty Cổ phần Nước sạch Quảng Trị,Tiện ích Cộng đồng,"Điện, nước & xăng dầu khí đốt",Nước & Khí đốt,Nước
NRC,Công ty Cổ phần Tập đoàn NRC,Tài chính,Bất động sản,Bất động sản,Bất động sản
NS2,Công ty Cổ phần Nước sạch số 2 Hà Nội,Tiện ích Cộng đồng,"Điện, nước & xăng dầu khí đốt",Nước & Khí đốt,Nước
NS3,Công ty Cổ phần Sản xuất Kinh doanh Nước sạch số 3 Hà Nội,Tiện ích Cộng đồng,"Điện, nước & xăng dầu khí đốt",Nước & Khí đốt,Nước
NSC,Công ty Cổ phần Tập đoàn Giống cây trồng Việt Nam,Hàng Tiêu dùng,Thực phẩm và đồ uống,Sản xuất thực phẩm,Nuôi trồng nông & hải sản
NSG,Công ty Cổ phần Nhựa Sài Gòn,Nguyên vật liệu,Hóa chất,Hóa chất,"Nhựa, cao su & sợi"
NSH,Công ty Cổ phần Tập đoàn Nhôm Sông Hồng Shalumi,Nguyên vật liệu,Tài nguyên Cơ bản,Kim loại,Nhôm
NSL,Công ty Cổ phần Cấp nước Sơn La,Tiện ích Cộng đồng,"Điện, nước & xăng dầu khí đốt",Nước & Khí đốt,Nước
NSS,Công ty Cổ phần Nông súc sản Đồng Nai,Hàng Tiêu dùng,Thực phẩm và đồ uống,Sản xuất thực phẩm,Nuôi trồng nông & hải sản
NST,Công ty Cổ phần Ngân Sơn,Hàng Tiêu dùng,Hàng cá nhân & Gia dụng,Thuốc lá,Thuốc lá
NT2,Công ty Cổ phần Điện lực Dầu khí Nhơn Trạch 2,Tiện ích Cộng đồng,"Điện, nước & xăng dầu khí đốt",Sản xuất & Phân phối Điện,Sản xuất & Phân phối Điện
NTB,Công ty Cổ phần Đầu tư Xây dựng và Khai thác Công trình giao thông 584,Tài chính,Bất động sản,Bất động sản,Bất động sản
NTC,Công ty Cổ phần Khu Công nghiệp Nam Tân Uyên,Tài chính,Bất động sản,Bất động sản,Bất động sản
NTF,Công ty Cổ phần Dược - Vật tư y tế Nghệ An,Dược phẩm và Y tế,Y tế,Dược phẩm,Dược phẩm
NTG,Công ty Cổ phần Vận tải thủy bộ Kiên Giang,Dịch vụ Tiêu dùng,Du lịch và Giải trí,Du lịch & Giải trí,Vận tải hành khách & Du lịch
NTH,Công ty Cổ phần Thủy điện Nước Trong,Tiện ích Cộng đồng,"Điện, nước & xăng dầu khí đốt",Sản xuất & Phân phối Điện,Sản xuất & Phân phối Điện
NTL,Công ty Cổ phần Phát triển Đô thị Từ Liêm,Tài chính,Bất động sản,Bất động sản,Bất động sản
NTP,Công ty Cổ phần Nhựa Thiếu niên Tiền Phong,Công nghiệp,Xây dựng và Vật liệu,Xây dựng và Vật liệu,Vật liệu xây dựng & Nội thất
NTS,Công ty Cổ phần Nội thất Shinec,Công nghiệp,Xây dựng và Vật liệu,Xây dựng và Vật liệu,Vật liệu xây dựng & Nội thất
NTT,Công ty Cổ phần Dệt - May Nha Trang,Hàng Tiêu dùng,Hàng cá nhân & Gia dụng,Hàng cá nhân,Hàng May mặc
NTW,Công ty Cổ phần Cấp nước Nhơn Trạch,Tiện ích Cộng đồng,"Điện, nước & xăng dầu khí đốt",Nước & Khí đốt,Nước
NUE,Công ty Cổ phần Môi trường Đô thị Nha Trang,Công nghiệp,Hàng & Dịch vụ Công nghiệp,Tư vấn & Hỗ trợ Kinh doanh,Chất thải & Môi trường
NVB,Ngân hàng Thương mại Cổ phần Quốc Dân,Ngân hàng,Ngân hàng,Ngân hàng,Ngân hàng
NVL,Công ty Cổ phần Tập đoàn Đầu tư Địa ốc No Va,Tài chính,Bất động sản,Bất động sản,Bất động sản
NVN,Công ty Cổ phần Nhà Việt Nam,Tài chính,Bất động sản,Bất động sản,Bất động sản
NVP,Công ty Cổ phần Nước sạch Vĩnh Phúc,Tiện ích Cộng đồng,"Điện, nước & xăng dầu khí đốt",Nước & Khí đốt,Nước
NVT,Công ty Cổ phần Bất động sản Du lịch Ninh Vân Bay,Tài chính,Bất động sản,Bất động sản,Bất động sản
NWT,Công ty Cổ phần Vận tải Newway,Dịch vụ Tiêu dùng,Du lịch và Giải trí,Du lịch & Giải trí,Vận tải hành khách & Du lịch
NXT,Công ty Cổ phần Sản xuất và Cung ứng vật liệu xây dựng Kon Tum,Công nghiệp,Xây dựng và Vật liệu,Xây dựng và Vật liệu,Vật liệu xây dựng & Nội thất
OCB,Ngân hàng Thương mại Cổ phần Phương Đông,Ngân hàng,Ngân hàng,Ngân hàng,Ngân hàng
OCH,Công ty Cổ phần One Capital Hospitality,Hàng Tiêu dùng,Thực phẩm và đồ uống,Sản xuất thực phẩm,Thực phẩm
ODE,Công ty cổ phần Tập đoàn Truyền thông và Giải trí ODE,Dịch vụ Tiêu dùng,Truyền thông,Truyền thông,Giải trí & Truyền thông
OGC,Công ty Cổ phần Tập đoàn Đại Dương,Tài chính,Dịch vụ tài chính,Dịch vụ tài chính,Tài chính đặc biệt
OIL,Tổng Công ty Dầu Việt Nam - Công ty Cổ phần,Dầu khí,Dầu khí,Sản xuất Dầu khí,Sản xuất và Khai thác dầu khí
ONE,Công ty Cổ phần Công nghệ ONE,Công nghệ Thông tin,Công nghệ Thông tin,Thiết bị và Phần cứng,Phần cứng
ONW,Công ty Cổ phần Tập đoàn ONW,Dịch vụ Tiêu dùng,Du lịch và Giải trí,Du lịch & Giải trí,Dịch vụ giải trí
OPC,Công ty Cổ phần Dược Phẩm OPC,Dược phẩm và Y tế,Y tế,Dược phẩm,Dược phẩm
ORS,Công ty Cổ phần Chứng khoán Tiên Phong,Tài chính,Dịch vụ tài chính,Dịch vụ tài chính,Môi giới chứng khoán
PAC,Công ty Cổ phần Pin Ắc quy Miền Nam,Công nghiệp,Hàng & Dịch vụ Công nghiệp,Điện tử & Thiết bị điện,Hàng điện & điện tử
PAI,"Công ty Cổ phần Công nghê thông tin, Viễn thông và Tự động hóa Dầu khí",Viễn thông,Viễn thông,Viễn thông cố định,Viễn thông cố định
PAN,Công ty Cổ phần Tập đoàn PAN,Hàng Tiêu dùng,Thực phẩm và đồ uống,Sản xuất thực phẩm,Thực phẩm
PAP,Công ty Cổ phần Dầu khí đầu tư khai thác Cảng Phước An,Công nghiệp,Hàng & Dịch vụ Công nghiệp,Vận tải,"Kho bãi, hậu cần và bảo dưỡng"
PAS,Công ty Cổ phần Quốc tế Phương Anh,Nguyên vật liệu,Tài nguyên Cơ bản,Kim loại,Thép và sản phẩm thép
PAT,Công ty Cổ phần Phốt pho Apatit Việt Nam,Nguyên vật liệu,Hóa chất,Hóa chất,"Sản phẩm hóa dầu, Nông dược & Hóa chất khác"
PBC,Công ty Cổ phần Dược Phẩm Trung ương 1 - Pharbaco,Dược phẩm và Y tế,Y tế,Dược phẩm,Dược phẩm
PBK,Công ty Cổ phần Điện lực Dầu khí Bắc Kạn,Tiện ích Cộng đồng,"Điện, nước & xăng dầu khí đốt",Sản xuất & Phân phối Điện,Sản xuất & Phân phối Điện
PBP,Công ty Cổ phần Bao bì Dầu khí Việt Nam,Công nghiệp,Hàng & Dịch vụ Công nghiệp,Hàng công nghiệp,Containers & Đóng gói
PBT,Công ty Cổ Phần Bao bì và Thương mại Dầu khí Bình Sơn,Công nghiệp,Hàng & Dịch vụ Công nghiệp,Hàng công nghiệp,Containers & Đóng gói
PC1,Công ty Cổ phần Tập đoàn PC1,Công nghiệp,Xây dựng và Vật liệu,Xây dựng và Vật liệu,Xây dựng
PCB,Ngân hàng Thương mại Cổ phần Đại chúng Việt Nam,Ngân hàng,Ngân hàng,Ngân hàng,Ngân hàng
PCC,Công ty Cổ phần Tập đoàn Xây lắp 1 - Petrolimex,Công nghiệp,Xây dựng và Vật liệu,Xây dựng và Vật liệu,Xây dựng
PCE,Công ty Cổ phần Phân bón và hóa chất dầu khí Miền Trung,Nguyên vật liệu,Hóa chất,Hóa chất,"Sản phẩm hóa dầu, Nông dược & Hóa chất khác"
PCF,Công ty Cổ phần Cà phê PETEC,Hàng Tiêu dùng,Thực phẩm và đồ uống,Bia và đồ uống,Đồ uống & giải khát
PCG,Công ty Cổ phần Đầu tư Phát triển Gas Đô thị,Tiện ích Cộng đồng,"Điện, nước & xăng dầu khí đốt",Nước & Khí đốt,Phân phối xăng dầu & khí đốt
PCH,Công ty Cổ phần Picomat Holding,Nguyên vật liệu,Hóa chất,Hóa chất,"Nhựa, cao su & sợi"
PCM,Công ty Cổ phần Vật liệu Xây dựng Bưu điện,Công nghiệp,Xây dựng và Vật liệu,Xây dựng và Vật liệu,Vật liệu xây dựng & Nội thất
PCN,Công ty Cổ phần Hóa phẩm dầu khí DMC - Miền Bắc,Nguyên vật liệu,Hóa chất,Hóa chất,"Sản phẩm hóa dầu, Nông dược & Hóa chất khác"
PCT,Công ty Cổ phần Vận tải Biển Global Pacific,Công nghiệp,Hàng & Dịch vụ Công nghiệp,Vận tải,Dịch vụ vận tải
PDB,Công ty Cổ phần Tập đoàn Đầu tư DIN Capital,Công nghiệp,Xây dựng và Vật liệu,Xây dựng và Vật liệu,Vật liệu xây dựng & Nội thất
PDC,Công ty Cổ phần Du lịch Dầu khí Phương Đông,Dịch vụ Tiêu dùng,Du lịch và Giải trí,Du lịch & Giải trí,Vận tải hành khách & Du lịch
PDN,Công ty Cổ phần Cảng Đồng Nai,Công nghiệp,Hàng & Dịch vụ Công nghiệp,Vận tải,"Kho bãi, hậu cần và bảo dưỡng"
PDR,Công ty Cổ phần Phát triển Bất động sản Phát Đạt,Tài chính,Bất động sản,Bất động sản,Bất động sản
PDT,Công ty Cổ phần Thương mại Dầu khí Đồng Tháp,Tiện ích Cộng đồng,"Điện, nước & xăng dầu khí đốt",Nước & Khí đốt,Phân phối xăng dầu & khí đốt
PDV,Công ty Cổ phần Vận tải và Tiếp vận Phương Đông Việt,Công nghiệp,Hàng & Dịch vụ Công nghiệp,Vận tải,Vận tải Thủy
PEC,Công ty Cổ phần Cơ khí Điện lực,Công nghiệp,Hàng & Dịch vụ Công nghiệp,Công nghiệp nặng,Máy công nghiệp
PEG,Tổng Công ty Thương mại Kỹ thuật và Đầu tư - Công ty Cổ phần,Tiện ích Cộng đồng,"Điện, nước & xăng dầu khí đốt",Nước & Khí đốt,Phân phối xăng dầu & khí đốt
PEN,Công ty Cổ phần Xây lắp III Petrolimex,Công nghiệp,Xây dựng và Vật liệu,Xây dựng và Vật liệu,Xây dựng
PEQ,Công ty Cổ phần Thiết bị xăng dầu Petrolimex,Dầu khí,Dầu khí,"Thiết bị, Dịch vụ và Phân phối Dầu khí",Thiết bị và Dịch vụ Dầu khí
PET,Tổng Công ty Cổ phần Dịch vụ Tổng hợp Dầu khí,Dịch vụ Tiêu dùng,Bán lẻ,Bán lẻ,Phân phối hàng chuyên dụng
PFL,Công ty Cổ phần Dầu khí Đông Đô,Công nghiệp,Xây dựng và Vật liệu,Xây dựng và Vật liệu,Xây dựng
PGB,Ngân hàng Thương mại Cổ phần Thịnh vượng và Phát triển,Ngân hàng,Ngân hàng,Ngân hàng,Ngân hàng
PGC,Tổng Công ty Gas Petrolimex - Công ty Cổ phần,Tiện ích Cộng đồng,"Điện, nước & xăng dầu khí đốt",Nước & Khí đốt,Phân phối xăng dầu & khí đốt
PGD,Công ty Cổ phần Phân phối khí thấp áp dầu khí Việt Nam,Tiện ích Cộng đồng,"Điện, nước & xăng dầu khí đốt",Nước & Khí đốt,Phân phối xăng dầu & khí đốt
PGI,Tổng Công ty Cổ phần Bảo hiểm Petrolimex,Tài chính,Bảo hiểm,Bảo hiểm phi nhân thọ,Bảo hiểm phi nhân thọ
PGN,Công ty Cổ phần Phụ Gia Nhựa,Nguyên vật liệu,Hóa chất,Hóa chất,"Nhựa, cao su & sợi"
PGS,Công ty Cổ phần Kinh doanh Khí Miền Nam,Tiện ích Cộng đồng,"Điện, nước & xăng dầu khí đốt",Nước & Khí đốt,Phân phối xăng dầu & khí đốt
PGT,Công ty Cổ phần PGT Holdings,Dịch vụ Tiêu dùng,Du lịch và Giải trí,Du lịch & Giải trí,Vận tải hành khách & Du lịch
PGV,Tổng Công ty Phát điện 3 - Công ty Cổ phần,Tiện ích Cộng đồng,"Điện, nước & xăng dầu khí đốt",Sản xuất & Phân phối Điện,Sản xuất & Phân phối Điện
PHC,Công ty Cổ phần Xây dựng Phục Hưng Holdings,Công nghiệp,Xây dựng và Vật liệu,Xây dựng và Vật liệu,Xây dựng
PHH,Công ty Cổ phần Hồng Hà Việt Nam,Công nghiệp,Xây dựng và Vật liệu,Xây dựng và Vật liệu,Xây dựng
PHN,Công ty Cổ phần Pin Hà Nội,Công nghiệp,Hàng & Dịch vụ Công nghiệp,Điện tử & Thiết bị điện,Hàng điện & điện tử
PHP,Công ty Cổ phần Cảng Hải Phòng,Công nghiệp,Hàng & Dịch vụ Công nghiệp,Vận tải,"Kho bãi, hậu cần và bảo dưỡng"
PHR,Công ty Cổ phần Cao su Phước Hòa,Nguyên vật liệu,Hóa chất,Hóa chất,"Nhựa, cao su & sợi"
PHS,Công ty Cổ phần Chứng khoán Phú Hưng,Tài chính,Dịch vụ tài chính,Dịch vụ tài chính,Môi giới chứng khoán
PIA,Công ty Cổ phần Tin học Viễn thông Petrolimex,Viễn thông,Viễn thông,Viễn thông cố định,Viễn thông cố định
PIC,Công ty Cổ phần Đầu tư Điện lực 3,Tiện ích Cộng đồng,"Điện, nước & xăng dầu khí đốt",Sản xuất & Phân phối Điện,Sản xuất & Phân phối Điện
PID,Công ty Cổ phần Trang trí nội thất Dầu khí,Công nghiệp,Xây dựng và Vật liệu,Xây dựng và Vật liệu,Vật liệu xây dựng & Nội thất
PIS,Tổng Công ty Pisico Bình Định - Công ty Cổ phần,Nguyên vật liệu,Tài nguyên Cơ bản,Lâm nghiệp và Giấy,Lâm sản và Chế biến gỗ
PIT,Công ty Cổ phần Xuất nhập khẩu Petrolimex,Dịch vụ Tiêu dùng,Bán lẻ,Bán lẻ,Bán lẻ phức hợp
PIV,Công ty Cổ phần PIV,Tài chính,Bất động sản,Bất động sản,"Tư Vấn, Định giá, Môi giới Bất động sản"
PJC,Công ty Cổ phần Thương mại và Vận tải Petrolimex Hà Nội,Tiện ích Cộng đồng,"Điện, nước & xăng dầu khí đốt",Nước & Khí đốt,Phân phối xăng dầu & khí đốt
PJS,Công ty Cổ phần Cấp nước Phú Hòa Tân,Tiện ích Cộng đồng,"Điện, nước & xăng dầu khí đốt",Nước & Khí đốt,Nước
PJT,Công ty Cổ phần Vận tải Xăng dầu đường thủy Petrolimex,Công nghiệp,Hàng & Dịch vụ Công nghiệp,Vận tải,Vận tải Thủy
PLA,Công ty Cổ phần Đầu tư và Dịch vụ hạ tầng Xăng dầu,Công nghiệp,Xây dựng và Vật liệu,Xây dựng và Vật liệu,Xây dựng
PLC,Tổng Công ty Hóa dầu Petrolimex - Công ty Cổ phần,Nguyên vật liệu,Hóa chất,Hóa chất,"Sản phẩm hóa dầu, Nông dược & Hóa chất khác"
PLE,Công ty Cổ phần Tư vấn Xây dựng Petrolimex,Công nghiệp,Xây dựng và Vật liệu,Xây dựng và Vật liệu,Xây dựng
PLO,Công ty Cổ phần Kho vận Petec,Công nghiệp,Hàng & Dịch vụ Công nghiệp,Vận tải,"Kho bãi, hậu cần và bảo dưỡng"
PLP,Công ty Cổ phần Sản xuất và Công nghệ Nhựa Pha Lê,Nguyên vật liệu,Hóa chất,Hóa chất,"Nhựa, cao su & sợi"
PLX,Tập đoàn Xăng dầu Việt Nam,Dầu khí,Dầu khí,Sản xuất Dầu khí,Sản xuất và Khai thác dầu khí
PMB,Công ty Cổ phần Phân bón và Hóa chất Dầu khí Miền Bắc,Nguyên vật liệu,Hóa chất,Hóa chất,"Sản phẩm hóa dầu, Nông dược & Hóa chất khác"
PMC,Công ty Cổ phần Dược phẩm Dược liệu Pharmedic,Dược phẩm và Y tế,Y tế,Dược phẩm,Dược phẩm
PMG,Công ty Cổ phần Đầu tư và Sản xuất Petro Miền Trung,Tiện ích Cộng đồng,"Điện, nước & xăng dầu khí đốt",Nước & Khí đốt,Phân phối xăng dầu & khí đốt
PMJ,Công ty Cổ phần Vật tư Bưu điện,Công nghệ Thông tin,Công nghệ Thông tin,Thiết bị và Phần cứng,Thiết bị viễn thông
PMP,Công ty Cổ phần Bao bì Đạm Phú Mỹ,Công nghiệp,Hàng & Dịch vụ Công nghiệp,Hàng công nghiệp,Containers & Đóng gói
PMS,Công ty Cổ phần Cơ khí Xăng dầu,Công nghiệp,Hàng & Dịch vụ Công nghiệp,Công nghiệp nặng,Máy công nghiệp
PMT,Công ty Cổ phần Viễn thông Telvina Việt Nam,Công nghệ Thông tin,Công nghệ Thông tin,Thiết bị và Phần cứng,Thiết bị viễn thông
PMW,Công ty Cổ phần Cấp Nước Phú Mỹ,Tiện ích Cộng đồng,"Điện, nước & xăng dầu khí đốt",Nước & Khí đốt,Nước
PNC,Công ty Cổ phần Văn hóa Phương Nam,Dịch vụ Tiêu dùng,Truyền thông,Truyền thông,"Sách, ấn bản & sản phẩm văn hóa"
PND,Công ty Cổ phần Xăng dầu Dầu khí Nam Định,Tiện ích Cộng đồng,"Điện, nước & xăng dầu khí đốt",Nước & Khí đốt,Phân phối xăng dầu & khí đốt
PNG,Công ty Cổ phần Thương Mại Phú Nhuận,Dịch vụ Tiêu dùng,Du lịch và Giải trí,Du lịch & Giải trí,Nhà hàng và quán bar
PNJ,Công ty Cổ phần Vàng bạc Đá quý Phú Nhuận,Hàng Tiêu dùng,Hàng cá nhân & Gia dụng,Hàng cá nhân,Hàng cá nhân
PNP,Công ty Cổ phần Tân Cảng – Phú Hữu,Công nghiệp,Hàng & Dịch vụ Công nghiệp,Vận tải,Vận tải Thủy
PNT,Công ty Cổ phần Kỹ thuật Xây dựng Phú Nhuận,Công nghiệp,Xây dựng và Vật liệu,Xây dựng và Vật liệu,Xây dựng
POB,Công ty Cổ phần Xăng dầu Dầu khí Hưng Yên,Tiện ích Cộng đồng,"Điện, nước & xăng dầu khí đốt",Nước & Khí đốt,Phân phối xăng dầu & khí đốt
POF,Quỹ Đầu tư Cơ Hội PVI,Tài chính,Dịch vụ tài chính,Quỹ đầu tư,Quỹ đầu tư
POM,Công ty Cổ phần Thép Pomina,Nguyên vật liệu,Tài nguyên Cơ bản,Kim loại,Thép và sản phẩm thép
POS,Công ty Cổ phần Vận hành và Xây lắp PTSC,Dầu khí,Dầu khí,"Thiết bị, Dịch vụ và Phân phối Dầu khí",Thiết bị và Dịch vụ Dầu khí
POT,Công ty Cổ phần Thiết bị Bưu điện,Công nghệ Thông tin,Công nghệ Thông tin,Thiết bị và Phần cứng,Phần cứng
POV,Công ty Cổ phần Xăng dầu Dầu khí Vũng Áng,Tiện ích Cộng đồng,"Điện, nước & xăng dầu khí đốt",Nước & Khí đốt,Phân phối xăng dầu & khí đốt
POW,Tổng Công ty Điện lực Dầu khí Việt Nam - CTCP,Tiện ích Cộng đồng,"Điện, nước & xăng dầu khí đốt",Sản xuất & Phân phối Điện,Sản xuất & Phân phối Điện
PPC,Công ty Cổ phần Nhiệt điện Phả Lại,Tiện ích Cộng đồng,"Điện, nước & xăng dầu khí đốt",Sản xuất & Phân phối Điện,Sản xuất & Phân phối Điện
PPE,Công ty Cổ phần Tư vấn Đầu tư PP Enterprise,Công nghiệp,Hàng & Dịch vụ Công nghiệp,Tư vấn & Hỗ trợ Kinh doanh,Tư vấn & Hỗ trợ KD
PPH,Tổng Công ty Cổ phần Phong Phú,Hàng Tiêu dùng,Hàng cá nhân & Gia dụng,Hàng cá nhân,Hàng May mặc
PPI,Công ty Cổ phần Đầu tư và Phát triển dự án hạ tầng Thái Bình Dương,Tài chính,Bất động sản,Bất động sản,Bất động sản
PPP,Công ty Cổ phần Dược phẩm Phong Phú,Dược phẩm và Y tế,Y tế,Dược phẩm,Dược phẩm
PPS,Công ty Cổ phần Dịch vụ Kỹ thuật Điện lực Dầu khí Việt Nam,Công nghiệp,Hàng & Dịch vụ Công nghiệp,Tư vấn & Hỗ trợ Kinh doanh,Tư vấn & Hỗ trợ KD
PPT,Công ty cổ phần Petro Times,Tiện ích Cộng đồng,"Điện, nước & xăng dầu khí đốt",Nước & Khí đốt,Phân phối xăng dầu & khí đốt
PPY,Công ty Cổ phần Xăng dầu dầu khí Phú Yên,Tiện ích Cộng đồng,"Điện, nước & xăng dầu khí đốt",Nước & Khí đốt,Phân phối xăng dầu & khí đốt
PQN,Công ty Cổ phần Dịch vụ Dầu khí Quảng Ngãi PTSC,Công nghiệp,Hàng & Dịch vụ Công nghiệp,Vận tải,"Kho bãi, hậu cần và bảo dưỡng"
PRC,Công ty Cổ phần Logistics Portserco,Công nghiệp,Hàng & Dịch vụ Công nghiệp,Vận tải,Dịch vụ vận tải
PRE,Tổng Công ty Cổ phần Tái bảo hiểm Hà Nội,Tài chính,Bảo hiểm,Bảo hiểm phi nhân thọ,Tái bảo hiểm
PRO,Công ty Cổ phần Procimex Việt Nam,Hàng Tiêu dùng,Thực phẩm và đồ uống,Sản xuất thực phẩm,Thực phẩm
PRT,Tổng Công ty Sản xuất - Xuất nhập khẩu Bình Dương - Công ty cổ phần,Tài chính,Bất động sản,Bất động sản,Bất động sản
PSB,Công ty Cổ phần Đầu tư Dầu khí Sao Mai Bến Đình,Công nghiệp,Xây dựng và Vật liệu,Xây dựng và Vật liệu,Xây dựng
PSC,Công ty Cổ phần Vận tải và Dịch vụ Petrolimex Sài Gòn,Công nghiệp,Hàng & Dịch vụ Công nghiệp,Vận tải,Dịch vụ vận tải
PSD,Công ty Cổ phần Dịch vụ Phân phối Tổng hợp Dầu khí,Dịch vụ Tiêu dùng,Bán lẻ,Bán lẻ,Phân phối hàng chuyên dụng
PSE,Công ty Cổ phần Phân bón và hóa chất dầu khí Đông Nam Bộ,Nguyên vật liệu,Hóa chất,Hóa chất,"Sản phẩm hóa dầu, Nông dược & Hóa chất khác"
PSG,Công ty Cổ phần Đầu tư và Xây lắp Dầu khí Sài Gòn,Công nghiệp,Xây dựng và Vật liệu,Xây dựng và Vật liệu,Xây dựng
PSH,Công ty Cổ phần Thương mại Đầu tư Dầu khí Nam Sông Hậu,Tiện ích Cộng đồng,"Điện, nước & xăng dầu khí đốt",Nước & Khí đốt,Phân phối xăng dầu & khí đốt
PSI,Công ty Cổ phần Chứng khoán Dầu khí,Tài chính,Dịch vụ tài chính,Dịch vụ tài chính,Môi giới chứng khoán
PSL,Công ty Cổ phần Chăn nuôi Phú Sơn,Hàng Tiêu dùng,Thực phẩm và đồ uống,Sản xuất thực phẩm,Nuôi trồng nông & hải sản
PSN,Công ty Cổ phần Dịch vụ Kỹ thuật PTSC Thanh Hóa,Công nghiệp,Hàng & Dịch vụ Công nghiệp,Vận tải,"Kho bãi, hậu cần và bảo dưỡng"
PSP,Công ty Cổ phần Cảng Dịch vụ Dầu khí Đình Vũ,Công nghiệp,Hàng & Dịch vụ Công nghiệp,Vận tải,Dịch vụ vận tải
PSW,Công ty Cổ phần Phân bón và hóa chất dầu khí Tây Nam Bộ,Nguyên vật liệu,Hóa chất,Hóa chất,"Sản phẩm hóa dầu, Nông dược & Hóa chất khác"
PTB,Công ty Cổ phần Phú Tài,Nguyên vật liệu,Tài nguyên Cơ bản,Lâm nghiệp và Giấy,Lâm sản và Chế biến gỗ
PTC,Công ty Cổ phần Đầu tư ICAPITAL,Công nghiệp,Xây dựng và Vật liệu,Xây dựng và Vật liệu,Xây dựng
PTD,Công ty Cổ phần Thiết kế - Xây dựng - Thương mại Phúc Thịnh,Công nghiệp,Xây dựng và Vật liệu,Xây dựng và Vật liệu,Xây dựng
PTE,Công ty Cổ phần Xi măng Phú Thọ,Công nghiệp,Xây dựng và Vật liệu,Xây dựng và Vật liệu,Vật liệu xây dựng & Nội thất
PTG,Công ty Cổ phần May Xuất Khẩu Phan Thiết,Hàng Tiêu dùng,Hàng cá nhân & Gia dụng,Hàng cá nhân,Hàng May mặc
PTH,Công ty Cổ phần Vận tải và Dịch vụ Petrolimex Hà Tây,Tiện ích Cộng đồng,"Điện, nước & xăng dầu khí đốt",Nước & Khí đốt,Phân phối xăng dầu & khí đốt
PTI,Tổng Công ty Cổ phần Bảo hiểm Bưu điện,Tài chính,Bảo hiểm,Bảo hiểm phi nhân thọ,Bảo hiểm phi nhân thọ
PTL,Công ty Cổ phần Victory Group,Tài chính,Bất động sản,Bất động sản,Bất động sản
PTM,"Công ty Cổ phần Sản xuất, Thương mại Và Dịch vụ Ô tô PTM",Hàng Tiêu dùng,Ô tô và phụ tùng,Ô tô và phụ tùng,Sản xuất ô tô
PTN,Công ty Cổ phần Phát triển Nhà Khánh Hòa,Tài chính,Bất động sản,Bất động sản,Bất động sản
PTO,Công ty Cổ phần Dịch vụ - Xây dựng Công trình Bưu điện,Công nghiệp,Xây dựng và Vật liệu,Xây dựng và Vật liệu,Xây dựng
PTP,Công ty Cổ phần PTP,Viễn thông,Viễn thông,Viễn thông cố định,Viễn thông cố định
PTS,Công ty Cổ phần Vận tải và Dịch vụ Petrolimex Hải Phòng,Công nghiệp,Hàng & Dịch vụ Công nghiệp,Vận tải,Dịch vụ vận tải
PTT,Công ty Cổ phần Vận tải Dầu khí Đông Dương,Công nghiệp,Hàng & Dịch vụ Công nghiệp,Vận tải,Dịch vụ vận tải
PTV,Công ty Cổ phần Thương mại Dầu khí,Dầu khí,Dầu khí,"Thiết bị, Dịch vụ và Phân phối Dầu khí",Thiết bị và Dịch vụ Dầu khí
PTX,Công ty Cổ phần Vận tải và Dịch vụ Petrolimex Nghệ Tĩnh,Tiện ích Cộng đồng,"Điện, nước & xăng dầu khí đốt",Nước & Khí đốt,Phân phối xăng dầu & khí đốt
PV2,Công ty Cổ phần Đầu tư PV2,Tài chính,Bất động sản,Bất động sản,Bất động sản
PVA,Công ty Cổ phần Tổng Công ty Xây lắp Dầu khí Nghệ An,Công nghiệp,Xây dựng và Vật liệu,Xây dựng và Vật liệu,Xây dựng
PVB,Công ty Cổ phần Bọc ống Dầu khí Việt Nam,Dầu khí,Dầu khí,"Thiết bị, Dịch vụ và Phân phối Dầu khí",Thiết bị và Dịch vụ Dầu khí
PVC,Tổng Công ty Hóa chất và Dịch vụ Dầu khí - Công ty Cổ phần,Dầu khí,Dầu khí,"Thiết bị, Dịch vụ và Phân phối Dầu khí",Thiết bị và Dịch vụ Dầu khí
PVD,Tổng Công ty Cổ phần Khoan và Dịch vụ khoan Dầu khí,Dầu khí,Dầu khí,"Thiết bị, Dịch vụ và Phân phối Dầu khí",Thiết bị và Dịch vụ Dầu khí
PVE,Tổng Công ty Tư vấn Thiết kế Dầu khí - Công ty Cổ phần,Dầu khí,Dầu khí,"Thiết bị, Dịch vụ và Phân phối Dầu khí",Thiết bị và Dịch vụ Dầu khí
PVG,Công ty Cổ phần Kinh doanh LPG Việt Nam,Tiện ích Cộng đồng,"Điện, nước & xăng dầu khí đốt",Nước & Khí đốt,Phân phối xăng dầu & khí đốt
PVH,Công ty Cổ phần Xây lắp Dầu khí Thanh Hóa,Công nghiệp,Xây dựng và Vật liệu,Xây dựng và Vật liệu,Xây dựng
PVI,Công ty Cổ phần PVI,Tài chính,Bảo hiểm,Bảo hiểm phi nhân thọ,Bảo hiểm phi nhân thọ
PVL,Công ty Cổ phần Địa ốc Dầu khí,Tài chính,Bất động sản,Bất động sản,Bất động sản
PVM,Công ty Cổ phần Máy - Thiết bị Dầu khí,Công nghiệp,Hàng & Dịch vụ Công nghiệp,Tư vấn & Hỗ trợ Kinh doanh,Nhà cung cấp thiết bị
PVO,Công ty Cổ phần Dầu nhờn PV Oil,Nguyên vật liệu,Hóa chất,Hóa chất,"Sản phẩm hóa dầu, Nông dược & Hóa chất khác"
PVP,Công ty Cổ phần Vận tải Dầu khí Thái Bình Dương,Công nghiệp,Hàng & Dịch vụ Công nghiệp,Vận tải,Dịch vụ vận tải
PVR,Công ty Cổ phần Đầu tư PVR Hà Nội,Tài chính,Bất động sản,Bất động sản,Bất động sản
PVS,Tổng Công ty Cổ phần Dịch vụ Kỹ thuật Dầu khí Việt Nam,Dầu khí,Dầu khí,"Thiết bị, Dịch vụ và Phân phối Dầu khí",Thiết bị và Dịch vụ Dầu khí
PVT,Tổng Công ty Cổ phần Vận tải Dầu khí,Công nghiệp,Hàng & Dịch vụ Công nghiệp,Vận tải,Vận tải Thủy
PVV,Công ty Cổ phần Vinaconex 39,Công nghiệp,Xây dựng và Vật liệu,Xây dựng và Vật liệu,Xây dựng
PVX,Tổng Công ty Cổ phần Xây lắp Dầu khí Việt Nam,Công nghiệp,Xây dựng và Vật liệu,Xây dựng và Vật liệu,Xây dựng
PVY,Công ty Cổ phần Chế tạo Giàn khoan Dầu khí,Công nghiệp,Xây dựng và Vật liệu,Xây dựng và Vật liệu,Xây dựng
PWA,Công ty Cổ phần Bất động sản dầu khí,Tài chính,Bất động sản,Bất động sản,Bất động sản
PWS,Công ty Cổ phần Cấp thoát nước Phú Yên,Tiện ích Cộng đồng,"Điện, nước & xăng dầu khí đốt",Nước & Khí đốt,Nước
PX1,Công ty Cổ phần Xi măng Sông Lam 2,Công nghiệp,Xây dựng và Vật liệu,Xây dựng và Vật liệu,Vật liệu xây dựng & Nội thất
PXA,Công ty Cổ phần Đầu tư và Thương mại Dầu khí Nghệ An,Tài chính,Bất động sản,Bất động sản,Bất động sản
PXC,Công ty Cổ phần Phát triển Đô thị Dầu khí,Tài chính,Bất động sản,Bất động sản,Bất động sản
PXH,Công ty Cổ phần Xây lắp Dầu khí Hà Nội,Công nghiệp,Xây dựng và Vật liệu,Xây dựng và Vật liệu,Xây dựng
PXI,Công ty Cổ phần Xây dựng Công nghiệp và Dân dụng Dầu khí,Công nghiệp,Xây dựng và Vật liệu,Xây dựng và Vật liệu,Xây dựng
PXK,Công ty Cổ phần Đầu tư và Xây lắp dầu khí Kinh Bắc,Công nghiệp,Xây dựng và Vật liệu,Xây dựng và Vật liệu,Xây dựng
PXL,Công ty Cổ phần Đầu tư Khu Công Nghiệp Dầu khí Long Sơn,Tài chính,Bất động sản,Bất động sản,Bất động sản
PXM,Công ty Cổ phần Xây lắp Dầu khí Miền Trung,Công nghiệp,Xây dựng và Vật liệu,Xây dựng và Vật liệu,Xây dựng
PXP VEEF,PXP Vietnam Emerging Equity Fund,Tài chính,Dịch vụ tài chính,Quỹ đầu tư,Quỹ đầu tư
PXS,Công ty Cổ phần Kết cấu Kim loại và Lắp máy Dầu khí,Công nghiệp,Xây dựng và Vật liệu,Xây dựng và Vật liệu,Xây dựng
PXT,Công ty Cổ phần Xây lắp Đường ống Bể chứa Dầu khí,Công nghiệp,Xây dựng và Vật liệu,Xây dựng và Vật liệu,Xây dựng
PYNELITE,PYN Elite Fund,Tài chính,Dịch vụ tài chính,Quỹ đầu tư,Quỹ đầu tư
QBR,Công ty Cổ phần Đường sắt Quảng Bình,Công nghiệp,Hàng & Dịch vụ Công nghiệp,Vận tải,Đường sắt
QBS,Công ty Cổ phần Xuất nhập khẩu Quảng Bình,Nguyên vật liệu,Hóa chất,Hóa chất,"Sản phẩm hóa dầu, Nông dược & Hóa chất khác"
QCC,Công ty Cổ phần Đầu tư Xây dựng và Phát triển Hạ tầng Viễn Thông,Công nghiệp,Xây dựng và Vật liệu,Xây dựng và Vật liệu,Xây dựng
QCG,Công ty Cổ phần Quốc Cường Gia Lai,Tài chính,Bất động sản,Bất động sản,Bất động sản
QHD,Công ty Cổ phần Que hàn điện Việt Đức,Công nghiệp,Hàng & Dịch vụ Công nghiệp,Hàng công nghiệp,Công nghiệp phức hợp
QHW,Công ty Cổ phần Nước khoáng Quảng Ninh,Hàng Tiêu dùng,Thực phẩm và đồ uống,Bia và đồ uống,Đồ uống & giải khát
QLD,Công ty Cổ phần Quản lý và Xây dựng Giao thông Lạng Sơn,Công nghiệp,Xây dựng và Vật liệu,Xây dựng và Vật liệu,Xây dựng
QLT,Công ty Cổ phần Quản Lý Bảo Trì Đường Thủy Nội Địa Số 10,Công nghiệp,Hàng & Dịch vụ Công nghiệp,Vận tải,"Kho bãi, hậu cần và bảo dưỡng"
QNC,Công ty Cổ phần Xi măng và Xây dựng Quảng Ninh,Công nghiệp,Xây dựng và Vật liệu,Xây dựng và Vật liệu,Vật liệu xây dựng & Nội thất
QNP,Công ty Cổ phần Cảng Quy Nhơn,Công nghiệp,Hàng & Dịch vụ Công nghiệp,Vận tải,"Kho bãi, hậu cần và bảo dưỡng"
QNS,Công ty Cổ phần Đường Quảng Ngãi,Hàng Tiêu dùng,Thực phẩm và đồ uống,Sản xuất thực phẩm,Thực phẩm
QNT,Công ty Cổ phần Tư vấn và Đầu tư Phát triển Quảng Nam,Công nghiệp,Xây dựng và Vật liệu,Xây dựng và Vật liệu,Xây dựng
QNU,Công ty Cổ phần Môi trường Đô thị Quảng Nam,Công nghiệp,Hàng & Dịch vụ Công nghiệp,Tư vấn & Hỗ trợ Kinh doanh,Chất thải & Môi trường
QNW,Công ty Cổ phần Cấp thoát nước và xây dựng Quảng Ngãi,Tiện ích Cộng đồng,"Điện, nước & xăng dầu khí đốt",Nước & Khí đốt,Nước
QPH,Công ty Cổ phần Thủy điện Quế Phong,Tiện ích Cộng đồng,"Điện, nước & xăng dầu khí đốt",Sản xuất & Phân phối Điện,Sản xuất & Phân phối Điện
QSP,Công ty Cổ phần Tân cảng Quy Nhơn,Công nghiệp,Hàng & Dịch vụ Công nghiệp,Vận tải,"Kho bãi, hậu cần và bảo dưỡng"
QST,Công ty Cổ phần Sách và Thiết bị trường học Quảng Ninh,Dịch vụ Tiêu dùng,Truyền thông,Truyền thông,"Sách, ấn bản & sản phẩm văn hóa"
QTC,Công ty Cổ phần Công trình Giao thông Vận tải Quảng Nam,Công nghiệp,Xây dựng và Vật liệu,Xây dựng và Vật liệu,Xây dựng
QTP,Công ty Cổ phần Nhiệt điện Quảng Ninh,Tiện ích Cộng đồng,"Điện, nước & xăng dầu khí đốt",Sản xuất & Phân phối Điện,Sản xuất & Phân phối Điện
RAL,Công ty Cổ phần Bóng đèn Phích nước Rạng Đông,Hàng Tiêu dùng,Hàng cá nhân & Gia dụng,Hàng gia dụng,Thiết bị gia dụng
RAT,Công ty Cổ phần Vận tải và Thương mại Đường sắt,Công nghiệp,Hàng & Dịch vụ Công nghiệp,Vận tải,Dịch vụ vận tải
RBC,Công ty Cổ phần Công Nghiệp và Xuất nhập khẩu Cao Su,Nguyên vật liệu,Hóa chất,Hóa chất,"Nhựa, cao su & sợi"
RCC,Công ty Cổ phần Tổng Công ty Công trình Đường sắt Việt Nam,Công nghiệp,Xây dựng và Vật liệu,Xây dựng và Vật liệu,Xây dựng
RCD,Công ty Cổ phần Xây dựng - Địa ốc Cao su,Công nghiệp,Xây dựng và Vật liệu,Xây dựng và Vật liệu,Xây dựng
RCL,Công ty Cổ phần Địa ốc Chợ Lớn,Tài chính,Bất động sản,Bất động sản,Bất động sản
RDP,Công ty Cổ phần Rạng Đông Holding,Nguyên vật liệu,Hóa chất,Hóa chất,"Nhựa, cao su & sợi"
REC,Công ty Cổ phần Cơ Khí Cao Su,Công nghiệp,Hàng & Dịch vụ Công nghiệp,Công nghiệp nặng,Máy công nghiệp
REE,Công ty Cổ phần Cơ điện Lạnh,Tiện ích Cộng đồng,"Điện, nước & xăng dầu khí đốt",Sản xuất & Phân phối Điện,Sản xuất & Phân phối Điện
REN,Công ty Cổ phần Xây dựng và Đầu tư Khu du lịch Sinh Thái,Công nghiệp,Xây dựng và Vật liệu,Xây dựng và Vật liệu,Xây dựng
RGC,Công ty Cổ phần Đầu tư PV-Inconess,Dịch vụ Tiêu dùng,Truyền thông,Truyền thông,Giải trí & Truyền thông
RGG,Công ty Cổ phần Regal Group,Tài chính,Bất động sản,Bất động sản,Bất động sản
RHN,Công ty Cổ phần Đường sắt Hà Ninh,Công nghiệp,Hàng & Dịch vụ Công nghiệp,Vận tải,Đường sắt
RIC,Công ty Cổ phần Quốc Tế Hoàng Gia,Dịch vụ Tiêu dùng,Du lịch và Giải trí,Du lịch & Giải trí,Dịch vụ giải trí
ROS,Công ty Cổ phần Xây dựng FLC FAROS,Công nghiệp,Xây dựng và Vật liệu,Xây dựng và Vật liệu,Xây dựng
RRC,Công ty Cổ phần Than Sông Hồng,Nguyên vật liệu,Tài nguyên Cơ bản,Khai khoáng,Khai thác Than
RTB,Công ty Cổ phần Cao su Tân Biên,Nguyên vật liệu,Hóa chất,Hóa chất,"Nhựa, cao su & sợi"
RYG,Công ty Cổ phần Sản xuất và Đầu tư Hoàng Gia,Công nghiệp,Xây dựng và Vật liệu,Xây dựng và Vật liệu,Vật liệu xây dựng & Nội thất
S12,Công ty Cổ phần Sông Đà 12,Công nghiệp,Xây dựng và Vật liệu,Xây dựng và Vật liệu,Xây dựng
S27,Công ty Cổ phần Sông Đà 27,Công nghiệp,Xây dựng và Vật liệu,Xây dựng và Vật liệu,Xây dựng
S4A,Công ty Cổ phần Thủy điện Sê San 4A,Tiện ích Cộng đồng,"Điện, nước & xăng dầu khí đốt",Sản xuất & Phân phối Điện,Sản xuất & Phân phối Điện
S55,Công ty Cổ phần Sông Đà 505,Công nghiệp,Xây dựng và Vật liệu,Xây dựng và Vật liệu,Xây dựng
S72,Công ty Cổ phần Sông Đà 7.02,Công nghiệp,Xây dựng và Vật liệu,Xây dựng và Vật liệu,Xây dựng
S74,Công ty Cổ phần Sông Đà 7.04,Công nghiệp,Xây dựng và Vật liệu,Xây dựng và Vật liệu,Xây dựng
S96,Công ty Cổ phần Sông Đà 9.06,Công nghiệp,Xây dựng và Vật liệu,Xây dựng và Vật liệu,Xây dựng
S99,Công ty Cổ phần SCI,Công nghiệp,Xây dựng và Vật liệu,Xây dựng và Vật liệu,Xây dựng
SAB,Tổng Công ty Cổ phần Bia - Rượu - Nước Giải khát Sài Gòn,Hàng Tiêu dùng,Thực phẩm và đồ uống,Bia và đồ uống,Sản xuất bia
SAC,Công ty Cổ phần Xếp dỡ và Dịch vụ cảng Sài Gòn,Công nghiệp,Hàng & Dịch vụ Công nghiệp,Vận tải,"Kho bãi, hậu cần và bảo dưỡng"
SAD,Công ty Cổ phần Phát triển Sản xuất Thương mại Sài Gòn,Dịch vụ Tiêu dùng,Bán lẻ,Bán lẻ,Bán lẻ phức hợp
SAF,Công ty Cổ phần Lương thực Thực phẩm SAFOCO,Hàng Tiêu dùng,Thực phẩm và đồ uống,Sản xuất thực phẩm,Thực phẩm
SAL,Công ty Cổ phần Trục vớt Cứu hộ Việt Nam,Công nghiệp,Hàng & Dịch vụ Công nghiệp,Công nghiệp nặng,Xe tải & Đóng tàu
SAM,Công ty Cổ phần SAM Holdings,Công nghệ Thông tin,Công nghệ Thông tin,Thiết bị và Phần cứng,Thiết bị viễn thông
SAP,Công ty Cổ phần In Sách Giáo khoa TP.Hồ Chí Minh,Dịch vụ Tiêu dùng,Truyền thông,Truyền thông,"Sách, ấn bản & sản phẩm văn hóa"
SAS,Công ty Cổ phần Dịch vụ Hàng không Sân bay Tân Sơn Nhất,Dịch vụ Tiêu dùng,Bán lẻ,Bán lẻ,Phân phối hàng chuyên dụng
SAV,Công ty Cổ phần Hợp tác Kinh tế và Xuất nhập khẩu Savimex,Nguyên vật liệu,Tài nguyên Cơ bản,Lâm nghiệp và Giấy,Lâm sản và Chế biến gỗ
SB1,Công ty Cổ phần Bia Sài Gòn - Nghệ Tĩnh,Hàng Tiêu dùng,Thực phẩm và đồ uống,Bia và đồ uống,Sản xuất bia
SBA,Công ty Cổ phần Sông Ba,Tiện ích Cộng đồng,"Điện, nước & xăng dầu khí đốt",Sản xuất & Phân phối Điện,Sản xuất & Phân phối Điện
SBB,Công ty Cổ phần Tập đoàn Bia Sài Gòn Bình Tây,Hàng Tiêu dùng,Thực phẩm và đồ uống,Bia và đồ uống,Sản xuất bia
SBC,Công ty Cổ phần Vận Tải Và Giao Nhận Bia Sài Gòn,Công nghiệp,Hàng & Dịch vụ Công nghiệp,Vận tải,Dịch vụ vận tải
SBD,Công ty Cổ phần Công nghệ Sao Bắc Đẩu,Công nghệ Thông tin,Công nghệ Thông tin,Phần mềm & Dịch vụ Máy tính,Phần mềm
SBG,Công ty Cổ Phần Tập Đoàn Cơ Khí Công Nghệ Cao Siba,Công nghiệp,Hàng & Dịch vụ Công nghiệp,Hàng công nghiệp,Công nghiệp phức hợp
SBH,Công ty Cổ phần Thủy điện Sông Ba Hạ,Tiện ích Cộng đồng,"Điện, nước & xăng dầu khí đốt",Sản xuất & Phân phối Điện,Sản xuất & Phân phối Điện
SBL,Công ty Cổ phần Bia Sài Gòn - Bạc Liêu,Hàng Tiêu dùng,Thực phẩm và đồ uống,Bia và đồ uống,Sản xuất bia
SBM,Công ty Cổ phần Đầu tư phát triển Bắc Minh,Tiện ích Cộng đồng,"Điện, nước & xăng dầu khí đốt",Sản xuất & Phân phối Điện,Sản xuất & Phân phối Điện
SBR,Công ty Cổ phần Cao su Sông Bé,Nguyên vật liệu,Hóa chất,Hóa chất,"Nhựa, cao su & sợi"
SBS,Công ty Cổ phần Chứng khoán SBS,Tài chính,Dịch vụ tài chính,Dịch vụ tài chính,Môi giới chứng khoán
SBT,Công ty Cổ phần Thành Thành Công - Biên Hòa,Hàng Tiêu dùng,Thực phẩm và đồ uống,Sản xuất thực phẩm,Thực phẩm
SBV,Công ty Cổ phần Siam Brothers Việt Nam,Dịch vụ Tiêu dùng,Bán lẻ,Bán lẻ,Phân phối hàng chuyên dụng
SC5,Công ty Cổ phần Xây dựng số 5,Công nghiệp,Xây dựng và Vật liệu,Xây dựng và Vật liệu,Xây dựng
SCA,Công ty Cổ phần Nông nghiệp Sông Con,Nguyên vật liệu,Tài nguyên Cơ bản,Lâm nghiệp và Giấy,Lâm sản và Chế biến gỗ
SCB,Ngân Hàng Thương Mại Cổ phần Sài Gòn,Ngân hàng,Ngân hàng,Ngân hàng,Ngân hàng
SCC,Công ty Cổ phần Thương mại Đầu tư SHB,Công nghiệp,Xây dựng và Vật liệu,Xây dựng và Vật liệu,Vật liệu xây dựng & Nội thất
SCD,Công ty Cổ phần Nước giải khát Chương Dương,Hàng Tiêu dùng,Thực phẩm và đồ uống,Bia và đồ uống,Đồ uống & giải khát
SCG,Công ty Cổ phần Tập đoàn Xây dựng SCG,Công nghiệp,Xây dựng và Vật liệu,Xây dựng và Vật liệu,Xây dựng
SCI,Công ty Cổ phần SCI E&C,Công nghiệp,Xây dựng và Vật liệu,Xây dựng và Vật liệu,Xây dựng
SCJ,Công ty Cổ phần Xi măng Sài Sơn,Công nghiệp,Xây dựng và Vật liệu,Xây dựng và Vật liệu,Vật liệu xây dựng & Nội thất
SCL,Công ty Cổ phần Sông Đà Cao Cường,Công nghiệp,Xây dựng và Vật liệu,Xây dựng và Vật liệu,Vật liệu xây dựng & Nội thất
SCO,Công ty Cổ phần Công nghiệp Thủy sản,Công nghiệp,Hàng & Dịch vụ Công nghiệp,Công nghiệp nặng,Máy công nghiệp
SCR,Công ty Cổ phần Địa Ốc Sài Gòn Thương Tín,Tài chính,Bất động sản,Bất động sản,Bất động sản
SCS,Công ty Cổ phần Dịch vụ Hàng hóa Sài Gòn,Dịch vụ Tiêu dùng,Du lịch và Giải trí,Du lịch & Giải trí,Hàng không
SCV,Công ty Cổ phần Muối Việt Nam,Hàng Tiêu dùng,Thực phẩm và đồ uống,Sản xuất thực phẩm,Thực phẩm
SCY,Công ty Cổ phần Đóng tàu Sông Cấm,Công nghiệp,Hàng & Dịch vụ Công nghiệp,Công nghiệp nặng,Xe tải & Đóng tàu
SD1,Công ty Cổ phần Sông Đà 1,Công nghiệp,Xây dựng và Vật liệu,Xây dựng và Vật liệu,Xây dựng
SD2,Công ty Cổ phần Sông Đà 2,Công nghiệp,Xây dựng và Vật liệu,Xây dựng và Vật liệu,Xây dựng
SD3,Công ty Cổ phần Sông Đà 3,Công nghiệp,Xây dựng và Vật liệu,Xây dựng và Vật liệu,Xây dựng
SD4,Công ty Cổ phần Sông Đà 4,Công nghiệp,Xây dựng và Vật liệu,Xây dựng và Vật liệu,Xây dựng
SD5,Công ty Cổ phần Sông Đà 5,Công nghiệp,Xây dựng và Vật liệu,Xây dựng và Vật liệu,Xây dựng
SD6,Công ty Cổ phần Sông Đà 6,Công nghiệp,Xây dựng và Vật liệu,Xây dựng và Vật liệu,Xây dựng
SD7,Công ty Cổ phần Sông Đà 7,Công nghiệp,Xây dựng và Vật liệu,Xây dựng và Vật liệu,Xây dựng
SD8,Công ty Cổ phần Sông Đà 8,Công nghiệp,Xây dựng và Vật liệu,Xây dựng và Vật liệu,Xây dựng
SD9,Công ty Cổ phần Sông Đà 9,Công nghiệp,Xây dựng và Vật liệu,Xây dựng và Vật liệu,Xây dựng
SDA,Công ty Cổ phần SIMCO Sông Đà,Công nghiệp,Hàng & Dịch vụ Công nghiệp,Tư vấn & Hỗ trợ Kinh doanh,Đào tạo & Việc làm
SDB,Công ty Cổ phần Sông Đà 207,Công nghiệp,Xây dựng và Vật liệu,Xây dựng và Vật liệu,Xây dựng
SDC,Công ty Cổ phần Tư vấn Sông Đà,Công nghiệp,Hàng & Dịch vụ Công nghiệp,Tư vấn & Hỗ trợ Kinh doanh,Tư vấn & Hỗ trợ KD
SDD,Công ty Cổ phần Đầu tư và Xây lắp Sông Đà,Công nghiệp,Xây dựng và Vật liệu,Xây dựng và Vật liệu,Xây dựng
SDE,Công ty Cổ phần Kỹ thuật điện Sông Đà,Công nghiệp,Xây dựng và Vật liệu,Xây dựng và Vật liệu,Xây dựng
SDG,Công ty Cổ phần Sadico Cần Thơ,Công nghiệp,Hàng & Dịch vụ Công nghiệp,Hàng công nghiệp,Containers & Đóng gói
SDH,Công ty Cổ phần Xây dựng hạ tầng Sông Đà,Công nghiệp,Xây dựng và Vật liệu,Xây dựng và Vật liệu,Xây dựng
SDJ,Công ty Cổ phần Sông Đà 25,Công nghiệp,Xây dựng và Vật liệu,Xây dựng và Vật liệu,Vật liệu xây dựng & Nội thất
SDK,Công ty Cổ phần Cơ khí Luyện Kim,Công nghiệp,Hàng & Dịch vụ Công nghiệp,Công nghiệp nặng,Máy công nghiệp
SDN,Công ty Cổ phần Sơn Đồng Nai,Công nghiệp,Xây dựng và Vật liệu,Xây dựng và Vật liệu,Vật liệu xây dựng & Nội thất
SDP,Công ty Cổ phần SDP,Công nghiệp,Xây dựng và Vật liệu,Xây dựng và Vật liệu,Xây dựng
SDT,Công ty Cổ phần Sông Đà 10,Công nghiệp,Xây dựng và Vật liệu,Xây dựng và Vật liệu,Xây dựng
SDU,Công ty Cổ phần Đầu tư Xây dựng và Phát triển Đô thị Sông Đà,Công nghiệp,Xây dựng và Vật liệu,Xây dựng và Vật liệu,Xây dựng
SDV,Công ty Cổ phần Dịch vụ Sonadezi,Công nghiệp,Hàng & Dịch vụ Công nghiệp,Tư vấn & Hỗ trợ Kinh doanh,Chất thải & Môi trường
SDX,Công ty Cổ phần Phòng cháy chữa cháy và Đầu tư Xây dựng Sông Đà,Công nghiệp,Xây dựng và Vật liệu,Xây dựng và Vật liệu,Xây dựng
SDY,Công ty Cổ phần Xi măng Sông Đà Yaly,Công nghiệp,Xây dựng và Vật liệu,Xây dựng và Vật liệu,Vật liệu xây dựng & Nội thất
SEA,Tổng Công ty Thủy sản Việt Nam - Công ty Cổ phần,Hàng Tiêu dùng,Thực phẩm và đồ uống,Sản xuất thực phẩm,Nuôi trồng nông & hải sản
SEB,Công ty Cổ phần Đầu tư và Phát triển Điện Miền Trung,Tiện ích Cộng đồng,"Điện, nước & xăng dầu khí đốt",Sản xuất & Phân phối Điện,Sản xuất & Phân phối Điện
SED,Công ty Cổ phần Đầu tư và Phát triển Giáo dục Phương Nam,Dịch vụ Tiêu dùng,Truyền thông,Truyền thông,"Sách, ấn bản & sản phẩm văn hóa"
SEP,Công ty Cổ phần Tổng Công ty Thương mại Quảng Trị,Nguyên vật liệu,Hóa chất,Hóa chất,"Nhựa, cao su & sợi"
SFC,Công ty Cổ phần Nhiên liệu Sài Gòn,Tiện ích Cộng đồng,"Điện, nước & xăng dầu khí đốt",Nước & Khí đốt,Phân phối xăng dầu & khí đốt
SFG,Công ty Cổ phần Phân bón Miền Nam,Nguyên vật liệu,Hóa chất,Hóa chất,"Sản phẩm hóa dầu, Nông dược & Hóa chất khác"
SFI,Công ty Cổ phần Đại lý Vận tải SAFI,Công nghiệp,Hàng & Dịch vụ Công nghiệp,Vận tải,Vận tải Thủy
SFN,Công ty Cổ phần Dệt lưới Sài Gòn,Công nghiệp,Hàng & Dịch vụ Công nghiệp,Tư vấn & Hỗ trợ Kinh doanh,Nhà cung cấp thiết bị
SGB,Ngân hàng Thương mại Cổ phần Sài Gòn Công thương,Ngân hàng,Ngân hàng,Ngân hàng,Ngân hàng
SGC,Công ty Cổ phần Xuất nhập khẩu Sa Giang,Hàng Tiêu dùng,Thực phẩm và đồ uống,Sản xuất thực phẩm,Thực phẩm
SGD,Công ty Cổ phần Sách Giáo dục tại Thành phố Hồ Chí Minh,Dịch vụ Tiêu dùng,Truyền thông,Truyền thông,"Sách, ấn bản & sản phẩm văn hóa"
SGH,Công ty Cổ phần Khách sạn Sài Gòn,Dịch vụ Tiêu dùng,Du lịch và Giải trí,Du lịch & Giải trí,Khách sạn
SGI,Công ty Cổ phần Đầu tư SGI Holdings,Hàng Tiêu dùng,Hàng cá nhân & Gia dụng,Hàng cá nhân,Hàng May mặc
SGN,Công ty Cổ phần Phục vụ mặt đất Sài Gòn,Công nghiệp,Hàng & Dịch vụ Công nghiệp,Vận tải,"Kho bãi, hậu cần và bảo dưỡng"
SGO,Công ty Cổ phần Dầu thực vật Sài Gòn,Hàng Tiêu dùng,Thực phẩm và đồ uống,Sản xuất thực phẩm,Thực phẩm
SGP,Công ty Cổ phần Cảng Sài Gòn,Công nghiệp,Hàng & Dịch vụ Công nghiệp,Vận tải,"Kho bãi, hậu cần và bảo dưỡng"
SGR,Công ty Cổ phần Tổng Công ty Cổ phần Địa ốc Sài Gòn,Tài chính,Bất động sản,Bất động sản,Bất động sản
SGS,Công ty Cổ phần Vận tải biển Sài Gòn,Công nghiệp,Hàng & Dịch vụ Công nghiệp,Vận tải,Vận tải Thủy
SGT,Công ty Cổ phần Công nghệ Viễn thông Sài Gòn,Công nghệ Thông tin,Công nghệ Thông tin,Phần mềm & Dịch vụ Máy tính,Internet
SGV,Công ty Cổ phần Vinaconex Sài Gòn,Công nghiệp,Xây dựng và Vật liệu,Xây dựng và Vật liệu,Xây dựng
SHA,Công ty Cổ phần Sơn Hà Sài Gòn,Nguyên vật liệu,Tài nguyên Cơ bản,Kim loại,Thép và sản phẩm thép
SHB,Ngân hàng Thương mại Cổ phần Sài Gòn – Hà Nội,Ngân hàng,Ngân hàng,Ngân hàng,Ngân hàng
SHC,Công ty Cổ phần Hàng hải Sài Gòn,Công nghiệp,Hàng & Dịch vụ Công nghiệp,Vận tải,Vận tải Thủy
SHE,Công ty Cổ phần Phát triển Năng Lượng Sơn Hà,Hàng Tiêu dùng,Hàng cá nhân & Gia dụng,Hàng gia dụng,Đồ gia dụng lâu bền
SHG,Tổng Công ty Cổ phần Sông Hồng,Công nghiệp,Xây dựng và Vật liệu,Xây dựng và Vật liệu,Xây dựng
SHI,Công ty Cổ phần Quốc tế Sơn Hà,Nguyên vật liệu,Tài nguyên Cơ bản,Kim loại,Thép và sản phẩm thép
SHN,Công ty Cổ phần Đầu tư Tổng hợp Hà Nội,Nguyên vật liệu,Tài nguyên Cơ bản,Khai khoáng,Khai thác Than
SHP,Công ty Cổ phần Thủy điện Miền Nam,Tiện ích Cộng đồng,"Điện, nước & xăng dầu khí đốt",Sản xuất & Phân phối Điện,Sản xuất & Phân phối Điện
SHS,Công ty Cổ phần Chứng khoán Sài Gòn - Hà Nội,Tài chính,Dịch vụ tài chính,Dịch vụ tài chính,Môi giới chứng khoán
SHX,Công ty Cổ phần Sài Gòn Hỏa xa,Dịch vụ Tiêu dùng,Du lịch và Giải trí,Du lịch & Giải trí,Vận tải hành khách & Du lịch
SIC,Công ty Cổ phần ANI,Công nghiệp,Xây dựng và Vật liệu,Xây dựng và Vật liệu,Xây dựng
SID,Công ty Cổ phần Đầu tư Phát triển Sài Gòn Co.op,Tài chính,Bất động sản,Bất động sản,Bất động sản
SIG,Công ty Cổ phần Đầu tư và Thương mại Sông Đà,Công nghiệp,Xây dựng và Vật liệu,Xây dựng và Vật liệu,Xây dựng
SII,Công ty Cổ phần Hạ tầng Nước Sài Gòn,Tiện ích Cộng đồng,"Điện, nước & xăng dầu khí đốt",Nước & Khí đốt,Nước
SIP,Công ty Cổ phần Đầu tư Sài Gòn VRG,Tài chính,Bất động sản,Bất động sản,Bất động sản
SIV,Công ty Cổ phần SIVICO,Công nghiệp,Xây dựng và Vật liệu,Xây dựng và Vật liệu,Vật liệu xây dựng & Nội thất
SJ1,Công ty Cổ phần Nông nghiệp Hùng Hậu,Hàng Tiêu dùng,Thực phẩm và đồ uống,Sản xuất thực phẩm,Nuôi trồng nông & hải sản
SJC,Công ty Cổ phần Sông Đà 1.01,Công nghiệp,Xây dựng và Vật liệu,Xây dựng và Vật liệu,Xây dựng
SJD,Công ty Cổ phần Thủy điện Cần Đơn,Tiện ích Cộng đồng,"Điện, nước & xăng dầu khí đốt",Sản xuất & Phân phối Điện,Sản xuất & Phân phối Điện
SJE,Công ty Cổ phần Sông Đà 11,Công nghiệp,Xây dựng và Vật liệu,Xây dựng và Vật liệu,Xây dựng
SJF,Công ty Cổ phần Đầu tư Sao Thái Dương,Nguyên vật liệu,Tài nguyên Cơ bản,Lâm nghiệp và Giấy,Lâm sản và Chế biến gỗ
SJG,Tổng Công ty Sông Đà,Công nghiệp,Xây dựng và Vật liệu,Xây dựng và Vật liệu,Xây dựng
SJM,Công ty Cổ phần Sunspace Holdings,Công nghiệp,Xây dựng và Vật liệu,Xây dựng và Vật liệu,Xây dựng
SJS,Công ty Cổ phần SJ Group,Tài chính,Bất động sản,Bất động sản,Bất động sản
SKG,Công ty Cổ phần Tàu Cao tốc Superdong - Kiên Giang,Dịch vụ Tiêu dùng,Du lịch và Giải trí,Du lịch & Giải trí,Vận tải hành khách & Du lịch
SKH,Công ty Cổ phần Nước giải khát Sanest Khánh Hòa,Hàng Tiêu dùng,Thực phẩm và đồ uống,Bia và đồ uống,Đồ uống & giải khát
SKN,Công ty Cổ phần Nước giải khát Sanna Khánh Hòa,Hàng Tiêu dùng,Thực phẩm và đồ uống,Bia và đồ uống,Đồ uống & giải khát
SKV,Công ty Cổ phần Nước Giải khát Yến sào Khánh Hòa,Hàng Tiêu dùng,Thực phẩm và đồ uống,Bia và đồ uống,Đồ uống & giải khát
SLD,Công ty Cổ phần Địa Ốc Sacom,Tài chính,Bất động sản,Bất động sản,Bất động sản
SLS,Công ty Cổ phần Mía đường Sơn La,Hàng Tiêu dùng,Thực phẩm và đồ uống,Sản xuất thực phẩm,Thực phẩm
SMA,Công ty Cổ phần Thiết bị Phụ tùng Sài Gòn,Tiện ích Cộng đồng,"Điện, nước & xăng dầu khí đốt",Sản xuất & Phân phối Điện,Sản xuất & Phân phối Điện
SMB,Công ty Cổ phần Bia Sài Gòn - Miền Trung,Hàng Tiêu dùng,Thực phẩm và đồ uống,Bia và đồ uống,Sản xuất bia
SMC,Công ty Cổ phần Đầu tư Thương mại SMC,Nguyên vật liệu,Tài nguyên Cơ bản,Kim loại,Thép và sản phẩm thép
SMN,Công ty Cổ phần Sách và thiết bị giáo dục Miền Nam,Dịch vụ Tiêu dùng,Truyền thông,Truyền thông,"Sách, ấn bản & sản phẩm văn hóa"
SMT,Công ty Cổ phần SAMETEL,Công nghệ Thông tin,Công nghệ Thông tin,Thiết bị và Phần cứng,Thiết bị viễn thông
SNC,Công ty Cổ phần Xuất nhập khẩu Thủy sản Năm Căn,Hàng Tiêu dùng,Thực phẩm và đồ uống,Sản xuất thực phẩm,Nuôi trồng nông & hải sản
SNZ,Tổng Công ty Cổ phần Phát triển Khu Công nghiệp,Công nghiệp,Xây dựng và Vật liệu,Xây dựng và Vật liệu,Xây dựng
SON,Công ty Cổ phần Cung ứng Nhân lực Quốc tế và Thương mại,Công nghiệp,Hàng & Dịch vụ Công nghiệp,Tư vấn & Hỗ trợ Kinh doanh,Đào tạo & Việc làm
SP2,Công ty Cổ phần Thủy điện Sử Pán 2,Tiện ích Cộng đồng,"Điện, nước & xăng dầu khí đốt",Sản xuất & Phân phối Điện,Sản xuất & Phân phối Điện
SPA,Công ty Cổ phần Bao bì Sài Gòn,Công nghiệp,Hàng & Dịch vụ Công nghiệp,Hàng công nghiệp,Containers & Đóng gói
SPB,Công ty Cổ phần Sợi Phú Bài,Hàng Tiêu dùng,Hàng cá nhân & Gia dụng,Hàng cá nhân,Hàng May mặc
SPC,Công ty Cổ phần Bảo vệ Thực vật Sài Gòn,Nguyên vật liệu,Hóa chất,Hóa chất,"Sản phẩm hóa dầu, Nông dược & Hóa chất khác"
SPD,Công ty Cổ phần Xuất nhập khẩu Thủy sản Miền Trung,Hàng Tiêu dùng,Thực phẩm và đồ uống,Sản xuất thực phẩm,Nuôi trồng nông & hải sản
SPH,Công ty Cổ phần Xuất Nhập khẩu Thủy sản Hà Nội,Hàng Tiêu dùng,Thực phẩm và đồ uống,Sản xuất thực phẩm,Nuôi trồng nông & hải sản
SPI,Công ty Cổ phần Spiral Galaxy,Nguyên vật liệu,Tài nguyên Cơ bản,Khai khoáng,Khai khoáng
SPM,Công ty Cổ phần S.P.M,Dược phẩm và Y tế,Y tế,Dược phẩm,Dược phẩm
SPP,Công ty Cổ phần Bao bì Nhựa Sài Gòn,Công nghiệp,Hàng & Dịch vụ Công nghiệp,Hàng công nghiệp,Containers & Đóng gói
SPV,Công ty Cổ phần Thủy Đặc Sản,Hàng Tiêu dùng,Thực phẩm và đồ uống,Sản xuất thực phẩm,Nuôi trồng nông & hải sản
SQC,Công ty Cổ phần Khoáng sản Sài Gòn - Quy Nhơn,Nguyên vật liệu,Tài nguyên Cơ bản,Khai khoáng,Khai khoáng
SRA,Công ty Cổ phần SARA Việt Nam,Dược phẩm và Y tế,Y tế,Thiết bị và Dịch vụ Y tế,Thiết bị y tế
SRB,Công ty Cổ phần Tập đoàn Sara,Công nghệ Thông tin,Công nghệ Thông tin,Phần mềm & Dịch vụ Máy tính,Phần mềm
SRC,Công ty Cổ phần Cao su Sao Vàng,Hàng Tiêu dùng,Ô tô và phụ tùng,Ô tô và phụ tùng,Lốp xe
SRF,Công ty Cổ phần Searefico,Công nghiệp,Hàng & Dịch vụ Công nghiệp,Công nghiệp nặng,Máy công nghiệp
SSB,Ngân hàng Thương mại Cổ phần Đông Nam Á,Ngân hàng,Ngân hàng,Ngân hàng,Ngân hàng
SSC,Công ty Cổ phần Giống cây trồng Miền Nam,Hàng Tiêu dùng,Thực phẩm và đồ uống,Sản xuất thực phẩm,Nuôi trồng nông & hải sản
SSE,Công ty Cổ phần Thương mại - Dịch vụ Sài Gòn,Tài chính,Bất động sản,Bất động sản,Bất động sản
SSF,Công ty Cổ phần Giáo dục G Sài Gòn,Hàng Tiêu dùng,Hàng cá nhân & Gia dụng,Hàng cá nhân,Giầy dép
SSG,Công ty Cổ phần Vận tải Biển Hải Âu,Công nghiệp,Hàng & Dịch vụ Công nghiệp,Vận tải,Vận tải Thủy
SSH,Công ty Cổ phần Phát triển Sunshine Homes,Tài chính,Bất động sản,Bất động sản,Bất động sản
SSI,Công ty Cổ phần Chứng khoán SSI,Tài chính,Dịch vụ tài chính,Dịch vụ tài chính,Môi giới chứng khoán
SSIBF,Quỹ Đầu tư Trái phiếu SSI,Tài chính,Dịch vụ tài chính,Quỹ đầu tư,Quỹ đầu tư
SSM,Công ty Cổ phần Chế tạo kết cấu thép VNECO.SSM,Nguyên vật liệu,Tài nguyên Cơ bản,Kim loại,Thép và sản phẩm thép
SSN,Công ty Cổ phần Xuất nhập khẩu Thủy sản Sài Gòn,Hàng Tiêu dùng,Thực phẩm và đồ uống,Sản xuất thực phẩm,Nuôi trồng nông & hải sản
SST,Công ty Cổ phần Thương mại Bia Sài Gòn Sông Tiền,Hàng Tiêu dùng,Thực phẩm và đồ uống,Bia và đồ uống,Sản xuất bia
SSU,Công ty Cổ phần Môi trường Đô thị Sóc Sơn,Công nghiệp,Hàng & Dịch vụ Công nghiệp,Tư vấn & Hỗ trợ Kinh doanh,Chất thải & Môi trường
ST8,Công ty Cổ phần Tập đoàn ST8,Công nghệ Thông tin,Công nghệ Thông tin,Thiết bị và Phần cứng,Thiết bị văn phòng
STB,Ngân hàng Thương mại Cổ phần Sài Gòn Tài Lộc,Ngân hàng,Ngân hàng,Ngân hàng,Ngân hàng
STC,Công ty Cổ phần Sách và Thiết bị trường học Thành phố Hồ Chí Minh,Dịch vụ Tiêu dùng,Truyền thông,Truyền thông,"Sách, ấn bản & sản phẩm văn hóa"
STD,Công ty Cổ phần Bia - Nước giải khát Sài Gòn - Tây Đô,Hàng Tiêu dùng,Thực phẩm và đồ uống,Bia và đồ uống,Sản xuất bia
STG,Công ty Cổ phần Kho Vận Miền Nam,Công nghiệp,Hàng & Dịch vụ Công nghiệp,Vận tải,"Kho bãi, hậu cần và bảo dưỡng"
STH,Công ty Cổ phần STH Holdings,Dịch vụ Tiêu dùng,Truyền thông,Truyền thông,"Sách, ấn bản & sản phẩm văn hóa"
STK,Công ty Cổ phần Sợi Thế Kỷ,Hàng Tiêu dùng,Hàng cá nhân & Gia dụng,Hàng cá nhân,Hàng May mặc
STL,Công ty Cổ phần Sông Đà - Thăng Long,Tài chính,Bất động sản,Bất động sản,Bất động sản
STN,Công ty Cổ phần Thương mại Sài Gòn Tây Nam,Hàng Tiêu dùng,Thực phẩm và đồ uống,Sản xuất thực phẩm,Thực phẩm
STP,Công ty Cổ phần Công nghiệp Thương mại Sông Đà,Công nghiệp,Hàng & Dịch vụ Công nghiệp,Hàng công nghiệp,Containers & Đóng gói
STS,Công ty Cổ phần Dịch vụ vận tải Sài Gòn,Công nghiệp,Hàng & Dịch vụ Công nghiệp,Vận tải,Dịch vụ vận tải
STT,Công ty Cổ phần Vận chuyển Sài Gòn Tourist,Dịch vụ Tiêu dùng,Du lịch và Giải trí,Du lịch & Giải trí,Vận tải hành khách & Du lịch
STW,Công ty Cổ phần Cấp nước Sóc Trăng,Tiện ích Cộng đồng,"Điện, nước & xăng dầu khí đốt",Nước & Khí đốt,Nước
SUM,Công ty Cổ phần Đo đạc và Khoáng sản,Dịch vụ Tiêu dùng,Truyền thông,Truyền thông,"Sách, ấn bản & sản phẩm văn hóa"
SVC,Công ty Cổ phần Dịch vụ tổng hợp Sài Gòn,Hàng Tiêu dùng,Ô tô và phụ tùng,Ô tô và phụ tùng,Sản xuất ô tô
SVD,Công ty Cổ phần Đầu tư & Thương mại Vũ Đăng,Hàng Tiêu dùng,Hàng cá nhân & Gia dụng,Hàng cá nhân,Hàng May mặc
SVG,Công ty Cổ phần Hơi kỹ nghệ Que hàn,Công nghiệp,Hàng & Dịch vụ Công nghiệp,Hàng công nghiệp,Công nghiệp phức hợp
SVH,Công ty Cổ phần Thủy điện Sông Vàng,Tiện ích Cộng đồng,"Điện, nước & xăng dầu khí đốt",Sản xuất & Phân phối Điện,Sản xuất & Phân phối Điện
SVI,Công ty Cổ phần Bao bì Biên Hòa,Công nghiệp,Hàng & Dịch vụ Công nghiệp,Hàng công nghiệp,Containers & Đóng gói
SVL,Công ty Cổ phần Nhân lực Quốc tế Sovilaco,Công nghiệp,Hàng & Dịch vụ Công nghiệp,Tư vấn & Hỗ trợ Kinh doanh,Đào tạo & Việc làm
SVN,Công ty Cổ phần Tập đoàn Vexilla Việt Nam,Công nghiệp,Xây dựng và Vật liệu,Xây dựng và Vật liệu,Xây dựng
SVT,Công ty Cổ phần Công nghệ Sài Gòn Viễn Đông,Dịch vụ Tiêu dùng,Bán lẻ,Bán lẻ,Dịch vụ tiêu dùng chuyên ngành
SWC,Tổng Công ty Cổ phần Đường Sông Miền Nam,Công nghiệp,Hàng & Dịch vụ Công nghiệp,Vận tải,Vận tải Thủy
SZB,Công ty Cổ phần Sonadezi Long Bình,Tài chính,Bất động sản,Bất động sản,Bất động sản
SZC,Công ty Cổ phần Sonadezi Châu Đức,Tài chính,Bất động sản,Bất động sản,Bất động sản
SZE,Công ty Cổ phần Môi trường Sonadezi,Công nghiệp,Hàng & Dịch vụ Công nghiệp,Tư vấn & Hỗ trợ Kinh doanh,Chất thải & Môi trường
SZG,Công ty Cổ phần Sonadezi Giang Điền,Tài chính,Bất động sản,Bất động sản,Bất động sản
SZL,Công ty Cổ phần Sonadezi Long Thành,Tài chính,Bất động sản,Bất động sản,Bất động sản
TA3,Công ty cổ phần Đầu tư và Xây lắp Thành An 386,Công nghiệp,Xây dựng và Vật liệu,Xây dựng và Vật liệu,Xây dựng
TA6,Công ty Cổ phần Đầu tư và Xây lắp Thành An 665,Công nghiệp,Xây dựng và Vật liệu,Xây dựng và Vật liệu,Xây dựng
TA9,Công ty Cổ phần Xây lắp Thành An 96,Công nghiệp,Xây dựng và Vật liệu,Xây dựng và Vật liệu,Xây dựng
TAB,Công ty Cổ phần Freco Việt Nam,Công nghiệp,Hàng & Dịch vụ Công nghiệp,Vận tải,Dịch vụ vận tải
TAG,Công ty Cổ phần Thế giới số Trần Anh,Tài chính,Bất động sản,Bất động sản,Bất động sản
TAL,Công Ty Cổ Phần Đầu Tư Bất Động Sản Taseco,Tài chính,Bất động sản,Bất động sản,Bất động sản
TAN,Công ty Cổ phần Cà phê Thuận An,Hàng Tiêu dùng,Thực phẩm và đồ uống,Bia và đồ uống,Đồ uống & giải khát
TAP,Công ty Cổ phần Đô thị Tân An,Công nghiệp,Hàng & Dịch vụ Công nghiệp,Tư vấn & Hỗ trợ Kinh doanh,Chất thải & Môi trường
TAR,Công ty Cổ phần Nông nghiệp Công nghệ cao Trung An,Hàng Tiêu dùng,Thực phẩm và đồ uống,Sản xuất thực phẩm,Nuôi trồng nông & hải sản
TAW,Công ty Cổ phần Cấp nước Trung An,Tiện ích Cộng đồng,"Điện, nước & xăng dầu khí đốt",Nước & Khí đốt,Nước
TB8,Công ty Cổ phần Sản xuất và Kinh doanh Vật tư Thiết bị - VVMI,Công nghiệp,Hàng & Dịch vụ Công nghiệp,Hàng công nghiệp,Containers & Đóng gói
TBC,Công ty Cổ phần Thủy điện Thác Bà,Tiện ích Cộng đồng,"Điện, nước & xăng dầu khí đốt",Sản xuất & Phân phối Điện,Sản xuất & Phân phối Điện
TBD,Tổng công ty Thiết bị điện Đông Anh - Công ty Cổ phần,Công nghiệp,Hàng & Dịch vụ Công nghiệp,Điện tử & Thiết bị điện,Thiết bị điện
TBH,Công ty Cổ phần Tổng Bách Hóa,Công nghiệp,Hàng & Dịch vụ Công nghiệp,Vận tải,"Kho bãi, hậu cần và bảo dưỡng"
TBR,Công ty Cổ phần Địa ốc Tân Bình,Tài chính,Bất động sản,Bất động sản,Bất động sản
TBT,Công ty Cổ phần Xây dựng Công trình Giao thông Bến Tre,Công nghiệp,Xây dựng và Vật liệu,Xây dựng và Vật liệu,Xây dựng
TBW,Công ty cổ phần Nước sạch Thái Bình,Tiện ích Cộng đồng,"Điện, nước & xăng dầu khí đốt",Nước & Khí đốt,Nước
TBX,Công ty Cổ phần Xi măng Thái Bình,Công nghiệp,Xây dựng và Vật liệu,Xây dựng và Vật liệu,Vật liệu xây dựng & Nội thất
TCB,Ngân hàng Thương mại Cổ phần Kỹ thương Việt Nam,Ngân hàng,Ngân hàng,Ngân hàng,Ngân hàng
TCD,Công ty cổ phần Tập đoàn Xây dựng Tracodi,Công nghiệp,Xây dựng và Vật liệu,Xây dựng và Vật liệu,Xây dựng
TCH,Công ty Cổ phần Đầu tư Dịch vụ Tài chính Hoàng Huy,Tài chính,Bất động sản,Bất động sản,Bất động sản
TCI,Công ty Cổ phần Chứng khoán Thành Công,Tài chính,Dịch vụ tài chính,Dịch vụ tài chính,Môi giới chứng khoán
TCJ,Công ty Cổ phần Tô Châu,Hàng Tiêu dùng,Thực phẩm và đồ uống,Sản xuất thực phẩm,Nuôi trồng nông & hải sản
TCK,Tổng Công ty Cơ khí Xây dựng - CTCP,Công nghiệp,Xây dựng và Vật liệu,Xây dựng và Vật liệu,Xây dựng
TCL,Công ty Cổ phần Đại lý Giao nhận Vận tải Xếp dỡ Tân Cảng,Công nghiệp,Hàng & Dịch vụ Công nghiệp,Vận tải,Dịch vụ vận tải
TCM,Công ty Cổ phần Dệt may - Đầu tư - Thương mại Thành Công,Hàng Tiêu dùng,Hàng cá nhân & Gia dụng,Hàng cá nhân,Hàng May mặc
TCO,Công ty Cổ phần Janus Group,Hàng Tiêu dùng,Thực phẩm và đồ uống,Sản xuất thực phẩm,Nuôi trồng nông & hải sản
TCP,Công ty Cổ phần Kinh doanh Than Cẩm Phả - Vinacomin,Nguyên vật liệu,Tài nguyên Cơ bản,Khai khoáng,Khai thác Than
TCR,Công ty Cổ phần Công nghiệp Gốm sứ TAICERA,Công nghiệp,Xây dựng và Vật liệu,Xây dựng và Vật liệu,Vật liệu xây dựng & Nội thất
TCSME,Quỹ Đầu tư Cổ phiếu Doanh Nghiệp Vừa Và Nhỏ Techcom,Tài chính,Dịch vụ tài chính,Quỹ đầu tư,Quỹ đầu tư
TCT,Công ty Cổ phần Cáp treo Núi Bà Tây Ninh,Dịch vụ Tiêu dùng,Du lịch và Giải trí,Du lịch & Giải trí,Vận tải hành khách & Du lịch
TCW,Công ty Cổ phần Kho Vận Tân Cảng,Công nghiệp,Hàng & Dịch vụ Công nghiệp,Vận tải,"Kho bãi, hậu cần và bảo dưỡng"
TCX,Công ty Cổ phần Chứng khoán Kỹ Thương,Tài chính,Dịch vụ tài chính,Dịch vụ tài chính,Môi giới chứng khoán
TD6,Công ty Cổ Phần Than Đèo Nai - Cọc Sáu - TKV,Nguyên vật liệu,Tài nguyên Cơ bản,Khai khoáng,Khai thác Than
TDB,Công ty Cổ phần Thủy điện Định Bình,Tiện ích Cộng đồng,"Điện, nước & xăng dầu khí đốt",Sản xuất & Phân phối Điện,Sản xuất & Phân phối Điện
TDC,Công ty Cổ phần Kinh doanh và Phát triển Bình Dương,Tài chính,Bất động sản,Bất động sản,"Tư Vấn, Định giá, Môi giới Bất động sản"
TDF,Công ty Cổ phần Trung Đô,Công nghiệp,Xây dựng và Vật liệu,Xây dựng và Vật liệu,Vật liệu xây dựng & Nội thất
TDG,Công ty Cổ phần Đầu tư TDG Global,Tiện ích Cộng đồng,"Điện, nước & xăng dầu khí đốt",Nước & Khí đốt,Phân phối xăng dầu & khí đốt
TDH,Công ty Cổ phần Phát triển Nhà Thủ Đức,Tài chính,Bất động sản,Bất động sản,Bất động sản
TDI,Công ty Cổ phần Tập đoàn TDI,Công nghiệp,Xây dựng và Vật liệu,Xây dựng và Vật liệu,Xây dựng
TDL,Công ty Cổ phần Da Tây Đô,Hàng Tiêu dùng,Hàng cá nhân & Gia dụng,Hàng cá nhân,Hàng cá nhân
TDM,Công ty Cổ phần Nước Thủ Dầu Một,Tiện ích Cộng đồng,"Điện, nước & xăng dầu khí đốt",Nước & Khí đốt,Nước
TDP,Công ty Cổ phần Thuận Đức,Công nghiệp,Hàng & Dịch vụ Công nghiệp,Hàng công nghiệp,Containers & Đóng gói
TDS,Công ty Cổ phần Thép Thủ Đức - VNSTEEL,Nguyên vật liệu,Tài nguyên Cơ bản,Kim loại,Thép và sản phẩm thép
TDT,Công ty Cổ phần Đầu tư và Phát triển TDT,Hàng Tiêu dùng,Hàng cá nhân & Gia dụng,Hàng cá nhân,Hàng May mặc
TDW,Công ty Cổ phần Cấp nước Thủ Đức,Tiện ích Cộng đồng,"Điện, nước & xăng dầu khí đốt",Nước & Khí đốt,Nước
TEC,Công ty Cổ phần Traenco,Công nghiệp,Xây dựng và Vật liệu,Xây dựng và Vật liệu,Xây dựng
TED,Tổng Công ty Tư vấn Thiết kế Giao thông Vận tải - CTCP,Công nghiệp,Xây dựng và Vật liệu,Xây dựng và Vật liệu,Xây dựng
TEG,Công ty Cổ phần Trường Thành Energy Group,Tài chính,Bất động sản,Bất động sản,Bất động sản
TEL,Công ty Cổ phần Phát triển Công trình Viễn thông,Công nghiệp,Xây dựng và Vật liệu,Xây dựng và Vật liệu,Xây dựng
TET,Công ty Cổ phần Vải sợi May mặc Miền Bắc,Hàng Tiêu dùng,Hàng cá nhân & Gia dụng,Hàng cá nhân,Hàng May mặc
TFC,Công ty Cổ phần Trang,Hàng Tiêu dùng,Thực phẩm và đồ uống,Sản xuất thực phẩm,Thực phẩm
TGG,Công ty Cổ phần The Golden Group,Công nghiệp,Xây dựng và Vật liệu,Xây dựng và Vật liệu,Xây dựng
TGP,Công ty Cổ phần Trường Phú,Công nghiệp,Hàng & Dịch vụ Công nghiệp,Điện tử & Thiết bị điện,Hàng điện & điện tử
TH1,Công ty Cổ phần Xuất nhập khẩu Tổng hợp I Việt Nam,Dịch vụ Tiêu dùng,Bán lẻ,Phân phối thực phẩm & dược phẩm,Phân phối thực phẩm
THA,Công ty Cổ phần Tập Đoàn Trường Hải,Hàng Tiêu dùng,Ô tô và phụ tùng,Ô tô và phụ tùng,Sản xuất ô tô
THB,Công ty Cổ phần Bia Hà Nội - Thanh Hóa,Hàng Tiêu dùng,Thực phẩm và đồ uống,Bia và đồ uống,Sản xuất bia
THD,Công ty Cổ phần Thaiholdings,Tài chính,Bất động sản,Bất động sản,"Tư Vấn, Định giá, Môi giới Bất động sản"
THG,Công ty Cổ phần Đầu tư và Xây dựng Tiền Giang,Công nghiệp,Xây dựng và Vật liệu,Xây dựng và Vật liệu,Vật liệu xây dựng & Nội thất
THI,Công ty Cổ phần Thiết bị điện,Công nghiệp,Hàng & Dịch vụ Công nghiệp,Điện tử & Thiết bị điện,Thiết bị điện
THM,Công ty Cổ phần Tứ Hải Hà Nam,Hàng Tiêu dùng,Hàng cá nhân & Gia dụng,Hàng cá nhân,Hàng May mặc
THN,Công ty Cổ phần Cấp nước Thanh Hóa,Tiện ích Cộng đồng,"Điện, nước & xăng dầu khí đốt",Nước & Khí đốt,Nước
THO,Công ty Cổ phần Đầu Tư và Xây Lắp Tây Hồ,Công nghiệp,Xây dựng và Vật liệu,Xây dựng và Vật liệu,Xây dựng
THP,Công ty Cổ phần Thủy sản và Thương mại Thuận Phước,Hàng Tiêu dùng,Thực phẩm và đồ uống,Sản xuất thực phẩm,Nuôi trồng nông & hải sản
THS,Công ty Cổ phần Thanh Hoa Sông Đà,Dịch vụ Tiêu dùng,Bán lẻ,Bán lẻ,Bán lẻ phức hợp
THT,Công ty Cổ phần Than Hà Tu - Vinacomin,Nguyên vật liệu,Tài nguyên Cơ bản,Khai khoáng,Khai thác Than
THU,Công ty Cổ phần Môi trường và Công trình đô thị Thanh Hóa,Công nghiệp,Hàng & Dịch vụ Công nghiệp,Tư vấn & Hỗ trợ Kinh doanh,Chất thải & Môi trường
THW,Công ty Cổ phần Cấp nước Tân Hòa,Tiện ích Cộng đồng,"Điện, nước & xăng dầu khí đốt",Nước & Khí đốt,Nước
TID,Công ty Cổ phần Tổng Công ty Tín Nghĩa,Tài chính,Bất động sản,Bất động sản,Bất động sản
TIE,Công ty Cổ phần TIE,Công nghiệp,Hàng & Dịch vụ Công nghiệp,Điện tử & Thiết bị điện,Hàng điện & điện tử
TIG,Công ty Cổ phần Tập đoàn Đầu tư Thăng Long,Tài chính,Bất động sản,Bất động sản,Bất động sản
TIN,Công ty Tài chính Tổng hợp cổ phần Tín Việt,Tài chính,Dịch vụ tài chính,Dịch vụ tài chính,Quản lý tài sản
TIP,Công ty Cổ phần Phát triển Khu công nghiệp Tín Nghĩa,Tài chính,Bất động sản,Bất động sản,Bất động sản
TIS,Công ty Cổ phần Gang thép Thái Nguyên,Nguyên vật liệu,Tài nguyên Cơ bản,Kim loại,Thép và sản phẩm thép
TIX,Công ty Cổ phần Sản xuất Kinh doanh Xuất nhập khẩu Dịch vụ và Đầu tư Tân Bình,Tài chính,Bất động sản,Bất động sản,Bất động sản
TJC,Công ty Cổ phần Dịch vụ Vận tải và Thương mại,Công nghiệp,Hàng & Dịch vụ Công nghiệp,Vận tải,Dịch vụ vận tải
TKA,Công ty Cổ phần Bao bì Tân Khánh An,Công nghiệp,Hàng & Dịch vụ Công nghiệp,Hàng công nghiệp,Containers & Đóng gói
TKC,Công ty Cổ phần Xây dựng và Kinh doanh Địa ốc Tân Kỷ,Công nghiệp,Xây dựng và Vật liệu,Xây dựng và Vật liệu,Xây dựng
TKD,Công ty Cổ phần Tư vấn Thiết kế Đường bộ,Công nghiệp,Hàng & Dịch vụ Công nghiệp,Tư vấn & Hỗ trợ Kinh doanh,Tư vấn & Hỗ trợ KD
TKG,Công ty Cổ phần Sản xuất và Thương mại Tùng Khánh,Nguyên vật liệu,Tài nguyên Cơ bản,Kim loại,Thép và sản phẩm thép
TKU,Công ty Cổ phần Công nghiệp Tung Kuang,Nguyên vật liệu,Tài nguyên Cơ bản,Kim loại,Nhôm
TL4,Tổng Công ty Xây dựng Thủy lợi 4 - Công ty Cổ phần,Công nghiệp,Xây dựng và Vật liệu,Xây dựng và Vật liệu,Xây dựng
TLC,Công ty Cổ phần Viễn Thông Thăng Long,Công nghệ Thông tin,Công nghệ Thông tin,Thiết bị và Phần cứng,Thiết bị viễn thông
TLD,Công ty Cổ phần Đầu tư Xây dựng và Phát triển Đô thị Thăng Long,Công nghiệp,Xây dựng và Vật liệu,Xây dựng và Vật liệu,Vật liệu xây dựng & Nội thất
TLG,Công ty Cổ phần Tập đoàn Thiên Long,Hàng Tiêu dùng,Hàng cá nhân & Gia dụng,Hàng gia dụng,Đồ gia dụng một lần
TLH,Công ty Cổ phần Tập đoàn Thép Tiến Lên,Nguyên vật liệu,Tài nguyên Cơ bản,Kim loại,Thép và sản phẩm thép
TLI,Công ty Cổ phần May Quốc tế Thắng Lợi,Hàng Tiêu dùng,Hàng cá nhân & Gia dụng,Hàng cá nhân,Hàng May mặc
TLL,Công ty Cổ phần Dệt may Thắng Lợi,Hàng Tiêu dùng,Hàng cá nhân & Gia dụng,Hàng cá nhân,Hàng May mặc
TLP,Tổng Công ty Thương mại Xuất nhập khẩu Thanh Lễ - CTCP,Tiện ích Cộng đồng,"Điện, nước & xăng dầu khí đốt",Nước & Khí đốt,Phân phối xăng dầu & khí đốt
TLS,Công ty Cổ phần Thương mại Lạng Sơn,Dịch vụ Tiêu dùng,Bán lẻ,Bán lẻ,Bán lẻ phức hợp
TLT,Công ty Cổ phần Viglacera Thăng Long,Công nghiệp,Xây dựng và Vật liệu,Xây dựng và Vật liệu,Vật liệu xây dựng & Nội thất
TMB,Công ty Cổ phần Kinh doanh Than Miền Bắc - Vinacomin,Nguyên vật liệu,Tài nguyên Cơ bản,Khai khoáng,Khai thác Than
TMC,Công ty Cổ phần Thương mại Xuất nhập khẩu Thủ Đức,Tiện ích Cộng đồng,"Điện, nước & xăng dầu khí đốt",Nước & Khí đốt,Phân phối xăng dầu & khí đốt
TMG,Công ty Cổ phần Kim loại màu Thái Nguyên - Vimico,Nguyên vật liệu,Tài nguyên Cơ bản,Kim loại,Thép và sản phẩm thép
TMP,Công ty Cổ phần Thủy điện Thác Mơ,Tiện ích Cộng đồng,"Điện, nước & xăng dầu khí đốt",Sản xuất & Phân phối Điện,Sản xuất & Phân phối Điện
TMS,Công ty Cổ phần Transimex,Công nghiệp,Hàng & Dịch vụ Công nghiệp,Vận tải,"Kho bãi, hậu cần và bảo dưỡng"
TMT,Công ty Cổ phần Ô tô TMT,Hàng Tiêu dùng,Ô tô và phụ tùng,Ô tô và phụ tùng,Sản xuất ô tô
TMW,Công ty Cổ phần Tổng hợp Gỗ Tân Mai,Nguyên vật liệu,Tài nguyên Cơ bản,Lâm nghiệp và Giấy,Lâm sản và Chế biến gỗ
TMX,Công ty Cổ phần VICEM Thương mại Xi măng,Công nghiệp,Xây dựng và Vật liệu,Xây dựng và Vật liệu,Vật liệu xây dựng & Nội thất
TN1,Công ty Cổ phần Rox Key Holdings,Tài chính,Bất động sản,Bất động sản,Bất động sản
TNA,Công ty Cổ phần Thương mại Xuất nhập khẩu Thiên Nam,Nguyên vật liệu,Tài nguyên Cơ bản,Kim loại,Thép và sản phẩm thép
TNB,Công ty Cổ phần Thép Nhà Bè - VNSTEEL,Nguyên vật liệu,Tài nguyên Cơ bản,Kim loại,Thép và sản phẩm thép
TNC,Công ty Cổ phần Cao su Thống Nhất,Nguyên vật liệu,Hóa chất,Hóa chất,"Nhựa, cao su & sợi"
TNG,Công ty Cổ phần Đầu tư và Thương mại TNG,Hàng Tiêu dùng,Hàng cá nhân & Gia dụng,Hàng cá nhân,Hàng May mặc
TNH,Công ty Cổ phần Tập đoàn Bệnh viện TNH,Dược phẩm và Y tế,Y tế,Thiết bị và Dịch vụ Y tế,Chăm sóc y tế
TNI,Công ty Cổ phần Tập đoàn Thành Nam,Nguyên vật liệu,Tài nguyên Cơ bản,Kim loại,Thép và sản phẩm thép
TNM,Công ty Cổ phần Xuất nhập khẩu và Xây dựng Công trình,Công nghiệp,Xây dựng và Vật liệu,Xây dựng và Vật liệu,Xây dựng
TNP,Công ty Cổ phần Cảng Thị Nại,Công nghiệp,Hàng & Dịch vụ Công nghiệp,Vận tải,"Kho bãi, hậu cần và bảo dưỡng"
TNS,Công ty Cổ phần Thép tấm lá Thống Nhất,Nguyên vật liệu,Tài nguyên Cơ bản,Kim loại,Thép và sản phẩm thép
TNT,Công ty Cổ phần Tập đoàn TNT,Công nghiệp,Xây dựng và Vật liệu,Xây dựng và Vật liệu,Vật liệu xây dựng & Nội thất
TNV,Công ty Cổ phần Thống Nhất Hà Nội,Hàng Tiêu dùng,Hàng cá nhân & Gia dụng,Hàng cá nhân,Hàng cá nhân
TNW,Công ty Cổ phần Nước sạch Thái Nguyên,Tiện ích Cộng đồng,"Điện, nước & xăng dầu khí đốt",Nước & Khí đốt,Nước
TOP,Công ty Cổ phần Phân phối Top One,Dịch vụ Tiêu dùng,Bán lẻ,Bán lẻ,Bán lẻ phức hợp
TOS,Công ty Cổ phần Dịch vụ biển Tân Cảng,Dầu khí,Dầu khí,"Thiết bị, Dịch vụ và Phân phối Dầu khí",Thiết bị và Dịch vụ Dầu khí
TOT,Công ty Cổ phần Transimex Logistics,Công nghiệp,Hàng & Dịch vụ Công nghiệp,Vận tải,Dịch vụ vận tải
TOW,Công ty Cổ phần Cấp nước Trà Nóc - Ô Môn,Tiện ích Cộng đồng,"Điện, nước & xăng dầu khí đốt",Nước & Khí đốt,Nước
TPB,Ngân hàng Thương mại Cổ phần Tiên Phong,Ngân hàng,Ngân hàng,Ngân hàng,Ngân hàng
TPC,Công ty Cổ phần Nhựa Tân Đại Hưng,Nguyên vật liệu,Hóa chất,Hóa chất,"Nhựa, cao su & sợi"
TPE,Công ty Cổ phần Cơ điện Trần Phú,Công nghệ Thông tin,Công nghệ Thông tin,Thiết bị và Phần cứng,Thiết bị viễn thông
TPH,Công ty Cổ phần In Sách giáo khoa tại Thành phố Hà Nội,Dịch vụ Tiêu dùng,Truyền thông,Truyền thông,"Sách, ấn bản & sản phẩm văn hóa"
TPP,Công ty Cổ phần Tân Phú Việt Nam,Công nghiệp,Hàng & Dịch vụ Công nghiệp,Hàng công nghiệp,Containers & Đóng gói
TPS,Công ty Cổ phần Bến bãi vận tải Sài Gòn,Dịch vụ Tiêu dùng,Du lịch và Giải trí,Du lịch & Giải trí,Vận tải hành khách & Du lịch
TQN,Công ty Cổ phần Thông Quảng Ninh,Nguyên vật liệu,Tài nguyên Cơ bản,Lâm nghiệp và Giấy,Lâm sản và Chế biến gỗ
TQW,Công ty Cổ phần Cấp thoát nước Tuyên Quang,Tiện ích Cộng đồng,"Điện, nước & xăng dầu khí đốt",Nước & Khí đốt,Nước
TR1,Công ty Cổ phần Vận Tải 1 Traco,Công nghiệp,Hàng & Dịch vụ Công nghiệp,Vận tải,"Kho bãi, hậu cần và bảo dưỡng"
TRA,Công ty Cổ phần Traphaco,Dược phẩm và Y tế,Y tế,Dược phẩm,Dược phẩm
TRC,Công ty Cổ phần Cao su Tây Ninh,Nguyên vật liệu,Hóa chất,Hóa chất,"Nhựa, cao su & sợi"
TRH,Công ty Cổ phần Bệnh viện Giao thông Vận tải,Dược phẩm và Y tế,Y tế,Thiết bị và Dịch vụ Y tế,Chăm sóc y tế
TRS,Công ty Cổ phần Vận tải và Dịch vụ Hàng Hải,Công nghiệp,Hàng & Dịch vụ Công nghiệp,Vận tải,Vận tải Thủy
TRT,Công ty Cổ phần RedstarCera,Công nghiệp,Xây dựng và Vật liệu,Xây dựng và Vật liệu,Vật liệu xây dựng & Nội thất
TRV,Công ty Cổ Phần Vận tải Đường sắt,Công nghiệp,Hàng & Dịch vụ Công nghiệp,Vận tải,Đường sắt
TS3,Công ty Cổ phần Trường Sơn 532,Công nghiệp,Xây dựng và Vật liệu,Xây dựng và Vật liệu,Xây dựng
TS4,Công ty Cổ phần Thủy sản số 4,Hàng Tiêu dùng,Thực phẩm và đồ uống,Sản xuất thực phẩm,Nuôi trồng nông & hải sản
TSA,Công ty Cổ Phần Đầu Tư Và Xây Lắp Trường Sơn,Công nghiệp,Xây dựng và Vật liệu,Xây dựng và Vật liệu,Xây dựng
TSB,Công ty Cổ phần Ắc quy Tia Sáng,Công nghiệp,Hàng & Dịch vụ Công nghiệp,Điện tử & Thiết bị điện,Hàng điện & điện tử
TSC,Công ty Cổ phần Vật tư Kỹ thuật Nông nghiệp Cần Thơ,Nguyên vật liệu,Hóa chất,Hóa chất,"Sản phẩm hóa dầu, Nông dược & Hóa chất khác"
TSD,Công ty Cổ phần Du lịch Trường Sơn Coecco,Dịch vụ Tiêu dùng,Du lịch và Giải trí,Du lịch & Giải trí,Vận tải hành khách & Du lịch
TSG,Công ty Cổ phần Thông tin Tín hiệu Đường sắt Sài Gòn,Công nghiệp,Hàng & Dịch vụ Công nghiệp,Vận tải,Đường sắt
TSJ,Công ty Cổ phần Du lịch Dịch vụ Hà Nội,Dịch vụ Tiêu dùng,Du lịch và Giải trí,Du lịch & Giải trí,Vận tải hành khách & Du lịch
TST,Công ty Cổ phần Dịch vụ Kỹ thuật Viễn thông,Công nghệ Thông tin,Công nghệ Thông tin,Phần mềm & Dịch vụ Máy tính,Dịch vụ Máy tính
TT6,Công ty Cổ Phần Tập Đoàn Tiến Thịnh,Hàng Tiêu dùng,Thực phẩm và đồ uống,Sản xuất thực phẩm,Thực phẩm
TTA,Công ty Cổ phần Đầu tư Xây dựng và Phát triển Trường Thành,Tiện ích Cộng đồng,"Điện, nước & xăng dầu khí đốt",Sản xuất & Phân phối Điện,Sản xuất & Phân phối Điện
TTB,Công ty Cổ phần TTBGROUP,Công nghiệp,Xây dựng và Vật liệu,Xây dựng và Vật liệu,Vật liệu xây dựng & Nội thất
TTC,Công ty Cổ phần Gạch men Thanh Thanh,Công nghiệp,Xây dựng và Vật liệu,Xây dựng và Vật liệu,Vật liệu xây dựng & Nội thất
TTD,Công ty Cổ phần Bệnh viện Tim Tâm Đức,Dược phẩm và Y tế,Y tế,Thiết bị và Dịch vụ Y tế,Chăm sóc y tế
TTE,Công ty Cổ phần Đầu tư Năng lượng Trường Thịnh,Tiện ích Cộng đồng,"Điện, nước & xăng dầu khí đốt",Sản xuất & Phân phối Điện,Sản xuất & Phân phối Điện
TTF,Công ty Cổ phần Tập đoàn Kỹ nghệ Gỗ Trường Thành,Nguyên vật liệu,Tài nguyên Cơ bản,Lâm nghiệp và Giấy,Lâm sản và Chế biến gỗ
TTG,Công ty Cổ phần May Thanh Trì,Hàng Tiêu dùng,Hàng cá nhân & Gia dụng,Hàng cá nhân,Hàng May mặc
TTH,Công ty Cổ phần Thương mại và Dịch vụ Tiến Thành,Nguyên vật liệu,Tài nguyên Cơ bản,Kim loại,Thép và sản phẩm thép
TTL,Tổng Công ty Thăng Long - Công ty Cổ phần,Công nghiệp,Xây dựng và Vật liệu,Xây dựng và Vật liệu,Xây dựng
TTN,Công ty Cổ phần Công nghệ & Truyền thông Việt Nam,Viễn thông,Viễn thông,Viễn thông cố định,Viễn thông cố định
TTP,Công ty Cổ phần Bao bì Tân Tiến,Công nghiệp,Hàng & Dịch vụ Công nghiệp,Hàng công nghiệp,Containers & Đóng gói
TTS,Công ty Cổ phần Cán thép Thái Trung,Nguyên vật liệu,Tài nguyên Cơ bản,Kim loại,Thép và sản phẩm thép
TTT,Công ty Cổ phần Du Lịch - Thương Mại Tây Ninh,Dịch vụ Tiêu dùng,Du lịch và Giải trí,Du lịch & Giải trí,Vận tải hành khách & Du lịch
TTZ,Công ty Cổ phần Đầu tư Xây dựng và Công nghệ Tiến Trung,Công nghiệp,Xây dựng và Vật liệu,Xây dựng và Vật liệu,Vật liệu xây dựng & Nội thất
TUG,Công ty Cổ phần Lai dắt và Vận tải Cảng Hải Phòng,Công nghiệp,Hàng & Dịch vụ Công nghiệp,Vận tải,"Kho bãi, hậu cần và bảo dưỡng"
TV1,Công ty Cổ phần Tư vấn Xây dựng Điện 1,Công nghiệp,Hàng & Dịch vụ Công nghiệp,Tư vấn & Hỗ trợ Kinh doanh,Tư vấn & Hỗ trợ KD
TV2,Công ty Cổ phần Tư vấn Xây dựng Điện 2,Công nghiệp,Hàng & Dịch vụ Công nghiệp,Tư vấn & Hỗ trợ Kinh doanh,Tư vấn & Hỗ trợ KD
TV3,Công ty Cổ phần Tư vấn Xây dựng Điện 3,Công nghiệp,Hàng & Dịch vụ Công nghiệp,Tư vấn & Hỗ trợ Kinh doanh,Tư vấn & Hỗ trợ KD
TV4,Công ty Cổ phần Tư vấn Xây dựng Điện 4,Công nghiệp,Hàng & Dịch vụ Công nghiệp,Tư vấn & Hỗ trợ Kinh doanh,Tư vấn & Hỗ trợ KD
TV6,Công ty Cổ phần Tập đoàn EMA LAND,Tài chính,Bất động sản,Bất động sản,"Tư Vấn, Định giá, Môi giới Bất động sản"
TVA,Công ty cổ phần Sứ Viglacera Thanh Trì,Công nghiệp,Xây dựng và Vật liệu,Xây dựng và Vật liệu,Vật liệu xây dựng & Nội thất
TVB,Công ty Cổ phần Chứng khoán T-Cap,Tài chính,Dịch vụ tài chính,Dịch vụ tài chính,Môi giới chứng khoán
TVC,Công ty Cổ phần Tập đoàn Quản lý tài sản T-Corp,Tài chính,Dịch vụ tài chính,Dịch vụ tài chính,Tài chính đặc biệt
TVD,Công ty Cổ phần Than Vàng Danh - Vinacomin,Nguyên vật liệu,Tài nguyên Cơ bản,Khai khoáng,Khai thác Than
TVG,Công ty Cổ phần Tư vấn Đầu tư và Xây dựng Giao thông Vận tải,Công nghiệp,Xây dựng và Vật liệu,Xây dựng và Vật liệu,Xây dựng
TVH,Công ty Cổ phần Tư vấn Xây dựng công trình Hàng hải,Công nghiệp,Xây dựng và Vật liệu,Xây dựng và Vật liệu,Xây dựng
TVM,Công ty Cổ phần Tư vấn đầu tư Mỏ và công nghiệp - Vinacomin,Công nghiệp,Hàng & Dịch vụ Công nghiệp,Tư vấn & Hỗ trợ Kinh doanh,Tư vấn & Hỗ trợ KD
TVN,Tổng Công ty Thép Việt Nam - Công ty Cổ phần,Nguyên vật liệu,Tài nguyên Cơ bản,Kim loại,Thép và sản phẩm thép
TVO,Công ty Cổ phần Dầu thực vật Tân Bình,Hàng Tiêu dùng,Thực phẩm và đồ uống,Sản xuất thực phẩm,Thực phẩm
TVP,Công ty Cổ phần Dược phẩm TV.Pharm,Dược phẩm và Y tế,Y tế,Dược phẩm,Dược phẩm
TVS,Công ty Cổ phần Chứng khoán Thiên Việt,Tài chính,Dịch vụ tài chính,Dịch vụ tài chính,Môi giới chứng khoán
TVT,Tổng Công ty Việt Thắng - CTCP,Hàng Tiêu dùng,Hàng cá nhân & Gia dụng,Hàng cá nhân,Hàng May mặc
TVW,Công ty Cổ phần Cấp thoát nước Trà Vinh,Tiện ích Cộng đồng,"Điện, nước & xăng dầu khí đốt",Nước & Khí đốt,Nước
TW3,Công ty Cổ phần Dược Trung Ương 3,Dược phẩm và Y tế,Y tế,Dược phẩm,Dược phẩm
TXM,Công ty Cổ phần VICEM Thạch cao Xi Măng,Công nghiệp,Xây dựng và Vật liệu,Xây dựng và Vật liệu,Vật liệu xây dựng & Nội thất
TYA,Công ty Cổ phần Dây và Cáp điện Taya Việt Nam,Công nghiệp,Hàng & Dịch vụ Công nghiệp,Điện tử & Thiết bị điện,Hàng điện & điện tử
UCT,Công ty Cổ phần Đô thị Cần Thơ,Công nghiệp,Hàng & Dịch vụ Công nghiệp,Tư vấn & Hỗ trợ Kinh doanh,Chất thải & Môi trường
UDC,Công ty Cổ phần Đầu tư Xây dựng UDCons,Công nghiệp,Xây dựng và Vật liệu,Xây dựng và Vật liệu,Xây dựng
UDJ,Công ty Cổ phần Phát triển Đô thị,Công nghiệp,Xây dựng và Vật liệu,Xây dựng và Vật liệu,Xây dựng
UDL,Công ty Cổ phần Đô thị và Môi trường Đắk Lắk,Công nghiệp,Hàng & Dịch vụ Công nghiệp,Tư vấn & Hỗ trợ Kinh doanh,Chất thải & Môi trường
UEM,Công ty Cổ phần Cơ điện Uông Bí - Vinacomin,Công nghiệp,Hàng & Dịch vụ Công nghiệp,Công nghiệp nặng,Máy công nghiệp
UIC,Công ty Cổ phần Đầu tư Phát triển Nhà và Đô thị IDICO,Tiện ích Cộng đồng,"Điện, nước & xăng dầu khí đốt",Sản xuất & Phân phối Điện,Sản xuất & Phân phối Điện
ULG,Công ty Cổ Phần Logistics U&I,Công nghiệp,Hàng & Dịch vụ Công nghiệp,Vận tải,"Kho bãi, hậu cần và bảo dưỡng"
UMC,Công ty Cổ phần Công trình đô thị Nam Định,Công nghiệp,Xây dựng và Vật liệu,Xây dựng và Vật liệu,Xây dựng
UNI,Công ty Cổ phần Đầu tư và Phát triển Sao Mai Việt,Công nghệ Thông tin,Công nghệ Thông tin,Phần mềm & Dịch vụ Máy tính,Dịch vụ Máy tính
UNM,Công ty Cổ phần Liên hiệp Xuất nhập khẩu và Đầu tư Hà Nội,Dịch vụ Tiêu dùng,Bán lẻ,Bán lẻ,Bán lẻ phức hợp
UPC,Công ty Cổ phần Phát triển Công viên Cây xanh và Đô thị Vũng Tàu,Tiện ích Cộng đồng,"Điện, nước & xăng dầu khí đốt",Nước & Khí đốt,Tiện ích khác
UPH,Công ty Cổ phần Dược phẩm TW25,Dược phẩm và Y tế,Y tế,Dược phẩm,Dược phẩm
UPS,Công ty Cổ phần Chứng khoán UP,Tài chính,Dịch vụ tài chính,Dịch vụ tài chính,Môi giới chứng khoán
USC,Công ty Cổ phần Khảo sát và Xây dựng - USCO,Công nghiệp,Xây dựng và Vật liệu,Xây dựng và Vật liệu,Xây dựng
USD,Công ty Cổ phần Công trình Đô thị Sóc Trăng,Công nghiệp,Hàng & Dịch vụ Công nghiệp,Tư vấn & Hỗ trợ Kinh doanh,Chất thải & Môi trường
USIF,Quỹ Đầu tư Trái phiếu United Thu nhập ổn định,Tài chính,Dịch vụ tài chính,Quỹ đầu tư,Quỹ đầu tư
UTT,Công ty Cổ phần Môi trường Nam Thành,Công nghiệp,Hàng & Dịch vụ Công nghiệp,Tư vấn & Hỗ trợ Kinh doanh,Chất thải & Môi trường
UVEF,Quỹ Đầu tư Cổ phiếu United Việt Nam,Tài chính,Dịch vụ tài chính,Quỹ đầu tư,Quỹ đầu tư
UXC,Công ty Cổ phần Chế biến Thủy sản Út Xi,Hàng Tiêu dùng,Thực phẩm và đồ uống,Sản xuất thực phẩm,Nuôi trồng nông & hải sản
V11,Công ty Cổ phần Xây dựng số 11,Tài chính,Bất động sản,Bất động sản,Bất động sản
V12,Công ty Cổ phần Xây dựng số 12,Công nghiệp,Xây dựng và Vật liệu,Xây dựng và Vật liệu,Xây dựng
V15,Công ty Cổ phần Xây dựng số 15,Công nghiệp,Xây dựng và Vật liệu,Xây dựng và Vật liệu,Xây dựng
V21,Công ty Cổ phần Vinaconex 21,Tài chính,Bất động sản,Bất động sản,Bất động sản
V45,Công ty Cổ phần Đầu tư và Xây dựng số 45,Công nghiệp,Xây dựng và Vật liệu,Xây dựng và Vật liệu,Vật liệu xây dựng & Nội thất
VAB,Ngân hàng Thương mại Cổ phần Việt Á,Ngân hàng,Ngân hàng,Ngân hàng,Ngân hàng
VAF,Công ty Cổ phần Phân lân nung chảy Văn Điển,Nguyên vật liệu,Hóa chất,Hóa chất,"Sản phẩm hóa dầu, Nông dược & Hóa chất khác"
VAT,Công ty Cổ phần VT Vạn Xuân,Công nghệ Thông tin,Công nghệ Thông tin,Thiết bị và Phần cứng,Thiết bị viễn thông
VAV,Công ty Cổ phần VIWACO,Tiện ích Cộng đồng,"Điện, nước & xăng dầu khí đốt",Nước & Khí đốt,Nước
VBB,Ngân hàng Thương mại Cổ phần Việt Nam Thương Tín,Ngân hàng,Ngân hàng,Ngân hàng,Ngân hàng
VBC,"Công ty Cổ phần Nhựa, Bao bì Vinh",Công nghiệp,Hàng & Dịch vụ Công nghiệp,Hàng công nghiệp,Containers & Đóng gói
VBG,Công ty Cổ phần Địa chất Việt Bắc - TKV,Nguyên vật liệu,Tài nguyên Cơ bản,Khai khoáng,Khai khoáng
VBH,Công ty Cổ phần Điện tử Bình Hòa,Công nghiệp,Hàng & Dịch vụ Công nghiệp,Điện tử & Thiết bị điện,Hàng điện & điện tử
VBT,Công ty Cổ phần Vận tải Bảo Thắng,Công nghiệp,Hàng & Dịch vụ Công nghiệp,Vận tải,Dịch vụ vận tải
VC1,Công ty Cổ phần Xây dựng số 1,Công nghiệp,Xây dựng và Vật liệu,Xây dựng và Vật liệu,Xây dựng
VC2,Công ty Cổ phần Đầu tư và Xây dựng VINA2,Công nghiệp,Xây dựng và Vật liệu,Xây dựng và Vật liệu,Xây dựng
VC3,Công ty Cổ phần Tập đoàn Nam Mê Kông,Tài chính,Bất động sản,Bất động sản,"Tư Vấn, Định giá, Môi giới Bất động sản"
VC5,Công ty Cổ phần Xây dựng Số 5,Công nghiệp,Xây dựng và Vật liệu,Xây dựng và Vật liệu,Xây dựng
VC6,Công ty cổ phần Xây dựng và Đầu tư Visicons,Công nghiệp,Xây dựng và Vật liệu,Xây dựng và Vật liệu,Xây dựng
VC7,Công ty Cổ phần Tập đoàn BGI,Công nghiệp,Xây dựng và Vật liệu,Xây dựng và Vật liệu,Xây dựng
VC9,Công ty Cổ phần Xây dựng số 9 - VC9,Công nghiệp,Xây dựng và Vật liệu,Xây dựng và Vật liệu,Xây dựng
VCA,Công ty Cổ phần Thép VICASA,Nguyên vật liệu,Tài nguyên Cơ bản,Kim loại,Thép và sản phẩm thép
VCB,Ngân hàng Thương mại Cổ phần Ngoại thương Việt Nam,Ngân hàng,Ngân hàng,Ngân hàng,Ngân hàng
VCBF-FIF,Quỹ Đầu tư Trái phiếu VCBF,Tài chính,Dịch vụ tài chính,Quỹ đầu tư,Quỹ đầu tư
VCC,Công ty Cổ phần Vinaconex 25,Công nghiệp,Xây dựng và Vật liệu,Xây dựng và Vật liệu,Xây dựng
VCE,Công ty Cổ phần Xây lắp Môi trường,Công nghiệp,Xây dựng và Vật liệu,Xây dựng và Vật liệu,Xây dựng
VCF,Công ty Cổ phần VinaCafé Biên Hòa,Hàng Tiêu dùng,Thực phẩm và đồ uống,Bia và đồ uống,Đồ uống & giải khát
VCG,Tổng Công ty Cổ phần Xuất nhập khẩu và Xây dựng Việt Nam,Công nghiệp,Xây dựng và Vật liệu,Xây dựng và Vật liệu,Xây dựng
VCH,Công ty Cổ phần Đầu tư Xây dựng và Phát triển Hạ tầng Vinaconex,Công nghiệp,Xây dựng và Vật liệu,Xây dựng và Vật liệu,Xây dựng
VCI,Công ty Cổ phần Chứng khoán Vietcap,Tài chính,Dịch vụ tài chính,Dịch vụ tài chính,Môi giới chứng khoán
VCK,Công ty Cổ phần Chứng Khoán VPS,Tài chính,Dịch vụ tài chính,Dịch vụ tài chính,Môi giới chứng khoán
VCM,Công ty Cổ phần BV Life,Công nghiệp,Hàng & Dịch vụ Công nghiệp,Công nghiệp nặng,Máy công nghiệp
VCP,Công ty Cổ phần Xây dựng và Năng lượng VCP,Tiện ích Cộng đồng,"Điện, nước & xăng dầu khí đốt",Sản xuất & Phân phối Điện,Sản xuất & Phân phối Điện
VCR,Công ty Cổ phần Đầu tư và Phát triển Du lịch ITC,Tài chính,Bất động sản,Bất động sản,Bất động sản
VCS,Công ty Cổ phần VICOSTONE,Công nghiệp,Xây dựng và Vật liệu,Xây dựng và Vật liệu,Vật liệu xây dựng & Nội thất
VCT,Công ty Cổ phần Tư vấn Xây dựng Vinaconex,Công nghiệp,Hàng & Dịch vụ Công nghiệp,Tư vấn & Hỗ trợ Kinh doanh,Tư vấn & Hỗ trợ KD
VCW,Công ty Cổ phần Đầu tư Nước sạch Sông Đà,Tiện ích Cộng đồng,"Điện, nước & xăng dầu khí đốt",Nước & Khí đốt,Nước
VCX,Công ty Cổ phần Xi măng Yên Bình,Công nghiệp,Xây dựng và Vật liệu,Xây dựng và Vật liệu,Vật liệu xây dựng & Nội thất
VDB,Công ty Cổ phần Vận tải và Chế biến Than Đông Bắc,Nguyên vật liệu,Tài nguyên Cơ bản,Khai khoáng,Khai thác Than
VDG,Công ty Cổ phần Vạn Đạt Group,Hàng Tiêu dùng,Hàng cá nhân & Gia dụng,Hàng cá nhân,Hàng May mặc
VDL,Công ty Cổ phần Thực phẩm Lâm Đồng,Hàng Tiêu dùng,Thực phẩm và đồ uống,Bia và đồ uống,Vang & Rượu mạnh
VDM,Công ty Cổ phần - Viện Nghiên cứu Dệt may,Hàng Tiêu dùng,Hàng cá nhân & Gia dụng,Hàng cá nhân,Hàng May mặc
VDN,Công ty Cổ phần Vinatex Đà Nẵng,Hàng Tiêu dùng,Hàng cá nhân & Gia dụng,Hàng cá nhân,Hàng May mặc
VDP,Công ty Cổ phần Dược phẩm Trung ương VIDIPHA,Dược phẩm và Y tế,Y tế,Dược phẩm,Dược phẩm
VDS,Công ty Cổ phần Chứng khoán Rồng Việt,Tài chính,Dịch vụ tài chính,Dịch vụ tài chính,Môi giới chứng khoán
VDT,Công ty Cổ phần Lưới thép Bình Tây,Nguyên vật liệu,Tài nguyên Cơ bản,Kim loại,Thép và sản phẩm thép
VE1,Công ty Cổ phần Xây dựng điện VNECO 1,Công nghiệp,Xây dựng và Vật liệu,Xây dựng và Vật liệu,Xây dựng
VE2,Công ty Cổ phần Xây dựng Điện VNECO 2,Công nghiệp,Xây dựng và Vật liệu,Xây dựng và Vật liệu,Xây dựng
VE3,Công ty Cổ phần Xây dựng điện VNECO 3,Công nghiệp,Xây dựng và Vật liệu,Xây dựng và Vật liệu,Xây dựng
VE4,Công ty Cổ phần Xây dựng điện VNECO4,Công nghiệp,Xây dựng và Vật liệu,Xây dựng và Vật liệu,Xây dựng
VE8,Công ty Cổ phần Xây dựng Điện Vneco 8,Công nghiệp,Xây dựng và Vật liệu,Xây dựng và Vật liệu,Xây dựng
VE9,Công ty Cổ phần Đầu tư và Xây dựng VNECO 9,Công nghiệp,Xây dựng và Vật liệu,Xây dựng và Vật liệu,Xây dựng
VEA,Tổng Công ty Máy động lực và Máy nông nghiệp Việt Nam - CTCP,Công nghiệp,Hàng & Dịch vụ Công nghiệp,Công nghiệp nặng,Máy công nghiệp
VEC,Tổng Công ty Cổ phần Điện tử và Tin học Việt Nam,Công nghệ Thông tin,Công nghệ Thông tin,Thiết bị và Phần cứng,Phần cứng
VEF,Công ty Cổ phần Trung tâm Hội chợ Triển lãm Việt Nam,Tài chính,Bất động sản,Bất động sản,Bất động sản
VEG,"Tổng Công ty Rau quả, Nông sản - Công ty Cổ phần",Hàng Tiêu dùng,Thực phẩm và đồ uống,Sản xuất thực phẩm,Thực phẩm
VEIL,Vietnam Enterprise Investments Limited,Tài chính,Dịch vụ tài chính,Quỹ đầu tư,Quỹ đầu tư
VES,Công ty Cổ phần Tập đoàn VinaLiving,Tài chính,Bất động sản,Bất động sản,Bất động sản
VET,Công ty Cổ phần Thuốc Thú y Trung ương NAVETCO,Nguyên vật liệu,Hóa chất,Hóa chất,"Sản phẩm hóa dầu, Nông dược & Hóa chất khác"
VFC,Công ty Cổ phần VINAFCO,Công nghiệp,Hàng & Dịch vụ Công nghiệp,Vận tải,Vận tải Thủy
VFG,Công ty Cổ phần Khử trùng Việt Nam,Nguyên vật liệu,Hóa chất,Hóa chất,"Sản phẩm hóa dầu, Nông dược & Hóa chất khác"
VFMVFA,Quỹ Đầu tư Năng động Việt Nam,Tài chính,Dịch vụ tài chính,Quỹ đầu tư,Quỹ đầu tư
VFR,Công ty Cổ phần Vận tải và Thuê tàu,Công nghiệp,Hàng & Dịch vụ Công nghiệp,Vận tải,Vận tải Thủy
VFS,Công ty Cổ phần Chứng khoán Nhất Việt,Tài chính,Dịch vụ tài chính,Dịch vụ tài chính,Môi giới chứng khoán
VGC,Tổng Công ty Viglacera - Công ty Cổ phần,Công nghiệp,Xây dựng và Vật liệu,Xây dựng và Vật liệu,Vật liệu xây dựng & Nội thất
VGG,Tổng Công Ty Cổ phần May Việt Tiến,Hàng Tiêu dùng,Hàng cá nhân & Gia dụng,Hàng cá nhân,Hàng May mặc
VGI,Tổng Công ty Cổ phần Đầu tư Quốc tế Viettel,Viễn thông,Viễn thông,Viễn thông di động,Viễn thông di động
VGL,Công ty Cổ phần Mạ kẽm công nghiệp Vingal-Vnsteel,Nguyên vật liệu,Tài nguyên Cơ bản,Kim loại,Thép và sản phẩm thép
VGP,Công ty Cổ phần Cảng Rau Quả,Công nghiệp,Hàng & Dịch vụ Công nghiệp,Vận tải,"Kho bãi, hậu cần và bảo dưỡng"
VGR,Công ty Cổ phần Cảng xanh VIP,Công nghiệp,Hàng & Dịch vụ Công nghiệp,Vận tải,"Kho bãi, hậu cần và bảo dưỡng"
VGS,Công ty Cổ phần Ống thép Việt - Đức VG PIPE,Nguyên vật liệu,Tài nguyên Cơ bản,Kim loại,Thép và sản phẩm thép
VGT,Tập đoàn Dệt May Việt Nam,Hàng Tiêu dùng,Hàng cá nhân & Gia dụng,Hàng cá nhân,Hàng May mặc
VGV,Tổng Công ty Tư vấn Xây dựng Việt Nam - CTCP,Tài chính,Bất động sản,Bất động sản,Bất động sản
VHC,Công ty Cổ phần Vĩnh Hoàn,Hàng Tiêu dùng,Thực phẩm và đồ uống,Sản xuất thực phẩm,Nuôi trồng nông & hải sản
VHD,Công ty Cổ phần Đầu tư phát triển nhà và đô thị VINAHUD,Tài chính,Bất động sản,Bất động sản,Bất động sản
VHE,Công ty Cổ phần Dược liệu và Thực phẩm Việt Nam,Dược phẩm và Y tế,Y tế,Dược phẩm,Dược phẩm
VHF,Công ty Cổ phần Xây dựng và Chế biến lương thực Vĩnh Hà,Hàng Tiêu dùng,Thực phẩm và đồ uống,Sản xuất thực phẩm,Thực phẩm
VHG,Công ty Cổ phần Đầu tư và Phát triển Việt Trung Nam,Công nghiệp,Hàng & Dịch vụ Công nghiệp,Hàng công nghiệp,Công nghiệp phức hợp
VHH,Công ty Cổ phần Đầu tư Kinh doanh nhà Thành Đạt,Công nghiệp,Xây dựng và Vật liệu,Xây dựng và Vật liệu,Vật liệu xây dựng & Nội thất
VHI,Công ty Cổ phần Kinh Doanh Và Đầu Tư Việt Hà,Hàng Tiêu dùng,Thực phẩm và đồ uống,Bia và đồ uống,Sản xuất bia
VHL,Công ty Cổ phần Viglacera Hạ Long,Công nghiệp,Xây dựng và Vật liệu,Xây dựng và Vật liệu,Vật liệu xây dựng & Nội thất
VHM,Công ty Cổ phần Vinhomes,Tài chính,Bất động sản,Bất động sản,Bất động sản
VIB,Ngân hàng Thương mại Cổ phần Quốc tế Việt Nam,Ngân hàng,Ngân hàng,Ngân hàng,Ngân hàng
VIC,Tập đoàn Vingroup - Công ty CP,Tài chính,Bất động sản,Bất động sản,Bất động sản
VID,Công ty Cổ phần Đầu tư Phát triển Thương mại Viễn Đông,Nguyên vật liệu,Tài nguyên Cơ bản,Lâm nghiệp và Giấy,Sản xuất giấy
VIE,Công ty Cổ phần Công nghệ Viễn thông VI TE CO,Công nghệ Thông tin,Công nghệ Thông tin,Thiết bị và Phần cứng,Thiết bị viễn thông
VIF,Tổng Công ty Lâm nghiệp Việt Nam - Công ty Cổ phần,Nguyên vật liệu,Tài nguyên Cơ bản,Lâm nghiệp và Giấy,Lâm sản và Chế biến gỗ
VIG,Công ty Cổ phần Chứng khoán Đầu tư Tài chính Việt Nam,Tài chính,Dịch vụ tài chính,Dịch vụ tài chính,Môi giới chứng khoán
VIH,Công ty Cổ phần Viglacera Hà Nội,Công nghiệp,Xây dựng và Vật liệu,Xây dựng và Vật liệu,Vật liệu xây dựng & Nội thất
VIM,Công ty Cổ phần Khoáng sản Viglacera,Nguyên vật liệu,Tài nguyên Cơ bản,Khai khoáng,Khai khoáng
VIN,Công ty Cổ phần Giao nhận Kho vận Ngoại thương Việt Nam,Công nghiệp,Hàng & Dịch vụ Công nghiệp,Vận tải,"Kho bãi, hậu cần và bảo dưỡng"
VINACAPITAL-VDEF,Quỹ Đầu tư Cổ phiếu Cơ hội Tiên phong VinaCapital,Tài chính,Dịch vụ tài chính,Quỹ đầu tư,Quỹ đầu tư
VINACAPITAL-VEOF,Quỹ Đầu tư Cổ phiếu Doanh nghiệp hàng đầu Vinacapital,Tài chính,Dịch vụ tài chính,Quỹ đầu tư,Quỹ đầu tư
VINACAPITAL-VESAF,Quỹ Đầu tư Cổ phiếu Tăng trưởng Chiến lược VinaCapital,Tài chính,Dịch vụ tài chính,Quỹ đầu tư,Quỹ đầu tư
VINACAPITAL-VFF,Quỹ Đầu tư Trái phiếu Nâng cao VinaCapital,Tài chính,Dịch vụ tài chính,Quỹ đầu tư,Quỹ đầu tư
VINACAPITAL-VIBF,Quỹ Đầu tư Cân bằng Gắn kết Vinacapital,Tài chính,Dịch vụ tài chính,Quỹ đầu tư,Quỹ đầu tư
VINACAPITAL-VOF,Vinacapital Vietnam Opportunity Fund Ltd.,Tài chính,Dịch vụ tài chính,Quỹ đầu tư,Quỹ đầu tư
VIP,Công ty Cổ phần Vận tải Xăng dầu VIPCO,Công nghiệp,Hàng & Dịch vụ Công nghiệp,Vận tải,Vận tải Thủy
VIR,Công ty Cổ phần Du lịch Quốc tế Vũng Tàu,Dịch vụ Tiêu dùng,Du lịch và Giải trí,Du lịch & Giải trí,Khách sạn
VIS,Công ty Cổ phần Thép Việt - Ý,Nguyên vật liệu,Tài nguyên Cơ bản,Kim loại,Thép và sản phẩm thép
VIT,Công ty Cổ phần Viglacera Tiên Sơn,Công nghiệp,Xây dựng và Vật liệu,Xây dựng và Vật liệu,Vật liệu xây dựng & Nội thất
VIW,Tổng công ty Đầu tư Nước và Môi trường Việt Nam - Công ty Cổ phần,Công nghiệp,Xây dựng và Vật liệu,Xây dựng và Vật liệu,Xây dựng
VIX,Công ty Cổ phần Chứng khoán VIX,Tài chính,Dịch vụ tài chính,Dịch vụ tài chính,Môi giới chứng khoán
VJC,Công ty Cổ phần Hàng không Vietjet,Dịch vụ Tiêu dùng,Du lịch và Giải trí,Du lịch & Giải trí,Hàng không
VKC,Công ty Cổ phần VKC Holdings,Hàng Tiêu dùng,Ô tô và phụ tùng,Ô tô và phụ tùng,Lốp xe
VKD,Công ty Cổ phần Nước Khoáng Khánh Hòa,Hàng Tiêu dùng,Thực phẩm và đồ uống,Bia và đồ uống,Đồ uống & giải khát
VKP,Công ty Cổ phần Nhựa Tân Hóa,Nguyên vật liệu,Hóa chất,Hóa chất,"Nhựa, cao su & sợi"
VLA,Công ty Cổ phần Đầu tư và Phát triển Công nghệ Văn Lang,Công nghệ Thông tin,Công nghệ Thông tin,Phần mềm & Dịch vụ Máy tính,Phần mềm
VLB,Công ty Cổ phần Xây dựng và Sản xuất Vật liệu Xây dựng Biên Hòa,Công nghiệp,Xây dựng và Vật liệu,Xây dựng và Vật liệu,Vật liệu xây dựng & Nội thất
VLC,Tổng Công ty Chăn nuôi Việt Nam - Công ty Cổ phần,Hàng Tiêu dùng,Thực phẩm và đồ uống,Sản xuất thực phẩm,Nuôi trồng nông & hải sản
VLF,Công ty Cổ phần Lương thực Thực phẩm Vĩnh Long,Hàng Tiêu dùng,Thực phẩm và đồ uống,Sản xuất thực phẩm,Thực phẩm
VLG,Công ty Cổ phần VIMC Logistics,Công nghiệp,Hàng & Dịch vụ Công nghiệp,Vận tải,Dịch vụ vận tải
VLP,Công ty Cổ phần Công trình Công cộng Vĩnh Long,Công nghiệp,Hàng & Dịch vụ Công nghiệp,Tư vấn & Hỗ trợ Kinh doanh,Chất thải & Môi trường
VLS,Công ty Cổ phần Sản xuất Thép Việt Long,Nguyên vật liệu,Tài nguyên Cơ bản,Kim loại,Thép và sản phẩm thép
VLW,Công ty Cổ phần Cấp nước Vĩnh Long,Tiện ích Cộng đồng,"Điện, nước & xăng dầu khí đốt",Nước & Khí đốt,Nước
VMA,Công ty Cổ phần Công nghiệp Ô tô - Vinacomin,Hàng Tiêu dùng,Ô tô và phụ tùng,Ô tô và phụ tùng,Sản xuất ô tô
VMC,Công ty Cổ phần VIMECO,Công nghiệp,Xây dựng và Vật liệu,Xây dựng và Vật liệu,Xây dựng
VMD,Công ty Cổ phần Y Dược phẩm Vimedimex,Dược phẩm và Y tế,Y tế,Dược phẩm,Dược phẩm
VMG,Công ty Cổ phần Thương mại và Dịch vụ Dầu khí Vũng Tàu,Tiện ích Cộng đồng,"Điện, nước & xăng dầu khí đốt",Nước & Khí đốt,Phân phối xăng dầu & khí đốt
VMI,Công ty Cổ phần Khoáng sản và Đầu tư VISACO,Công nghiệp,Xây dựng và Vật liệu,Xây dựng và Vật liệu,Xây dựng
VMK,Công ty Cổ phần Vimarko,Công nghiệp,Xây dựng và Vật liệu,Xây dựng và Vật liệu,Vật liệu xây dựng & Nội thất
VMS,Công ty Cổ phần Phát triển Hàng Hải,Công nghiệp,Hàng & Dịch vụ Công nghiệp,Vận tải,"Kho bãi, hậu cần và bảo dưỡng"
VMT,Công ty Cổ phần Giao nhận Vận tải Miền Trung,Công nghiệp,Hàng & Dịch vụ Công nghiệp,Vận tải,Dịch vụ vận tải
VNA,Công ty Cổ phần Vận tải biển Vinaship,Công nghiệp,Hàng & Dịch vụ Công nghiệp,Vận tải,Vận tải Thủy
VNB,Công ty Cổ phần Sách Việt Nam,Dịch vụ Tiêu dùng,Truyền thông,Truyền thông,"Sách, ấn bản & sản phẩm văn hóa"
VNC,Công ty Cổ phần Tập đoàn Vinacontrol,Công nghiệp,Hàng & Dịch vụ Công nghiệp,Tư vấn & Hỗ trợ Kinh doanh,Tư vấn & Hỗ trợ KD
VND,Công ty Cổ phần Chứng khoán VNDIRECT,Tài chính,Dịch vụ tài chính,Dịch vụ tài chính,Môi giới chứng khoán
VNDAF,Quỹ Đầu tư Chủ động VND,Tài chính,Dịch vụ tài chính,Quỹ đầu tư,Quỹ đầu tư
VNDBF,Quỹ Đầu tư Trái phiếu VND,Tài chính,Dịch vụ tài chính,Quỹ đầu tư,Quỹ đầu tư
VNE,Tổng Công ty Cổ phần Xây dựng điện Việt Nam,Công nghiệp,Xây dựng và Vật liệu,Xây dựng và Vật liệu,Xây dựng
VNF,Công ty Cổ phần Vinafreight,Công nghiệp,Hàng & Dịch vụ Công nghiệp,Vận tải,Dịch vụ vận tải
VNG,Công ty Cổ phần Du Lịch Thành Thành Công,Dịch vụ Tiêu dùng,Du lịch và Giải trí,Du lịch & Giải trí,Khách sạn
VNH,Công ty Cổ phần Đầu tư Việt Việt Nhật,Hàng Tiêu dùng,Thực phẩm và đồ uống,Sản xuất thực phẩm,Nuôi trồng nông & hải sản
VNH,Vietnam Holding Ltd,Tài chính,Dịch vụ tài chính,Quỹ đầu tư,Quỹ đầu tư
VNI,Công ty Cổ phần Đầu tư Bất động sản Việt Nam,Tài chính,Bất động sản,Bất động sản,Bất động sản
VNL,Công ty Cổ phần Logistics Vinalink,Công nghiệp,Hàng & Dịch vụ Công nghiệp,Vận tải,Dịch vụ vận tải
VNM,Công ty Cổ phần Sữa Việt Nam,Hàng Tiêu dùng,Thực phẩm và đồ uống,Sản xuất thực phẩm,Thực phẩm
VNP,Công ty Cổ phần Nhựa Việt Nam,Nguyên vật liệu,Hóa chất,Hóa chất,"Nhựa, cao su & sợi"
VNR,Tổng Công ty Cổ phần Tái bảo hiểm Quốc gia Việt Nam,Tài chính,Bảo hiểm,Bảo hiểm phi nhân thọ,Tái bảo hiểm
VNS,Công ty Cổ phần Ánh Dương Việt Nam,Dịch vụ Tiêu dùng,Du lịch và Giải trí,Du lịch & Giải trí,Vận tải hành khách & Du lịch
VNT,Công ty Cổ phần Giao nhận Vận tải Ngoại Thương,Công nghiệp,Hàng & Dịch vụ Công nghiệp,Vận tải,Dịch vụ vận tải
VNW,Công ty Cổ phần Điện Cơ Thống Nhất,Hàng Tiêu dùng,Hàng cá nhân & Gia dụng,Hàng gia dụng,Thiết bị gia dụng
VNX,Công ty Cổ phần Quảng cáo và Hội chợ Thương mại Vinexad,Dịch vụ Tiêu dùng,Truyền thông,Truyền thông,Dịch vụ truyền thông
VNY,Công ty Cổ phần Thuốc thú y Trung ương I,Nguyên vật liệu,Hóa chất,Hóa chất,"Sản phẩm hóa dầu, Nông dược & Hóa chất khác"
VNZ,Công ty Cổ phần Tập đoàn VNG,Dịch vụ Tiêu dùng,Truyền thông,Truyền thông,Giải trí & Truyền thông
VOC,Tổng Công ty Công nghiệp Dầu thực vật Việt Nam - Công ty Cổ phần,Hàng Tiêu dùng,Thực phẩm và đồ uống,Sản xuất thực phẩm,Thực phẩm
VOS,Công ty Cổ phần Vận tải Biển Việt Nam,Công nghiệp,Hàng & Dịch vụ Công nghiệp,Vận tải,Vận tải Thủy
VPA,Công ty Cổ phần Vận tải Hóa dầu VP,Công nghiệp,Hàng & Dịch vụ Công nghiệp,Vận tải,Vận tải Thủy
VPB,Ngân hàng Thương mại Cổ phần Việt Nam Thịnh Vượng,Ngân hàng,Ngân hàng,Ngân hàng,Ngân hàng
VPC,Công ty Cổ phần Đầu tư và Phát triển Năng lượng Việt Nam,Công nghiệp,Xây dựng và Vật liệu,Xây dựng và Vật liệu,Xây dựng
VPD,Công ty Cổ phần Phát triển Điện lực Việt Nam,Tiện ích Cộng đồng,"Điện, nước & xăng dầu khí đốt",Sản xuất & Phân phối Điện,Sản xuất & Phân phối Điện
VPG,Công ty Cổ phần Đầu tư Thương mại Xuất nhập khẩu Việt Phát,Nguyên vật liệu,Tài nguyên Cơ bản,Khai khoáng,Khai khoáng
VPH,Công ty Cổ phần Vạn Phát Hưng,Tài chính,Bất động sản,Bất động sản,Bất động sản
VPI,Công ty Cổ phần Phát triển Bất động sản Văn Phú,Tài chính,Bất động sản,Bất động sản,Bất động sản
VPL,Công ty Cổ phần Vinpearl,Dịch vụ Tiêu dùng,Du lịch và Giải trí,Du lịch & Giải trí,Dịch vụ giải trí
VPR,Công ty Cổ phần VINAPRINT,Dịch vụ Tiêu dùng,Truyền thông,Truyền thông,"Sách, ấn bản & sản phẩm văn hóa"
VPS,Công ty Cổ phần Thuốc sát trùng Việt Nam,Nguyên vật liệu,Hóa chất,Hóa chất,"Sản phẩm hóa dầu, Nông dược & Hóa chất khác"
VPW,Công ty Cổ phần Cấp thoát nước số 1 Vĩnh Phúc,Tiện ích Cộng đồng,"Điện, nước & xăng dầu khí đốt",Nước & Khí đốt,Nước
VPX,Công ty Cổ phần Chứng khoán VPBank,Tài chính,Dịch vụ tài chính,Dịch vụ tài chính,Môi giới chứng khoán
VQC,Công ty Cổ phần Giám định Vinaconmin,Công nghiệp,Hàng & Dịch vụ Công nghiệp,Tư vấn & Hỗ trợ Kinh doanh,Tư vấn & Hỗ trợ KD
VRC,Công ty Cổ phần Bất động sản và Đầu tư VRC,Tài chính,Bất động sản,Bất động sản,Bất động sản
VRE,Công ty Cổ phần Vincom Retail,Tài chính,Bất động sản,Bất động sản,Bất động sản
VRG,Công ty Cổ phần Phát triển Đô thị và Khu Công nghiệp Cao Su Việt Nam,Tài chính,Bất động sản,Bất động sản,Bất động sản
VSA,Công ty Cổ phần Đại lý Hàng hải Việt Nam,Công nghiệp,Hàng & Dịch vụ Công nghiệp,Vận tải,Dịch vụ vận tải
VSC,Công ty Cổ phần Container Việt Nam,Công nghiệp,Hàng & Dịch vụ Công nghiệp,Vận tải,"Kho bãi, hậu cần và bảo dưỡng"
VSE,Công ty Cổ phần Dịch vụ Đường cao tốc Việt Nam,Công nghiệp,Hàng & Dịch vụ Công nghiệp,Vận tải,"Kho bãi, hậu cần và bảo dưỡng"
VSF,Tổng Công ty Lương thực Miền Nam - Công ty Cổ phần,Hàng Tiêu dùng,Thực phẩm và đồ uống,Sản xuất thực phẩm,Thực phẩm
VSG,Công ty Cổ phần Container Phía Nam,Công nghiệp,Hàng & Dịch vụ Công nghiệp,Vận tải,"Kho bãi, hậu cần và bảo dưỡng"
VSH,Công ty Cổ phần Thủy điện Vĩnh Sơn - Sông Hinh,Tiện ích Cộng đồng,"Điện, nước & xăng dầu khí đốt",Sản xuất & Phân phối Điện,Sản xuất & Phân phối Điện
VSI,Công ty Cổ phần Đầu tư và Xây dựng Cấp thoát nước,Công nghiệp,Xây dựng và Vật liệu,Xây dựng và Vật liệu,Xây dựng
VSM,Công ty Cổ phần Container Miền Trung,Công nghiệp,Hàng & Dịch vụ Công nghiệp,Vận tải,"Kho bãi, hậu cần và bảo dưỡng"
VSN,Công ty Cổ phần Việt Nam Kỹ Nghệ Súc Sản,Hàng Tiêu dùng,Thực phẩm và đồ uống,Sản xuất thực phẩm,Thực phẩm
VSP,Công ty Cổ phần Vận tải biển và Bất động sản Việt Hải,Công nghiệp,Hàng & Dịch vụ Công nghiệp,Vận tải,Vận tải Thủy
VST,Công ty Cổ phần Vận tải và Thuê Tàu biển Việt Nam,Công nghiệp,Hàng & Dịch vụ Công nghiệp,Vận tải,Vận tải Thủy
VTA,Công ty Cổ phần VITALY,Công nghiệp,Xây dựng và Vật liệu,Xây dựng và Vật liệu,Vật liệu xây dựng & Nội thất
VTB,Công ty Cổ phần Viettronics Tân Bình,Công nghiệp,Hàng & Dịch vụ Công nghiệp,Điện tử & Thiết bị điện,Hàng điện & điện tử
VTBF,Quỹ Đầu tư Trái phiếu Ngân Hàng Công Thương Việt Nam,Tài chính,Dịch vụ tài chính,Quỹ đầu tư,Quỹ đầu tư
VTC,Công ty Cổ phần Viễn Thông VTC,Công nghệ Thông tin,Công nghệ Thông tin,Thiết bị và Phần cứng,Thiết bị viễn thông
VTD,Công ty Cổ phần Vietourist Holdings,Dịch vụ Tiêu dùng,Du lịch và Giải trí,Du lịch & Giải trí,Vận tải hành khách & Du lịch
VTE,Công ty Cổ phần VINACAP Kim Long,Công nghệ Thông tin,Công nghệ Thông tin,Thiết bị và Phần cứng,Thiết bị viễn thông
VTG,Công ty Cổ phần Du lịch tỉnh Bà Rịa - Vũng Tàu,Dịch vụ Tiêu dùng,Du lịch và Giải trí,Du lịch & Giải trí,Vận tải hành khách & Du lịch
VTH,Công ty Cổ phần Dây cáp điện Việt Thái,Công nghiệp,Hàng & Dịch vụ Công nghiệp,Điện tử & Thiết bị điện,Hàng điện & điện tử
VTI,Công ty Cổ phần Sản xuất - Xuất nhập khẩu Dệt may,Hàng Tiêu dùng,Hàng cá nhân & Gia dụng,Hàng cá nhân,Hàng May mặc
VTJ,Công ty Cổ phần Thương mại và Đầu tư VI NA TA BA,Hàng Tiêu dùng,Hàng cá nhân & Gia dụng,Thuốc lá,Thuốc lá
VTK,Công ty Cổ phần Tư vấn và Dịch vụ Viettel,Công nghiệp,Hàng & Dịch vụ Công nghiệp,Tư vấn & Hỗ trợ Kinh doanh,Tư vấn & Hỗ trợ KD
VTL,Công ty Cổ phần Vang Thăng Long,Hàng Tiêu dùng,Thực phẩm và đồ uống,Bia và đồ uống,Vang & Rượu mạnh
VTM,Công ty Cổ phần Vận tải và Đưa đón thợ mỏ - Vinacomin,Dịch vụ Tiêu dùng,Du lịch và Giải trí,Du lịch & Giải trí,Vận tải hành khách & Du lịch
VTO,Công ty Cổ phần Vận tải Xăng dầu VITACO,Công nghiệp,Hàng & Dịch vụ Công nghiệp,Vận tải,Vận tải Thủy
VTP,Tổng Công ty Cổ phần Bưu chính Viettel,Công nghiệp,Hàng & Dịch vụ Công nghiệp,Vận tải,Chuyển phát nhanh
VTQ,Công ty Cổ phần Việt Trung Quảng Bình,Nguyên vật liệu,Hóa chất,Hóa chất,"Nhựa, cao su & sợi"
VTR,Công ty Cổ phần Du lịch Vietravel,Dịch vụ Tiêu dùng,Du lịch và Giải trí,Du lịch & Giải trí,Vận tải hành khách & Du lịch
VTS,Công ty Cổ phần Gạch Ngói Từ Sơn,Công nghiệp,Xây dựng và Vật liệu,Xây dựng và Vật liệu,Vật liệu xây dựng & Nội thất
VTT,Công ty Cổ phần Công Nghệ Việt Thành,Viễn thông,Viễn thông,Viễn thông cố định,Viễn thông cố định
VTV,Công ty Cổ phần Năng lượng và Môi trường VICEM,Công nghiệp,Xây dựng và Vật liệu,Xây dựng và Vật liệu,Vật liệu xây dựng & Nội thất
VTX,Công ty Cổ phần Vận tải Đa phương thức VIETRANSTIMEX,Công nghiệp,Hàng & Dịch vụ Công nghiệp,Vận tải,Dịch vụ vận tải
VTZ,Công ty Cổ phần Sản xuất và Thương mại Nhựa Việt Thành,Nguyên vật liệu,Hóa chất,Hóa chất,"Nhựa, cao su & sợi"
VUA,Công ty Cổ phần Chứng khoán Stanley Brothers,Tài chính,Dịch vụ tài chính,Dịch vụ tài chính,Môi giới chứng khoán
VUG,Công Ty Cổ Phần Thủy Sản Việt Úc,Hàng Tiêu dùng,Thực phẩm và đồ uống,Sản xuất thực phẩm,Nuôi trồng nông & hải sản
VVN,Tổng Công ty Cổ phần Xây dựng Công nghiệp Việt Nam,Công nghiệp,Xây dựng và Vật liệu,Xây dựng và Vật liệu,Xây dựng
VVS,Công ty Cổ phần Đầu tư Phát triển Máy Việt Nam,Hàng Tiêu dùng,Ô tô và phụ tùng,Ô tô và phụ tùng,Sản xuất ô tô
VW1,Công ty cổ phần Xây dựng Cấp thoát nước số 1 - Viwaseen.1,Công nghiệp,Xây dựng và Vật liệu,Xây dựng và Vật liệu,Xây dựng
VW3,Công ty Cổ phần VIWASEEN3,Công nghiệp,Xây dựng và Vật liệu,Xây dựng và Vật liệu,Xây dựng
VWS,Công ty Cổ phần Nước và Môi trường Việt Nam,Tiện ích Cộng đồng,"Điện, nước & xăng dầu khí đốt",Nước & Khí đốt,Nước
VXB,Công ty Cổ phần Vật liệu xây dựng Bến Tre,Công nghiệp,Xây dựng và Vật liệu,Xây dựng và Vật liệu,Vật liệu xây dựng & Nội thất
VXP,Công ty Cổ phần Thuốc Thú y Trung ương VETVACO,Nguyên vật liệu,Hóa chất,Hóa chất,"Sản phẩm hóa dầu, Nông dược & Hóa chất khác"
VXT,Công ty Cổ phần Kho vận và dịch vụ thương mại,Công nghiệp,Hàng & Dịch vụ Công nghiệp,Tư vấn & Hỗ trợ Kinh doanh,Nhà cung cấp thiết bị
WCS,Công ty Cổ phần Bến xe Miền Tây,Công nghiệp,Hàng & Dịch vụ Công nghiệp,Vận tải,"Kho bãi, hậu cần và bảo dưỡng"
WSB,Công ty Cổ phần Bia Sài Gòn - Miền Tây,Hàng Tiêu dùng,Thực phẩm và đồ uống,Bia và đồ uống,Sản xuất bia
WSS,Công ty Cổ phần Chứng khoán Phố Wall,Tài chính,Dịch vụ tài chính,Dịch vụ tài chính,Môi giới chứng khoán
WTB,Công ty Cổ Phần Thuỷ Điện To Buông,Tiện ích Cộng đồng,"Điện, nước & xăng dầu khí đốt",Sản xuất & Phân phối Điện,Sản xuất & Phân phối Điện
WTC,Công ty Cổ phần Vận tải thủy - Vinacomin,Công nghiệp,Hàng & Dịch vụ Công nghiệp,Vận tải,Vận tải Thủy
X20,Công ty Cổ phần X20,Hàng Tiêu dùng,Hàng cá nhân & Gia dụng,Hàng cá nhân,Hàng May mặc
X26,Công ty Cổ phần 26,Hàng Tiêu dùng,Hàng cá nhân & Gia dụng,Hàng cá nhân,Hàng May mặc
X77,Công ty Cổ phần Thành An 77,Công nghiệp,Xây dựng và Vật liệu,Xây dựng và Vật liệu,Vật liệu xây dựng & Nội thất
XD4,Công ty Cổ phần Đầu tư và Xây dựng công trình 134,Công nghiệp,Xây dựng và Vật liệu,Xây dựng và Vật liệu,Xây dựng
XDC,Công ty Cổ phần Xây dựng Công trình Tân Cảng,Công nghiệp,Xây dựng và Vật liệu,Xây dựng và Vật liệu,Xây dựng
XDH,Công ty Cổ phần Đầu tư Xây dựng Dân dụng Hà Nội,Tài chính,Bất động sản,Bất động sản,Bất động sản
XDT,Công ty Cổ phần Đầu tư và Xây dựng TSG,Công nghiệp,Xây dựng và Vật liệu,Xây dựng và Vật liệu,Vật liệu xây dựng & Nội thất
XHC,Công ty Cổ phần Xuân Hòa Việt Nam,Hàng Tiêu dùng,Hàng cá nhân & Gia dụng,Hàng gia dụng,Thiết bị gia dụng
XLV,Công ty Cổ phần Xây lắp và Dịch vụ Sông Đà,Công nghiệp,Xây dựng và Vật liệu,Xây dựng và Vật liệu,Xây dựng
XMC,Công ty cổ phần Đầu tư và Xây dựng Xuân Mai,Công nghiệp,Xây dựng và Vật liệu,Xây dựng và Vật liệu,Vật liệu xây dựng & Nội thất
XMD,Công ty Cổ phần Xuân Mai - Đạo Tú,Công nghiệp,Xây dựng và Vật liệu,Xây dựng và Vật liệu,Vật liệu xây dựng & Nội thất
XMP,Công ty Cổ phần Thủy điện Xuân Minh,Tiện ích Cộng đồng,"Điện, nước & xăng dầu khí đốt",Sản xuất & Phân phối Điện,Sản xuất & Phân phối Điện
XPH,Công ty Cổ phần Xà phòng Hà Nội,Hàng Tiêu dùng,Hàng cá nhân & Gia dụng,Hàng cá nhân,Hàng cá nhân
XVC,Công ty Cổ phần Đầu tư Xây dựng Viễn thông Cần Thơ,Công nghiệp,Xây dựng và Vật liệu,Xây dựng và Vật liệu,Xây dựng
Xtrackers FTSE VN,Xtrackers Vietnam Swap UCITS ETF 1C,Tài chính,Dịch vụ tài chính,Quỹ đầu tư,Quỹ đầu tư
YBC,Công ty Cổ phần Xi măng và Khoáng sản Yên Bái,Công nghiệp,Xây dựng và Vật liệu,Xây dựng và Vật liệu,Vật liệu xây dựng & Nội thất
YBM,Công ty Cổ phần Khoáng sản Công nghiệp Yên Bái,Nguyên vật liệu,Tài nguyên Cơ bản,Khai khoáng,Khai khoáng
YEG,Công ty Cổ phần Tập đoàn Yeah1,Dịch vụ Tiêu dùng,Truyền thông,Truyền thông,Giải trí & Truyền thông
YTC,Công ty Cổ phần Xuất nhập khẩu Y tế Thành phố Hồ Chí Minh,Dược phẩm và Y tế,Y tế,Thiết bị và Dịch vụ Y tế,Dụng cụ y tế
