ma,chi_tieu,don_vi,nguon,period,value
vnindex,VN-Index cuối quý,điểm,index-fetcher (VCI),2004-Q1,277.44
vnindex,VN-Index cuối quý,điểm,index-fetcher (VCI),2004-Q2,249.7
vnindex,VN-Index cuối quý,điểm,index-fetcher (VCI),2004-Q3,233.19
vnindex,VN-Index cuối quý,điểm,index-fetcher (VCI),2004-Q4,239.29
vnindex,VN-Index cuối quý,điểm,index-fetcher (VCI),2005-Q1,246.51
vnindex,VN-Index cuối quý,điểm,index-fetcher (VCI),2005-Q2,246.81
vnindex,VN-Index cuối quý,điểm,index-fetcher (VCI),2005-Q3,289.33
vnindex,VN-Index cuối quý,điểm,index-fetcher (VCI),2005-Q4,307.5
vnindex,VN-Index cuối quý,điểm,index-fetcher (VCI),2006-Q1,503.56
vnindex,VN-Index cuối quý,điểm,index-fetcher (VCI),2006-Q2,515.59
vnindex,VN-Index cuối quý,điểm,index-fetcher (VCI),2006-Q3,526.73
vnindex,VN-Index cuối quý,điểm,index-fetcher (VCI),2006-Q4,751.77
vnindex,VN-Index cuối quý,điểm,index-fetcher (VCI),2007-Q1,1071.33
vnindex,VN-Index cuối quý,điểm,index-fetcher (VCI),2007-Q2,1024.68
vnindex,VN-Index cuối quý,điểm,index-fetcher (VCI),2007-Q3,1046.86
vnindex,VN-Index cuối quý,điểm,index-fetcher (VCI),2007-Q4,927.02
vnindex,VN-Index cuối quý,điểm,index-fetcher (VCI),2008-Q1,516.85
vnindex,VN-Index cuối quý,điểm,index-fetcher (VCI),2008-Q2,399.4
vnindex,VN-Index cuối quý,điểm,index-fetcher (VCI),2008-Q3,456.7
vnindex,VN-Index cuối quý,điểm,index-fetcher (VCI),2008-Q4,315.62
vnindex,VN-Index cuối quý,điểm,index-fetcher (VCI),2009-Q1,280.7
vnindex,VN-Index cuối quý,điểm,index-fetcher (VCI),2009-Q2,448.3
vnindex,VN-Index cuối quý,điểm,index-fetcher (VCI),2009-Q3,580.9
vnindex,VN-Index cuối quý,điểm,index-fetcher (VCI),2009-Q4,494.8
vnindex,VN-Index cuối quý,điểm,index-fetcher (VCI),2010-Q1,499.2
vnindex,VN-Index cuối quý,điểm,index-fetcher (VCI),2010-Q2,507.1
vnindex,VN-Index cuối quý,điểm,index-fetcher (VCI),2010-Q3,454.5
vnindex,VN-Index cuối quý,điểm,index-fetcher (VCI),2010-Q4,484.7
vnindex,VN-Index cuối quý,điểm,index-fetcher (VCI),2011-Q1,461.1
vnindex,VN-Index cuối quý,điểm,index-fetcher (VCI),2011-Q2,432.5
vnindex,VN-Index cuối quý,điểm,index-fetcher (VCI),2011-Q3,427.6
vnindex,VN-Index cuối quý,điểm,index-fetcher (VCI),2011-Q4,351.55
vnindex,VN-Index cuối quý,điểm,index-fetcher (VCI),2012-Q1,441.03
vnindex,VN-Index cuối quý,điểm,index-fetcher (VCI),2012-Q2,422.37
vnindex,VN-Index cuối quý,điểm,index-fetcher (VCI),2012-Q3,392.57
vnindex,VN-Index cuối quý,điểm,index-fetcher (VCI),2012-Q4,413.73
vnindex,VN-Index cuối quý,điểm,index-fetcher (VCI),2013-Q1,491.04
vnindex,VN-Index cuối quý,điểm,index-fetcher (VCI),2013-Q2,481.13
vnindex,VN-Index cuối quý,điểm,index-fetcher (VCI),2013-Q3,492.63
vnindex,VN-Index cuối quý,điểm,index-fetcher (VCI),2013-Q4,504.63
vnindex,VN-Index cuối quý,điểm,index-fetcher (VCI),2014-Q1,591.57
vnindex,VN-Index cuối quý,điểm,index-fetcher (VCI),2014-Q2,578.13
vnindex,VN-Index cuối quý,điểm,index-fetcher (VCI),2014-Q3,598.8
vnindex,VN-Index cuối quý,điểm,index-fetcher (VCI),2014-Q4,545.63
vnindex,VN-Index cuối quý,điểm,index-fetcher (VCI),2015-Q1,551.13
vnindex,VN-Index cuối quý,điểm,index-fetcher (VCI),2015-Q2,593.05
vnindex,VN-Index cuối quý,điểm,index-fetcher (VCI),2015-Q3,562.64
vnindex,VN-Index cuối quý,điểm,index-fetcher (VCI),2015-Q4,579.03
vnindex,VN-Index cuối quý,điểm,index-fetcher (VCI),2016-Q1,561.22
vnindex,VN-Index cuối quý,điểm,index-fetcher (VCI),2016-Q2,632.26
vnindex,VN-Index cuối quý,điểm,index-fetcher (VCI),2016-Q3,685.73
vnindex,VN-Index cuối quý,điểm,index-fetcher (VCI),2016-Q4,664.87
vnindex,VN-Index cuối quý,điểm,index-fetcher (VCI),2017-Q1,722.31
vnindex,VN-Index cuối quý,điểm,index-fetcher (VCI),2017-Q2,776.47
vnindex,VN-Index cuối quý,điểm,index-fetcher (VCI),2017-Q3,804.42
vnindex,VN-Index cuối quý,điểm,index-fetcher (VCI),2017-Q4,984.24
vnindex,VN-Index cuối quý,điểm,index-fetcher (VCI),2018-Q1,1174.46
vnindex,VN-Index cuối quý,điểm,index-fetcher (VCI),2018-Q2,960.78
vnindex,VN-Index cuối quý,điểm,index-fetcher (VCI),2018-Q3,1017.13
vnindex,VN-Index cuối quý,điểm,index-fetcher (VCI),2018-Q4,892.54
vnindex,VN-Index cuối quý,điểm,index-fetcher (VCI),2019-Q1,980.76
vnindex,VN-Index cuối quý,điểm,index-fetcher (VCI),2019-Q2,949.94
vnindex,VN-Index cuối quý,điểm,index-fetcher (VCI),2019-Q3,996.56
vnindex,VN-Index cuối quý,điểm,index-fetcher (VCI),2019-Q4,960.99
vnindex,VN-Index cuối quý,điểm,index-fetcher (VCI),2020-Q1,662.53
vnindex,VN-Index cuối quý,điểm,index-fetcher (VCI),2020-Q2,825.11
vnindex,VN-Index cuối quý,điểm,index-fetcher (VCI),2020-Q3,905.21
vnindex,VN-Index cuối quý,điểm,index-fetcher (VCI),2020-Q4,1103.87
vnindex,VN-Index cuối quý,điểm,index-fetcher (VCI),2021-Q1,1191.44
vnindex,VN-Index cuối quý,điểm,index-fetcher (VCI),2021-Q2,1408.55
vnindex,VN-Index cuối quý,điểm,index-fetcher (VCI),2021-Q3,1342.06
vnindex,VN-Index cuối quý,điểm,index-fetcher (VCI),2021-Q4,1498.28
vnindex,VN-Index cuối quý,điểm,index-fetcher (VCI),2022-Q1,1492.15
vnindex,VN-Index cuối quý,điểm,index-fetcher (VCI),2022-Q2,1197.6
vnindex,VN-Index cuối quý,điểm,index-fetcher (VCI),2022-Q3,1132.11
vnindex,VN-Index cuối quý,điểm,index-fetcher (VCI),2022-Q4,1007.09
vnindex,VN-Index cuối quý,điểm,index-fetcher (VCI),2023-Q1,1064.64
vnindex,VN-Index cuối quý,điểm,index-fetcher (VCI),2023-Q2,1120.18
vnindex,VN-Index cuối quý,điểm,index-fetcher (VCI),2023-Q3,1154.15
vnindex,VN-Index cuối quý,điểm,index-fetcher (VCI),2023-Q4,1129.93
vnindex,VN-Index cuối quý,điểm,index-fetcher (VCI),2024-Q1,1284.09
vnindex,VN-Index cuối quý,điểm,index-fetcher (VCI),2024-Q2,1245.32
vnindex,VN-Index cuối quý,điểm,index-fetcher (VCI),2024-Q3,1287.94
vnindex,VN-Index cuối quý,điểm,index-fetcher (VCI),2024-Q4,1266.78
vnindex,VN-Index cuối quý,điểm,index-fetcher (VCI),2025-Q1,1306.86
vnindex,VN-Index cuối quý,điểm,index-fetcher (VCI),2025-Q2,1376.07
vnindex,VN-Index cuối quý,điểm,index-fetcher (VCI),2025-Q3,1661.7
vnindex,VN-Index cuối quý,điểm,index-fetcher (VCI),2025-Q4,1784.49
vnindex,VN-Index cuối quý,điểm,index-fetcher (VCI),2026-Q1,1674.49
vnindex,VN-Index cuối quý,điểm,index-fetcher (VCI),2026-Q2,1860.01
vnindex,VN-Index cuối quý,điểm,index-fetcher (VCI),2026-Q3,1799.67
pb_ALL,P/B Toàn ngành cuối quý,lần,tính từ giá TradingView + BCTC VCI,2018-Q2,3.5941211180959076
pb_ALL,P/B Toàn ngành cuối quý,lần,tính từ giá TradingView + BCTC VCI,2018-Q3,3.452158092214276
pb_ALL,P/B Toàn ngành cuối quý,lần,tính từ giá TradingView + BCTC VCI,2018-Q4,2.937825043054321
pb_ALL,P/B Toàn ngành cuối quý,lần,tính từ giá TradingView + BCTC VCI,2019-Q1,3.1968690386032192
pb_ALL,P/B Toàn ngành cuối quý,lần,tính từ giá TradingView + BCTC VCI,2019-Q2,2.9133435333882853
pb_ALL,P/B Toàn ngành cuối quý,lần,tính từ giá TradingView + BCTC VCI,2019-Q3,3.0260825041066717
pb_ALL,P/B Toàn ngành cuối quý,lần,tính từ giá TradingView + BCTC VCI,2019-Q4,2.8480951418741065
pb_ALL,P/B Toàn ngành cuối quý,lần,tính từ giá TradingView + BCTC VCI,2020-Q1,1.8732332682288773
pb_ALL,P/B Toàn ngành cuối quý,lần,tính từ giá TradingView + BCTC VCI,2020-Q2,2.345516770194092
pb_ALL,P/B Toàn ngành cuối quý,lần,tính từ giá TradingView + BCTC VCI,2020-Q3,2.4491064109319045
pb_ALL,P/B Toàn ngành cuối quý,lần,tính từ giá TradingView + BCTC VCI,2020-Q4,2.891965305014018
pb_ALL,P/B Toàn ngành cuối quý,lần,tính từ giá TradingView + BCTC VCI,2021-Q1,3.212526820264313
pb_ALL,P/B Toàn ngành cuối quý,lần,tính từ giá TradingView + BCTC VCI,2021-Q2,3.637854656465689
pb_ALL,P/B Toàn ngành cuối quý,lần,tính từ giá TradingView + BCTC VCI,2021-Q3,3.384651807147382
pb_ALL,P/B Toàn ngành cuối quý,lần,tính từ giá TradingView + BCTC VCI,2021-Q4,4.083891214903001
pb_ALL,P/B Toàn ngành cuối quý,lần,tính từ giá TradingView + BCTC VCI,2022-Q1,3.6478146501806865
pb_ALL,P/B Toàn ngành cuối quý,lần,tính từ giá TradingView + BCTC VCI,2022-Q2,2.619083125157943
pb_ALL,P/B Toàn ngành cuối quý,lần,tính từ giá TradingView + BCTC VCI,2022-Q3,2.5697367771286803
pb_ALL,P/B Toàn ngành cuối quý,lần,tính từ giá TradingView + BCTC VCI,2022-Q4,1.6888398083777427
pb_ALL,P/B Toàn ngành cuối quý,lần,tính từ giá TradingView + BCTC VCI,2023-Q1,1.6377755638693812
pb_ALL,P/B Toàn ngành cuối quý,lần,tính từ giá TradingView + BCTC VCI,2023-Q2,1.708740629133756
pb_ALL,P/B Toàn ngành cuối quý,lần,tính từ giá TradingView + BCTC VCI,2023-Q3,1.6236030114629507
pb_ALL,P/B Toàn ngành cuối quý,lần,tính từ giá TradingView + BCTC VCI,2023-Q4,1.5564435705479223
pb_ALL,P/B Toàn ngành cuối quý,lần,tính từ giá TradingView + BCTC VCI,2024-Q1,1.6456346916995381
pb_ALL,P/B Toàn ngành cuối quý,lần,tính từ giá TradingView + BCTC VCI,2024-Q2,1.4789297924565474
pb_ALL,P/B Toàn ngành cuối quý,lần,tính từ giá TradingView + BCTC VCI,2024-Q3,1.4842540530953479
pb_ALL,P/B Toàn ngành cuối quý,lần,tính từ giá TradingView + BCTC VCI,2024-Q4,1.3727378405639876
pb_ALL,P/B Toàn ngành cuối quý,lần,tính từ giá TradingView + BCTC VCI,2025-Q1,1.5174380154376288
pb_ALL,P/B Toàn ngành cuối quý,lần,tính từ giá TradingView + BCTC VCI,2025-Q2,1.6284720984128642
pb_ALL,P/B Toàn ngành cuối quý,lần,tính từ giá TradingView + BCTC VCI,2025-Q3,1.9972865288583763
pb_ALL,P/B Toàn ngành cuối quý,lần,tính từ giá TradingView + BCTC VCI,2025-Q4,1.9782372751437074
pb_ALL,P/B Toàn ngành cuối quý,lần,tính từ giá TradingView + BCTC VCI,2026-Q1,1.6282422955110543
pb_ALL,P/B Toàn ngành cuối quý,lần,tính từ giá TradingView + BCTC VCI,2026-Q2,1.8661258836985644
pb_ALL,P/B Toàn ngành cuối quý,lần,tính từ giá TradingView + BCTC VCI,2026-Q3,1.6390499941798173
pe_ALL,P/E Toàn ngành cuối quý,lần,tính từ giá TradingView + BCTC VCI,2019-Q1,19.483977012541633
pe_ALL,P/E Toàn ngành cuối quý,lần,tính từ giá TradingView + BCTC VCI,2019-Q2,18.735494577006616
pe_ALL,P/E Toàn ngành cuối quý,lần,tính từ giá TradingView + BCTC VCI,2019-Q3,17.684310470318348
pe_ALL,P/E Toàn ngành cuối quý,lần,tính từ giá TradingView + BCTC VCI,2019-Q4,16.37287552316718
pe_ALL,P/E Toàn ngành cuối quý,lần,tính từ giá TradingView + BCTC VCI,2020-Q1,9.846861424655552
pe_ALL,P/E Toàn ngành cuối quý,lần,tính từ giá TradingView + BCTC VCI,2020-Q2,11.897618165949686
pe_ALL,P/E Toàn ngành cuối quý,lần,tính từ giá TradingView + BCTC VCI,2020-Q3,14.20224157681371
pe_ALL,P/E Toàn ngành cuối quý,lần,tính từ giá TradingView + BCTC VCI,2020-Q4,16.853104797550163
pe_ALL,P/E Toàn ngành cuối quý,lần,tính từ giá TradingView + BCTC VCI,2021-Q1,18.486979396831824
pe_ALL,P/E Toàn ngành cuối quý,lần,tính từ giá TradingView + BCTC VCI,2021-Q2,21.737534340323947
pe_ALL,P/E Toàn ngành cuối quý,lần,tính từ giá TradingView + BCTC VCI,2021-Q3,17.339413724646935
pe_ALL,P/E Toàn ngành cuối quý,lần,tính từ giá TradingView + BCTC VCI,2021-Q4,21.19519682864944
pe_ALL,P/E Toàn ngành cuối quý,lần,tính từ giá TradingView + BCTC VCI,2022-Q1,22.110701725077487
pe_ALL,P/E Toàn ngành cuối quý,lần,tính từ giá TradingView + BCTC VCI,2022-Q2,16.63450597197898
pe_ALL,P/E Toàn ngành cuối quý,lần,tính từ giá TradingView + BCTC VCI,2022-Q3,18.78712375560966
pe_ALL,P/E Toàn ngành cuối quý,lần,tính từ giá TradingView + BCTC VCI,2022-Q4,11.763165798218107
pe_ALL,P/E Toàn ngành cuối quý,lần,tính từ giá TradingView + BCTC VCI,2023-Q1,13.883425043660115
pe_ALL,P/E Toàn ngành cuối quý,lần,tính từ giá TradingView + BCTC VCI,2023-Q2,13.540839114281507
pe_ALL,P/E Toàn ngành cuối quý,lần,tính từ giá TradingView + BCTC VCI,2023-Q3,11.984408909703985
pe_ALL,P/E Toàn ngành cuối quý,lần,tính từ giá TradingView + BCTC VCI,2023-Q4,13.310033732441786
pe_ALL,P/E Toàn ngành cuối quý,lần,tính từ giá TradingView + BCTC VCI,2024-Q1,14.66206321041356
pe_ALL,P/E Toàn ngành cuối quý,lần,tính từ giá TradingView + BCTC VCI,2024-Q2,17.093174302474527
pe_ALL,P/E Toàn ngành cuối quý,lần,tính từ giá TradingView + BCTC VCI,2024-Q3,19.73651490524073
pe_ALL,P/E Toàn ngành cuối quý,lần,tính từ giá TradingView + BCTC VCI,2024-Q4,18.59434062533409
pe_ALL,P/E Toàn ngành cuối quý,lần,tính từ giá TradingView + BCTC VCI,2025-Q1,18.20785411347068
pe_ALL,P/E Toàn ngành cuối quý,lần,tính từ giá TradingView + BCTC VCI,2025-Q2,14.688978320966113
pe_ALL,P/E Toàn ngành cuối quý,lần,tính từ giá TradingView + BCTC VCI,2025-Q3,17.09143037508572
pe_ALL,P/E Toàn ngành cuối quý,lần,tính từ giá TradingView + BCTC VCI,2025-Q4,18.40630571729922
pe_ALL,P/E Toàn ngành cuối quý,lần,tính từ giá TradingView + BCTC VCI,2026-Q1,11.092091919751379
pe_ALL,P/E Toàn ngành cuối quý,lần,tính từ giá TradingView + BCTC VCI,2026-Q2,12.15396016800925
pe_ALL,P/E Toàn ngành cuối quý,lần,tính từ giá TradingView + BCTC VCI,2026-Q3,8.928109232164047
mcap_ALL,Vốn hoá toàn ngành BĐS cuối quý,nghìn tỷ,tính,2018-Q2,564.0161254187727
mcap_ALL,Vốn hoá toàn ngành BĐS cuối quý,nghìn tỷ,tính,2018-Q3,590.5916504502803
mcap_ALL,Vốn hoá toàn ngành BĐS cuối quý,nghìn tỷ,tính,2018-Q4,525.2345770077167
mcap_ALL,Vốn hoá toàn ngành BĐS cuối quý,nghìn tỷ,tính,2019-Q1,607.6772577811289
mcap_ALL,Vốn hoá toàn ngành BĐS cuối quý,nghìn tỷ,tính,2019-Q2,569.6692691249315
mcap_ALL,Vốn hoá toàn ngành BĐS cuối quý,nghìn tỷ,tính,2019-Q3,617.7095762462754
mcap_ALL,Vốn hoá toàn ngành BĐS cuối quý,nghìn tỷ,tính,2019-Q4,605.7929822402896
mcap_ALL,Vốn hoá toàn ngành BĐS cuối quý,nghìn tỷ,tính,2020-Q1,423.16028362839864
mcap_ALL,Vốn hoá toàn ngành BĐS cuối quý,nghìn tỷ,tính,2020-Q2,560.9866074133132
mcap_ALL,Vốn hoá toàn ngành BĐS cuối quý,nghìn tỷ,tính,2020-Q3,633.098584182679
mcap_ALL,Vốn hoá toàn ngành BĐS cuối quý,nghìn tỷ,tính,2020-Q4,786.3963233258738
mcap_ALL,Vốn hoá toàn ngành BĐS cuối quý,nghìn tỷ,tính,2021-Q1,937.8434393182893
mcap_ALL,Vốn hoá toàn ngành BĐS cuối quý,nghìn tỷ,tính,2021-Q2,1145.4284473512785
mcap_ALL,Vốn hoá toàn ngành BĐS cuối quý,nghìn tỷ,tính,2021-Q3,1117.746237313251
mcap_ALL,Vốn hoá toàn ngành BĐS cuối quý,nghìn tỷ,tính,2021-Q4,1482.17307723207
mcap_ALL,Vốn hoá toàn ngành BĐS cuối quý,nghìn tỷ,tính,2022-Q1,1436.7551817801505
mcap_ALL,Vốn hoá toàn ngành BĐS cuối quý,nghìn tỷ,tính,2022-Q2,1059.4788514722588
mcap_ALL,Vốn hoá toàn ngành BĐS cuối quý,nghìn tỷ,tính,2022-Q3,1036.7842293565059
mcap_ALL,Vốn hoá toàn ngành BĐS cuối quý,nghìn tỷ,tính,2022-Q4,717.7948265917616
mcap_ALL,Vốn hoá toàn ngành BĐS cuối quý,nghìn tỷ,tính,2023-Q1,714.4142793865882
mcap_ALL,Vốn hoá toàn ngành BĐS cuối quý,nghìn tỷ,tính,2023-Q2,773.3897315985884
mcap_ALL,Vốn hoá toàn ngành BĐS cuối quý,nghìn tỷ,tính,2023-Q3,754.9873398069143
mcap_ALL,Vốn hoá toàn ngành BĐS cuối quý,nghìn tỷ,tính,2023-Q4,745.0881372776213
mcap_ALL,Vốn hoá toàn ngành BĐS cuối quý,nghìn tỷ,tính,2024-Q1,809.988090235012
mcap_ALL,Vốn hoá toàn ngành BĐS cuối quý,nghìn tỷ,tính,2024-Q2,742.8597382482633
mcap_ALL,Vốn hoá toàn ngành BĐS cuối quý,nghìn tỷ,tính,2024-Q3,756.6094714766449
mcap_ALL,Vốn hoá toàn ngành BĐS cuối quý,nghìn tỷ,tính,2024-Q4,722.0167487599937
mcap_ALL,Vốn hoá toàn ngành BĐS cuối quý,nghìn tỷ,tính,2025-Q1,813.9581163869577
mcap_ALL,Vốn hoá toàn ngành BĐS cuối quý,nghìn tỷ,tính,2025-Q2,917.636508170839
mcap_ALL,Vốn hoá toàn ngành BĐS cuối quý,nghìn tỷ,tính,2025-Q3,1155.8506328821195
mcap_ALL,Vốn hoá toàn ngành BĐS cuối quý,nghìn tỷ,tính,2025-Q4,1194.704125736316
mcap_ALL,Vốn hoá toàn ngành BĐS cuối quý,nghìn tỷ,tính,2026-Q1,1065.875516891601
mcap_ALL,Vốn hoá toàn ngành BĐS cuối quý,nghìn tỷ,tính,2026-Q2,1278.842831830532
mcap_ALL,Vốn hoá toàn ngành BĐS cuối quý,nghìn tỷ,tính,2026-Q3,1139.0504480025645
pb_EXVIN,P/B Toàn ngành (trừ Vingroup) cuối quý,lần,tính từ giá TradingView + BCTC VCI,2018-Q2,2.150286250086986
pb_EXVIN,P/B Toàn ngành (trừ Vingroup) cuối quý,lần,tính từ giá TradingView + BCTC VCI,2018-Q3,2.3095050662811856
pb_EXVIN,P/B Toàn ngành (trừ Vingroup) cuối quý,lần,tính từ giá TradingView + BCTC VCI,2018-Q4,2.093826077537994
pb_EXVIN,P/B Toàn ngành (trừ Vingroup) cuối quý,lần,tính từ giá TradingView + BCTC VCI,2019-Q1,2.02584490247401
pb_EXVIN,P/B Toàn ngành (trừ Vingroup) cuối quý,lần,tính từ giá TradingView + BCTC VCI,2019-Q2,2.007592710885394
pb_EXVIN,P/B Toàn ngành (trừ Vingroup) cuối quý,lần,tính từ giá TradingView + BCTC VCI,2019-Q3,2.1044695519812433
pb_EXVIN,P/B Toàn ngành (trừ Vingroup) cuối quý,lần,tính từ giá TradingView + BCTC VCI,2019-Q4,1.9892010387974146
pb_EXVIN,P/B Toàn ngành (trừ Vingroup) cuối quý,lần,tính từ giá TradingView + BCTC VCI,2020-Q1,1.4357892083529695
pb_EXVIN,P/B Toàn ngành (trừ Vingroup) cuối quý,lần,tính từ giá TradingView + BCTC VCI,2020-Q2,1.7877088906920005
pb_EXVIN,P/B Toàn ngành (trừ Vingroup) cuối quý,lần,tính từ giá TradingView + BCTC VCI,2020-Q3,2.042731352114032
pb_EXVIN,P/B Toàn ngành (trừ Vingroup) cuối quý,lần,tính từ giá TradingView + BCTC VCI,2020-Q4,2.56240674266172
pb_EXVIN,P/B Toàn ngành (trừ Vingroup) cuối quý,lần,tính từ giá TradingView + BCTC VCI,2021-Q1,3.151074455580762
pb_EXVIN,P/B Toàn ngành (trừ Vingroup) cuối quý,lần,tính từ giá TradingView + BCTC VCI,2021-Q2,3.6164755101507335
pb_EXVIN,P/B Toàn ngành (trừ Vingroup) cuối quý,lần,tính từ giá TradingView + BCTC VCI,2021-Q3,3.579402309245824
pb_EXVIN,P/B Toàn ngành (trừ Vingroup) cuối quý,lần,tính từ giá TradingView + BCTC VCI,2021-Q4,4.931924509681756
pb_EXVIN,P/B Toàn ngành (trừ Vingroup) cuối quý,lần,tính từ giá TradingView + BCTC VCI,2022-Q1,4.46805612775616
pb_EXVIN,P/B Toàn ngành (trừ Vingroup) cuối quý,lần,tính từ giá TradingView + BCTC VCI,2022-Q2,3.0270526817675587
pb_EXVIN,P/B Toàn ngành (trừ Vingroup) cuối quý,lần,tính từ giá TradingView + BCTC VCI,2022-Q3,3.0522921528440734
pb_EXVIN,P/B Toàn ngành (trừ Vingroup) cuối quý,lần,tính từ giá TradingView + BCTC VCI,2022-Q4,1.7950728388327128
pb_EXVIN,P/B Toàn ngành (trừ Vingroup) cuối quý,lần,tính từ giá TradingView + BCTC VCI,2023-Q1,1.6873485932098495
pb_EXVIN,P/B Toàn ngành (trừ Vingroup) cuối quý,lần,tính từ giá TradingView + BCTC VCI,2023-Q2,1.8643280926745625
pb_EXVIN,P/B Toàn ngành (trừ Vingroup) cuối quý,lần,tính từ giá TradingView + BCTC VCI,2023-Q3,1.9369824598723315
pb_EXVIN,P/B Toàn ngành (trừ Vingroup) cuối quý,lần,tính từ giá TradingView + BCTC VCI,2023-Q4,1.9466265188488887
pb_EXVIN,P/B Toàn ngành (trừ Vingroup) cuối quý,lần,tính từ giá TradingView + BCTC VCI,2024-Q1,2.08902724634152
pb_EXVIN,P/B Toàn ngành (trừ Vingroup) cuối quý,lần,tính từ giá TradingView + BCTC VCI,2024-Q2,1.9269940671132875
pb_EXVIN,P/B Toàn ngành (trừ Vingroup) cuối quý,lần,tính từ giá TradingView + BCTC VCI,2024-Q3,1.9362169371701758
pb_EXVIN,P/B Toàn ngành (trừ Vingroup) cuối quý,lần,tính từ giá TradingView + BCTC VCI,2024-Q4,1.8201997550942477
pb_EXVIN,P/B Toàn ngành (trừ Vingroup) cuối quý,lần,tính từ giá TradingView + BCTC VCI,2025-Q1,1.9179378774574112
pb_EXVIN,P/B Toàn ngành (trừ Vingroup) cuối quý,lần,tính từ giá TradingView + BCTC VCI,2025-Q2,1.7348051311133852
pb_EXVIN,P/B Toàn ngành (trừ Vingroup) cuối quý,lần,tính từ giá TradingView + BCTC VCI,2025-Q3,2.0538489127113877
pb_EXVIN,P/B Toàn ngành (trừ Vingroup) cuối quý,lần,tính từ giá TradingView + BCTC VCI,2025-Q4,1.7861294489096498
pb_EXVIN,P/B Toàn ngành (trừ Vingroup) cuối quý,lần,tính từ giá TradingView + BCTC VCI,2026-Q1,1.5870268763768831
pb_EXVIN,P/B Toàn ngành (trừ Vingroup) cuối quý,lần,tính từ giá TradingView + BCTC VCI,2026-Q2,1.5830130370292583
pb_EXVIN,P/B Toàn ngành (trừ Vingroup) cuối quý,lần,tính từ giá TradingView + BCTC VCI,2026-Q3,1.3699634729845909
pe_EXVIN,P/E Toàn ngành (trừ Vingroup) cuối quý,lần,tính từ giá TradingView + BCTC VCI,2019-Q1,16.291126221675707
pe_EXVIN,P/E Toàn ngành (trừ Vingroup) cuối quý,lần,tính từ giá TradingView + BCTC VCI,2019-Q2,15.888175217086017
pe_EXVIN,P/E Toàn ngành (trừ Vingroup) cuối quý,lần,tính từ giá TradingView + BCTC VCI,2019-Q3,15.888614485328707
pe_EXVIN,P/E Toàn ngành (trừ Vingroup) cuối quý,lần,tính từ giá TradingView + BCTC VCI,2019-Q4,15.63201717411412
pe_EXVIN,P/E Toàn ngành (trừ Vingroup) cuối quý,lần,tính từ giá TradingView + BCTC VCI,2020-Q1,10.938299025806595
pe_EXVIN,P/E Toàn ngành (trừ Vingroup) cuối quý,lần,tính từ giá TradingView + BCTC VCI,2020-Q2,14.17187637878392
pe_EXVIN,P/E Toàn ngành (trừ Vingroup) cuối quý,lần,tính từ giá TradingView + BCTC VCI,2020-Q3,16.301174362999383
pe_EXVIN,P/E Toàn ngành (trừ Vingroup) cuối quý,lần,tính từ giá TradingView + BCTC VCI,2020-Q4,19.599594702331274
pe_EXVIN,P/E Toàn ngành (trừ Vingroup) cuối quý,lần,tính từ giá TradingView + BCTC VCI,2021-Q1,27.120207534153202
pe_EXVIN,P/E Toàn ngành (trừ Vingroup) cuối quý,lần,tính từ giá TradingView + BCTC VCI,2021-Q2,29.694474982960102
pe_EXVIN,P/E Toàn ngành (trừ Vingroup) cuối quý,lần,tính từ giá TradingView + BCTC VCI,2021-Q3,26.765039906863855
pe_EXVIN,P/E Toàn ngành (trừ Vingroup) cuối quý,lần,tính từ giá TradingView + BCTC VCI,2021-Q4,40.81597962913671
pe_EXVIN,P/E Toàn ngành (trừ Vingroup) cuối quý,lần,tính từ giá TradingView + BCTC VCI,2022-Q1,42.63496721778354
pe_EXVIN,P/E Toàn ngành (trừ Vingroup) cuối quý,lần,tính từ giá TradingView + BCTC VCI,2022-Q2,30.10690842042072
pe_EXVIN,P/E Toàn ngành (trừ Vingroup) cuối quý,lần,tính từ giá TradingView + BCTC VCI,2022-Q3,29.916064825102826
pe_EXVIN,P/E Toàn ngành (trừ Vingroup) cuối quý,lần,tính từ giá TradingView + BCTC VCI,2022-Q4,16.86915575819026
pe_EXVIN,P/E Toàn ngành (trừ Vingroup) cuối quý,lần,tính từ giá TradingView + BCTC VCI,2023-Q1,21.685396690304497
pe_EXVIN,P/E Toàn ngành (trừ Vingroup) cuối quý,lần,tính từ giá TradingView + BCTC VCI,2023-Q2,27.450461175998885
pe_EXVIN,P/E Toàn ngành (trừ Vingroup) cuối quý,lần,tính từ giá TradingView + BCTC VCI,2023-Q3,35.434052265233646
pe_EXVIN,P/E Toàn ngành (trừ Vingroup) cuối quý,lần,tính từ giá TradingView + BCTC VCI,2023-Q4,48.48398130045948
pe_EXVIN,P/E Toàn ngành (trừ Vingroup) cuối quý,lần,tính từ giá TradingView + BCTC VCI,2024-Q1,32.48618360110489
pe_EXVIN,P/E Toàn ngành (trừ Vingroup) cuối quý,lần,tính từ giá TradingView + BCTC VCI,2024-Q2,32.06076628187607
pe_EXVIN,P/E Toàn ngành (trừ Vingroup) cuối quý,lần,tính từ giá TradingView + BCTC VCI,2024-Q3,50.94241511206788
pe_EXVIN,P/E Toàn ngành (trừ Vingroup) cuối quý,lần,tính từ giá TradingView + BCTC VCI,2024-Q4,36.31909873218923
pe_EXVIN,P/E Toàn ngành (trừ Vingroup) cuối quý,lần,tính từ giá TradingView + BCTC VCI,2025-Q1,63.572395341301316
pe_EXVIN,P/E Toàn ngành (trừ Vingroup) cuối quý,lần,tính từ giá TradingView + BCTC VCI,2025-Q2,22.152651993245406
pe_EXVIN,P/E Toàn ngành (trừ Vingroup) cuối quý,lần,tính từ giá TradingView + BCTC VCI,2025-Q3,19.994090718425078
pe_EXVIN,P/E Toàn ngành (trừ Vingroup) cuối quý,lần,tính từ giá TradingView + BCTC VCI,2025-Q4,18.17972059403484
pe_EXVIN,P/E Toàn ngành (trừ Vingroup) cuối quý,lần,tính từ giá TradingView + BCTC VCI,2026-Q1,12.236247352539815
pe_EXVIN,P/E Toàn ngành (trừ Vingroup) cuối quý,lần,tính từ giá TradingView + BCTC VCI,2026-Q2,17.584223676834732
pe_EXVIN,P/E Toàn ngành (trừ Vingroup) cuối quý,lần,tính từ giá TradingView + BCTC VCI,2026-Q3,12.9566406144633
pb_NHA,P/B Phát triển nhà ở & khác cuối quý,lần,tính từ giá TradingView + BCTC VCI,2018-Q2,2.3604426375920013
pb_NHA,P/B Phát triển nhà ở & khác cuối quý,lần,tính từ giá TradingView + BCTC VCI,2018-Q3,2.516844502487476
pb_NHA,P/B Phát triển nhà ở & khác cuối quý,lần,tính từ giá TradingView + BCTC VCI,2018-Q4,2.2570526432532185
pb_NHA,P/B Phát triển nhà ở & khác cuối quý,lần,tính từ giá TradingView + BCTC VCI,2019-Q1,2.1563340415797496
pb_NHA,P/B Phát triển nhà ở & khác cuối quý,lần,tính từ giá TradingView + BCTC VCI,2019-Q2,2.125453668595159
pb_NHA,P/B Phát triển nhà ở & khác cuối quý,lần,tính từ giá TradingView + BCTC VCI,2019-Q3,2.231638212279415
pb_NHA,P/B Phát triển nhà ở & khác cuối quý,lần,tính từ giá TradingView + BCTC VCI,2019-Q4,2.110460175036316
pb_NHA,P/B Phát triển nhà ở & khác cuối quý,lần,tính từ giá TradingView + BCTC VCI,2020-Q1,1.5010700925109037
pb_NHA,P/B Phát triển nhà ở & khác cuối quý,lần,tính từ giá TradingView + BCTC VCI,2020-Q2,1.8580365612536742
pb_NHA,P/B Phát triển nhà ở & khác cuối quý,lần,tính từ giá TradingView + BCTC VCI,2020-Q3,1.9824088284660495
pb_NHA,P/B Phát triển nhà ở & khác cuối quý,lần,tính từ giá TradingView + BCTC VCI,2020-Q4,2.2507330627429285
pb_NHA,P/B Phát triển nhà ở & khác cuối quý,lần,tính từ giá TradingView + BCTC VCI,2021-Q1,2.628436504292902
pb_NHA,P/B Phát triển nhà ở & khác cuối quý,lần,tính từ giá TradingView + BCTC VCI,2021-Q2,3.405365016372603
pb_NHA,P/B Phát triển nhà ở & khác cuối quý,lần,tính từ giá TradingView + BCTC VCI,2021-Q3,3.338560918848941
pb_NHA,P/B Phát triển nhà ở & khác cuối quý,lần,tính từ giá TradingView + BCTC VCI,2021-Q4,4.766780875984028
pb_NHA,P/B Phát triển nhà ở & khác cuối quý,lần,tính từ giá TradingView + BCTC VCI,2022-Q1,4.402562622456468
pb_NHA,P/B Phát triển nhà ở & khác cuối quý,lần,tính từ giá TradingView + BCTC VCI,2022-Q2,3.0122298464846033
pb_NHA,P/B Phát triển nhà ở & khác cuối quý,lần,tính từ giá TradingView + BCTC VCI,2022-Q3,2.9761309110240073
pb_NHA,P/B Phát triển nhà ở & khác cuối quý,lần,tính từ giá TradingView + BCTC VCI,2022-Q4,1.5545730218100637
pb_NHA,P/B Phát triển nhà ở & khác cuối quý,lần,tính từ giá TradingView + BCTC VCI,2023-Q1,1.374664283162636
pb_NHA,P/B Phát triển nhà ở & khác cuối quý,lần,tính từ giá TradingView + BCTC VCI,2023-Q2,1.5911282071625534
pb_NHA,P/B Phát triển nhà ở & khác cuối quý,lần,tính từ giá TradingView + BCTC VCI,2023-Q3,1.6958290872814585
pb_NHA,P/B Phát triển nhà ở & khác cuối quý,lần,tính từ giá TradingView + BCTC VCI,2023-Q4,1.7371351141558964
pb_NHA,P/B Phát triển nhà ở & khác cuối quý,lần,tính từ giá TradingView + BCTC VCI,2024-Q1,1.873121041297938
pb_NHA,P/B Phát triển nhà ở & khác cuối quý,lần,tính từ giá TradingView + BCTC VCI,2024-Q2,1.7208259612811814
pb_NHA,P/B Phát triển nhà ở & khác cuối quý,lần,tính từ giá TradingView + BCTC VCI,2024-Q3,1.7105949402061
pb_NHA,P/B Phát triển nhà ở & khác cuối quý,lần,tính từ giá TradingView + BCTC VCI,2024-Q4,1.570265798135994
pb_NHA,P/B Phát triển nhà ở & khác cuối quý,lần,tính từ giá TradingView + BCTC VCI,2025-Q1,1.6848221088177389
pb_NHA,P/B Phát triển nhà ở & khác cuối quý,lần,tính từ giá TradingView + BCTC VCI,2025-Q2,1.5958985055776926
pb_NHA,P/B Phát triển nhà ở & khác cuối quý,lần,tính từ giá TradingView + BCTC VCI,2025-Q3,2.02118996821809
pb_NHA,P/B Phát triển nhà ở & khác cuối quý,lần,tính từ giá TradingView + BCTC VCI,2025-Q4,1.714080172495866
pb_NHA,P/B Phát triển nhà ở & khác cuối quý,lần,tính từ giá TradingView + BCTC VCI,2026-Q1,1.497243213692212
pb_NHA,P/B Phát triển nhà ở & khác cuối quý,lần,tính từ giá TradingView + BCTC VCI,2026-Q2,1.3509568644937433
pb_NHA,P/B Phát triển nhà ở & khác cuối quý,lần,tính từ giá TradingView + BCTC VCI,2026-Q3,1.2102853725027893
pe_NHA,P/E Phát triển nhà ở & khác cuối quý,lần,tính từ giá TradingView + BCTC VCI,2019-Q1,16.79576208684805
pe_NHA,P/E Phát triển nhà ở & khác cuối quý,lần,tính từ giá TradingView + BCTC VCI,2019-Q2,16.14003894471376
pe_NHA,P/E Phát triển nhà ở & khác cuối quý,lần,tính từ giá TradingView + BCTC VCI,2019-Q3,16.490258669039882
pe_NHA,P/E Phát triển nhà ở & khác cuối quý,lần,tính từ giá TradingView + BCTC VCI,2019-Q4,16.336959559316004
pe_NHA,P/E Phát triển nhà ở & khác cuối quý,lần,tính từ giá TradingView + BCTC VCI,2020-Q1,11.451507412057662
pe_NHA,P/E Phát triển nhà ở & khác cuối quý,lần,tính từ giá TradingView + BCTC VCI,2020-Q2,14.814906466945546
pe_NHA,P/E Phát triển nhà ở & khác cuối quý,lần,tính từ giá TradingView + BCTC VCI,2020-Q3,16.50288673327156
pe_NHA,P/E Phát triển nhà ở & khác cuối quý,lần,tính từ giá TradingView + BCTC VCI,2020-Q4,17.172718432857586
pe_NHA,P/E Phát triển nhà ở & khác cuối quý,lần,tính từ giá TradingView + BCTC VCI,2021-Q1,24.28100001486811
pe_NHA,P/E Phát triển nhà ở & khác cuối quý,lần,tính từ giá TradingView + BCTC VCI,2021-Q2,30.647089749759676
pe_NHA,P/E Phát triển nhà ở & khác cuối quý,lần,tính từ giá TradingView + BCTC VCI,2021-Q3,27.017916504563694
pe_NHA,P/E Phát triển nhà ở & khác cuối quý,lần,tính từ giá TradingView + BCTC VCI,2021-Q4,42.13535567152878
pe_NHA,P/E Phát triển nhà ở & khác cuối quý,lần,tính từ giá TradingView + BCTC VCI,2022-Q1,43.44131240070631
pe_NHA,P/E Phát triển nhà ở & khác cuối quý,lần,tính từ giá TradingView + BCTC VCI,2022-Q2,30.54389951800588
pe_NHA,P/E Phát triển nhà ở & khác cuối quý,lần,tính từ giá TradingView + BCTC VCI,2022-Q3,31.00470011125656
pe_NHA,P/E Phát triển nhà ở & khác cuối quý,lần,tính từ giá TradingView + BCTC VCI,2022-Q4,17.022527969718816
pe_NHA,P/E Phát triển nhà ở & khác cuối quý,lần,tính từ giá TradingView + BCTC VCI,2023-Q1,22.23247644716207
pe_NHA,P/E Phát triển nhà ở & khác cuối quý,lần,tính từ giá TradingView + BCTC VCI,2023-Q2,31.747480516702712
pe_NHA,P/E Phát triển nhà ở & khác cuối quý,lần,tính từ giá TradingView + BCTC VCI,2023-Q3,45.94265993538728
pe_NHA,P/E Phát triển nhà ở & khác cuối quý,lần,tính từ giá TradingView + BCTC VCI,2023-Q4,59.671931381542194
pe_NHA,P/E Phát triển nhà ở & khác cuối quý,lần,tính từ giá TradingView + BCTC VCI,2024-Q1,42.55107997078816
pe_NHA,P/E Phát triển nhà ở & khác cuối quý,lần,tính từ giá TradingView + BCTC VCI,2024-Q2,42.38139744950352
pe_NHA,P/E Phát triển nhà ở & khác cuối quý,lần,tính từ giá TradingView + BCTC VCI,2024-Q3,156.90454873006055
pe_NHA,P/E Phát triển nhà ở & khác cuối quý,lần,tính từ giá TradingView + BCTC VCI,2024-Q4,63.931867980608544
pe_NHA,P/E Phát triển nhà ở & khác cuối quý,lần,tính từ giá TradingView + BCTC VCI,2025-Q1,561.649056974344
pe_NHA,P/E Phát triển nhà ở & khác cuối quý,lần,tính từ giá TradingView + BCTC VCI,2025-Q2,25.30361862429451
pe_NHA,P/E Phát triển nhà ở & khác cuối quý,lần,tính từ giá TradingView + BCTC VCI,2025-Q3,22.261413979021967
pe_NHA,P/E Phát triển nhà ở & khác cuối quý,lần,tính từ giá TradingView + BCTC VCI,2025-Q4,20.781400261949123
pe_NHA,P/E Phát triển nhà ở & khác cuối quý,lần,tính từ giá TradingView + BCTC VCI,2026-Q1,11.993696191875603
pe_NHA,P/E Phát triển nhà ở & khác cuối quý,lần,tính từ giá TradingView + BCTC VCI,2026-Q2,17.421624984995823
pe_NHA,P/E Phát triển nhà ở & khác cuối quý,lần,tính từ giá TradingView + BCTC VCI,2026-Q3,11.487005776334994
pb_KCN,P/B Khu công nghiệp cuối quý,lần,tính từ giá TradingView + BCTC VCI,2018-Q2,1.0169727121470262
pb_KCN,P/B Khu công nghiệp cuối quý,lần,tính từ giá TradingView + BCTC VCI,2018-Q3,1.057625102684169
pb_KCN,P/B Khu công nghiệp cuối quý,lần,tính từ giá TradingView + BCTC VCI,2018-Q4,1.0864929848385165
pb_KCN,P/B Khu công nghiệp cuối quý,lần,tính từ giá TradingView + BCTC VCI,2019-Q1,1.27113944399588
pb_KCN,P/B Khu công nghiệp cuối quý,lần,tính từ giá TradingView + BCTC VCI,2019-Q2,1.317511754569283
pb_KCN,P/B Khu công nghiệp cuối quý,lần,tính từ giá TradingView + BCTC VCI,2019-Q3,1.3460007945393873
pb_KCN,P/B Khu công nghiệp cuối quý,lần,tính từ giá TradingView + BCTC VCI,2019-Q4,1.3729721037665978
pb_KCN,P/B Khu công nghiệp cuối quý,lần,tính từ giá TradingView + BCTC VCI,2020-Q1,1.1423573584124382
pb_KCN,P/B Khu công nghiệp cuối quý,lần,tính từ giá TradingView + BCTC VCI,2020-Q2,1.4259185052611343
pb_KCN,P/B Khu công nghiệp cuối quý,lần,tính từ giá TradingView + BCTC VCI,2020-Q3,2.151209638010014
pb_KCN,P/B Khu công nghiệp cuối quý,lần,tính từ giá TradingView + BCTC VCI,2020-Q4,2.6502264790287127
pb_KCN,P/B Khu công nghiệp cuối quý,lần,tính từ giá TradingView + BCTC VCI,2021-Q1,3.346375983125782
pb_KCN,P/B Khu công nghiệp cuối quý,lần,tính từ giá TradingView + BCTC VCI,2021-Q2,3.0715393702400196
pb_KCN,P/B Khu công nghiệp cuối quý,lần,tính từ giá TradingView + BCTC VCI,2021-Q3,3.013687991450417
pb_KCN,P/B Khu công nghiệp cuối quý,lần,tính từ giá TradingView + BCTC VCI,2021-Q4,3.892709298097202
pb_KCN,P/B Khu công nghiệp cuối quý,lần,tính từ giá TradingView + BCTC VCI,2022-Q1,3.9622721673128245
pb_KCN,P/B Khu công nghiệp cuối quý,lần,tính từ giá TradingView + BCTC VCI,2022-Q2,3.0073635727100863
pb_KCN,P/B Khu công nghiệp cuối quý,lần,tính từ giá TradingView + BCTC VCI,2022-Q3,3.3239065931898595
pb_KCN,P/B Khu công nghiệp cuối quý,lần,tính từ giá TradingView + BCTC VCI,2022-Q4,2.5766025381381734
pb_KCN,P/B Khu công nghiệp cuối quý,lần,tính từ giá TradingView + BCTC VCI,2023-Q1,2.7500759535681882
pb_KCN,P/B Khu công nghiệp cuối quý,lần,tính từ giá TradingView + BCTC VCI,2023-Q2,2.7811289976265585
pb_KCN,P/B Khu công nghiệp cuối quý,lần,tính từ giá TradingView + BCTC VCI,2023-Q3,2.7394515568398505
pb_KCN,P/B Khu công nghiệp cuối quý,lần,tính từ giá TradingView + BCTC VCI,2023-Q4,2.640855751289325
pb_KCN,P/B Khu công nghiệp cuối quý,lần,tính từ giá TradingView + BCTC VCI,2024-Q1,2.82022069595152
pb_KCN,P/B Khu công nghiệp cuối quý,lần,tính từ giá TradingView + BCTC VCI,2024-Q2,2.594321959384573
pb_KCN,P/B Khu công nghiệp cuối quý,lần,tính từ giá TradingView + BCTC VCI,2024-Q3,2.630242112878646
pb_KCN,P/B Khu công nghiệp cuối quý,lần,tính từ giá TradingView + BCTC VCI,2024-Q4,2.592459927327432
pb_KCN,P/B Khu công nghiệp cuối quý,lần,tính từ giá TradingView + BCTC VCI,2025-Q1,2.692592235938666
pb_KCN,P/B Khu công nghiệp cuối quý,lần,tính từ giá TradingView + BCTC VCI,2025-Q2,2.191033649435126
pb_KCN,P/B Khu công nghiệp cuối quý,lần,tính từ giá TradingView + BCTC VCI,2025-Q3,2.15544832679631
pb_KCN,P/B Khu công nghiệp cuối quý,lần,tính từ giá TradingView + BCTC VCI,2025-Q4,1.9885851558781635
pb_KCN,P/B Khu công nghiệp cuối quý,lần,tính từ giá TradingView + BCTC VCI,2026-Q1,1.8540517279247286
pb_KCN,P/B Khu công nghiệp cuối quý,lần,tính từ giá TradingView + BCTC VCI,2026-Q2,1.7228780366441134
pb_KCN,P/B Khu công nghiệp cuối quý,lần,tính từ giá TradingView + BCTC VCI,2026-Q3,1.459580849771766
pe_KCN,P/E Khu công nghiệp cuối quý,lần,tính từ giá TradingView + BCTC VCI,2019-Q1,12.272210027506423
pe_KCN,P/E Khu công nghiệp cuối quý,lần,tính từ giá TradingView + BCTC VCI,2019-Q2,13.528448729811808
pe_KCN,P/E Khu công nghiệp cuối quý,lần,tính từ giá TradingView + BCTC VCI,2019-Q3,11.222416760044235
pe_KCN,P/E Khu công nghiệp cuối quý,lần,tính từ giá TradingView + BCTC VCI,2019-Q4,11.468427445856962
pe_KCN,P/E Khu công nghiệp cuối quý,lần,tính từ giá TradingView + BCTC VCI,2020-Q1,8.57109649325222
pe_KCN,P/E Khu công nghiệp cuối quý,lần,tính từ giá TradingView + BCTC VCI,2020-Q2,11.245543235064378
pe_KCN,P/E Khu công nghiệp cuối quý,lần,tính từ giá TradingView + BCTC VCI,2020-Q3,15.959609221082152
pe_KCN,P/E Khu công nghiệp cuối quý,lần,tính từ giá TradingView + BCTC VCI,2020-Q4,20.28775860725818
pe_KCN,P/E Khu công nghiệp cuối quý,lần,tính từ giá TradingView + BCTC VCI,2021-Q1,26.73249179969364
pe_KCN,P/E Khu công nghiệp cuối quý,lần,tính từ giá TradingView + BCTC VCI,2021-Q2,21.464469537555985
pe_KCN,P/E Khu công nghiệp cuối quý,lần,tính từ giá TradingView + BCTC VCI,2021-Q3,19.162480307023834
pe_KCN,P/E Khu công nghiệp cuối quý,lần,tính từ giá TradingView + BCTC VCI,2021-Q4,29.35679887978321
pe_KCN,P/E Khu công nghiệp cuối quý,lần,tính từ giá TradingView + BCTC VCI,2022-Q1,35.78474511993991
pe_KCN,P/E Khu công nghiệp cuối quý,lần,tính từ giá TradingView + BCTC VCI,2022-Q2,28.247624120419033
pe_KCN,P/E Khu công nghiệp cuối quý,lần,tính từ giá TradingView + BCTC VCI,2022-Q3,27.833047175368645
pe_KCN,P/E Khu công nghiệp cuối quý,lần,tính từ giá TradingView + BCTC VCI,2022-Q4,16.612606773423813
pe_KCN,P/E Khu công nghiệp cuối quý,lần,tính từ giá TradingView + BCTC VCI,2023-Q1,19.30265349251753
pe_KCN,P/E Khu công nghiệp cuối quý,lần,tính từ giá TradingView + BCTC VCI,2023-Q2,20.318652154425408
pe_KCN,P/E Khu công nghiệp cuối quý,lần,tính từ giá TradingView + BCTC VCI,2023-Q3,21.152123129726597
pe_KCN,P/E Khu công nghiệp cuối quý,lần,tính từ giá TradingView + BCTC VCI,2023-Q4,29.324512707870937
pe_KCN,P/E Khu công nghiệp cuối quý,lần,tính từ giá TradingView + BCTC VCI,2024-Q1,19.28008397969257
pe_KCN,P/E Khu công nghiệp cuối quý,lần,tính từ giá TradingView + BCTC VCI,2024-Q2,18.91970899022914
pe_KCN,P/E Khu công nghiệp cuối quý,lần,tính từ giá TradingView + BCTC VCI,2024-Q3,20.16610942668623
pe_KCN,P/E Khu công nghiệp cuối quý,lần,tính từ giá TradingView + BCTC VCI,2024-Q4,18.683982158772253
pe_KCN,P/E Khu công nghiệp cuối quý,lần,tính từ giá TradingView + BCTC VCI,2025-Q1,22.386072747220407
pe_KCN,P/E Khu công nghiệp cuối quý,lần,tính từ giá TradingView + BCTC VCI,2025-Q2,16.52727412560596
pe_KCN,P/E Khu công nghiệp cuối quý,lần,tính từ giá TradingView + BCTC VCI,2025-Q3,15.07258983813571
pe_KCN,P/E Khu công nghiệp cuối quý,lần,tính từ giá TradingView + BCTC VCI,2025-Q4,13.109875991640433
pe_KCN,P/E Khu công nghiệp cuối quý,lần,tính từ giá TradingView + BCTC VCI,2026-Q1,12.207608054973136
pe_KCN,P/E Khu công nghiệp cuối quý,lần,tính từ giá TradingView + BCTC VCI,2026-Q2,12.551210496450626
pe_KCN,P/E Khu công nghiệp cuối quý,lần,tính từ giá TradingView + BCTC VCI,2026-Q3,12.923829460373796
pb_VIN,"P/B Vingroup (VHM, VRE) cuối quý",lần,tính từ giá TradingView + BCTC VCI,2018-Q2,5.912260890423603
pb_VIN,"P/B Vingroup (VHM, VRE) cuối quý",lần,tính từ giá TradingView + BCTC VCI,2018-Q3,5.315676117482491
pb_VIN,"P/B Vingroup (VHM, VRE) cuối quý",lần,tính từ giá TradingView + BCTC VCI,2018-Q4,4.281364883212643
pb_VIN,"P/B Vingroup (VHM, VRE) cuối quý",lần,tính từ giá TradingView + BCTC VCI,2019-Q1,5.1327047869488185
pb_VIN,"P/B Vingroup (VHM, VRE) cuối quý",lần,tính từ giá TradingView + BCTC VCI,2019-Q2,4.3737844560105135
pb_VIN,"P/B Vingroup (VHM, VRE) cuối quý",lần,tính từ giá TradingView + BCTC VCI,2019-Q3,4.44388522219527
pb_VIN,"P/B Vingroup (VHM, VRE) cuối quý",lần,tính từ giá TradingView + BCTC VCI,2019-Q4,4.22551447875665
pb_VIN,"P/B Vingroup (VHM, VRE) cuối quý",lần,tính từ giá TradingView + BCTC VCI,2020-Q1,2.6333843935327415
pb_VIN,"P/B Vingroup (VHM, VRE) cuối quý",lần,tính từ giá TradingView + BCTC VCI,2020-Q2,3.26451648068204
pb_VIN,"P/B Vingroup (VHM, VRE) cuối quý",lần,tính từ giá TradingView + BCTC VCI,2020-Q3,3.136370203643621
pb_VIN,"P/B Vingroup (VHM, VRE) cuối quý",lần,tính từ giá TradingView + BCTC VCI,2020-Q4,3.430523903425766
pb_VIN,"P/B Vingroup (VHM, VRE) cuối quý",lần,tính từ giá TradingView + BCTC VCI,2021-Q1,3.3064674778399414
pb_VIN,"P/B Vingroup (VHM, VRE) cuối quý",lần,tính từ giá TradingView + BCTC VCI,2021-Q2,3.6720256689322968
pb_VIN,"P/B Vingroup (VHM, VRE) cuối quý",lần,tính từ giá TradingView + BCTC VCI,2021-Q3,3.0701502956210054
pb_VIN,"P/B Vingroup (VHM, VRE) cuối quý",lần,tính từ giá TradingView + BCTC VCI,2021-Q4,2.8029267657099792
pb_VIN,"P/B Vingroup (VHM, VRE) cuối quý",lần,tính từ giá TradingView + BCTC VCI,2022-Q1,2.436181417897239
pb_VIN,"P/B Vingroup (VHM, VRE) cuối quý",lần,tính từ giá TradingView + BCTC VCI,2022-Q2,1.9969777713885675
pb_VIN,"P/B Vingroup (VHM, VRE) cuối quý",lần,tính từ giá TradingView + BCTC VCI,2022-Q3,1.77860274355575
pb_VIN,"P/B Vingroup (VHM, VRE) cuối quý",lần,tính từ giá TradingView + BCTC VCI,2022-Q4,1.5267564597123942
pb_VIN,"P/B Vingroup (VHM, VRE) cuối quý",lần,tính từ giá TradingView + BCTC VCI,2023-Q1,1.5658457487706057
pb_VIN,"P/B Vingroup (VHM, VRE) cuối quý",lần,tính từ giá TradingView + BCTC VCI,2023-Q2,1.4968120444870585
pb_VIN,"P/B Vingroup (VHM, VRE) cuối quý",lần,tính từ giá TradingView + BCTC VCI,2023-Q3,1.2167705375463824
pb_VIN,"P/B Vingroup (VHM, VRE) cuối quý",lần,tính từ giá TradingView + BCTC VCI,2023-Q4,1.0750376076237802
pb_VIN,"P/B Vingroup (VHM, VRE) cuối quý",lần,tính từ giá TradingView + BCTC VCI,2024-Q1,1.082565833685577
pb_VIN,"P/B Vingroup (VHM, VRE) cuối quý",lần,tính từ giá TradingView + BCTC VCI,2024-Q2,0.9093756849552893
pb_VIN,"P/B Vingroup (VHM, VRE) cuối quý",lần,tính từ giá TradingView + BCTC VCI,2024-Q3,0.9440196139713025
pb_VIN,"P/B Vingroup (VHM, VRE) cuối quý",lần,tính từ giá TradingView + BCTC VCI,2024-Q4,0.8435420362350097
pb_VIN,"P/B Vingroup (VHM, VRE) cuối quý",lần,tính từ giá TradingView + BCTC VCI,2025-Q1,1.039529044898648
pb_VIN,"P/B Vingroup (VHM, VRE) cuối quý",lần,tính từ giá TradingView + BCTC VCI,2025-Q2,1.4936182846094848
pb_VIN,"P/B Vingroup (VHM, VRE) cuối quý",lần,tính từ giá TradingView + BCTC VCI,2025-Q3,1.9267013540060627
pb_VIN,"P/B Vingroup (VHM, VRE) cuối quý",lần,tính từ giá TradingView + BCTC VCI,2025-Q4,2.227237688651899
pb_VIN,"P/B Vingroup (VHM, VRE) cuối quý",lần,tính từ giá TradingView + BCTC VCI,2026-Q1,1.6812011160029559
pb_VIN,"P/B Vingroup (VHM, VRE) cuối quý",lần,tính từ giá TradingView + BCTC VCI,2026-Q2,2.2043286951478973
pb_VIN,"P/B Vingroup (VHM, VRE) cuối quý",lần,tính từ giá TradingView + BCTC VCI,2026-Q3,1.9675727010346022
pe_VIN,"P/E Vingroup (VHM, VRE) cuối quý",lần,tính từ giá TradingView + BCTC VCI,2019-Q1,22.340841256756562
pe_VIN,"P/E Vingroup (VHM, VRE) cuối quý",lần,tính từ giá TradingView + BCTC VCI,2019-Q2,21.587497170878816
pe_VIN,"P/E Vingroup (VHM, VRE) cuối quý",lần,tính từ giá TradingView + BCTC VCI,2019-Q3,19.270835118243593
pe_VIN,"P/E Vingroup (VHM, VRE) cuối quý",lần,tính từ giá TradingView + BCTC VCI,2019-Q4,16.98037088723642
pe_VIN,"P/E Vingroup (VHM, VRE) cuối quý",lần,tính từ giá TradingView + BCTC VCI,2020-Q1,8.996454323250182
pe_VIN,"P/E Vingroup (VHM, VRE) cuối quý",lần,tính từ giá TradingView + BCTC VCI,2020-Q2,10.407055735910284
pe_VIN,"P/E Vingroup (VHM, VRE) cuối quý",lần,tính từ giá TradingView + BCTC VCI,2020-Q3,12.46832458230879
pe_VIN,"P/E Vingroup (VHM, VRE) cuối quý",lần,tính từ giá TradingView + BCTC VCI,2020-Q4,14.39218010277864
pe_VIN,"P/E Vingroup (VHM, VRE) cuối quý",lần,tính từ giá TradingView + BCTC VCI,2021-Q1,12.631139004095528
pe_VIN,"P/E Vingroup (VHM, VRE) cuối quý",lần,tính từ giá TradingView + BCTC VCI,2021-Q2,15.310932948274052
pe_VIN,"P/E Vingroup (VHM, VRE) cuối quý",lần,tính từ giá TradingView + BCTC VCI,2021-Q3,10.703961234645629
pe_VIN,"P/E Vingroup (VHM, VRE) cuối quý",lần,tính từ giá TradingView + BCTC VCI,2021-Q4,9.935392022674023
pe_VIN,"P/E Vingroup (VHM, VRE) cuối quý",lần,tính từ giá TradingView + BCTC VCI,2022-Q1,9.597070574140274
pe_VIN,"P/E Vingroup (VHM, VRE) cuối quý",lần,tính từ giá TradingView + BCTC VCI,2022-Q2,8.18236290717559
pe_VIN,"P/E Vingroup (VHM, VRE) cuối quý",lần,tính từ giá TradingView + BCTC VCI,2022-Q3,9.184104594835071
pe_VIN,"P/E Vingroup (VHM, VRE) cuối quý",lần,tính từ giá TradingView + BCTC VCI,2022-Q4,7.624009625828758
pe_VIN,"P/E Vingroup (VHM, VRE) cuối quý",lần,tính từ giá TradingView + BCTC VCI,2023-Q1,8.885592855015691
pe_VIN,"P/E Vingroup (VHM, VRE) cuối quý",lần,tính từ giá TradingView + BCTC VCI,2023-Q2,7.281801012409104
pe_VIN,"P/E Vingroup (VHM, VRE) cuối quý",lần,tính từ giá TradingView + BCTC VCI,2023-Q3,5.062038694586885
pe_VIN,"P/E Vingroup (VHM, VRE) cuối quý",lần,tính từ giá TradingView + BCTC VCI,2023-Q4,5.079074822234164
pe_VIN,"P/E Vingroup (VHM, VRE) cuối quý",lần,tính từ giá TradingView + BCTC VCI,2024-Q1,6.25410435106025
pe_VIN,"P/E Vingroup (VHM, VRE) cuối quý",lần,tính từ giá TradingView + BCTC VCI,2024-Q2,7.571972809969332
pe_VIN,"P/E Vingroup (VHM, VRE) cuối quý",lần,tính từ giá TradingView + BCTC VCI,2024-Q3,7.889268870547489
pe_VIN,"P/E Vingroup (VHM, VRE) cuối quý",lần,tính từ giá TradingView + BCTC VCI,2024-Q4,8.281245742587295
pe_VIN,"P/E Vingroup (VHM, VRE) cuối quý",lần,tính từ giá TradingView + BCTC VCI,2025-Q1,7.082062736321739
pe_VIN,"P/E Vingroup (VHM, VRE) cuối quý",lần,tính từ giá TradingView + BCTC VCI,2025-Q2,9.817174194151283
pe_VIN,"P/E Vingroup (VHM, VRE) cuối quý",lần,tính từ giá TradingView + BCTC VCI,2025-Q3,14.325078229059352
pe_VIN,"P/E Vingroup (VHM, VRE) cuối quý",lần,tính từ giá TradingView + BCTC VCI,2025-Q4,18.647886045197176
pe_VIN,"P/E Vingroup (VHM, VRE) cuối quý",lần,tính từ giá TradingView + BCTC VCI,2026-Q1,9.962013132488698
pe_VIN,"P/E Vingroup (VHM, VRE) cuối quý",lần,tính từ giá TradingView + BCTC VCI,2026-Q2,9.6082205149186
pe_VIN,"P/E Vingroup (VHM, VRE) cuối quý",lần,tính từ giá TradingView + BCTC VCI,2026-Q3,7.061776977522765
tp_ph,TPDN BĐS phát hành riêng lẻ trong quý,tỷ đồng,HNX CBIS (bond-pivot),2016-Q1,3000.0
tp_ph,TPDN BĐS phát hành riêng lẻ trong quý,tỷ đồng,HNX CBIS (bond-pivot),2016-Q4,4370.0
tp_ph,TPDN BĐS phát hành riêng lẻ trong quý,tỷ đồng,HNX CBIS (bond-pivot),2017-Q1,4000.0
tp_ph,TPDN BĐS phát hành riêng lẻ trong quý,tỷ đồng,HNX CBIS (bond-pivot),2017-Q2,1970.0
tp_ph,TPDN BĐS phát hành riêng lẻ trong quý,tỷ đồng,HNX CBIS (bond-pivot),2017-Q3,1600.0
tp_ph,TPDN BĐS phát hành riêng lẻ trong quý,tỷ đồng,HNX CBIS (bond-pivot),2017-Q4,6611.9
tp_ph,TPDN BĐS phát hành riêng lẻ trong quý,tỷ đồng,HNX CBIS (bond-pivot),2018-Q1,1984.3
tp_ph,TPDN BĐS phát hành riêng lẻ trong quý,tỷ đồng,HNX CBIS (bond-pivot),2018-Q2,3399.7
tp_ph,TPDN BĐS phát hành riêng lẻ trong quý,tỷ đồng,HNX CBIS (bond-pivot),2018-Q3,35457.92
tp_ph,TPDN BĐS phát hành riêng lẻ trong quý,tỷ đồng,HNX CBIS (bond-pivot),2018-Q4,21529.8
tp_ph,TPDN BĐS phát hành riêng lẻ trong quý,tỷ đồng,HNX CBIS (bond-pivot),2019-Q1,15424.01
tp_ph,TPDN BĐS phát hành riêng lẻ trong quý,tỷ đồng,HNX CBIS (bond-pivot),2019-Q2,14946.3
tp_ph,TPDN BĐS phát hành riêng lẻ trong quý,tỷ đồng,HNX CBIS (bond-pivot),2019-Q3,19434.7
tp_ph,TPDN BĐS phát hành riêng lẻ trong quý,tỷ đồng,HNX CBIS (bond-pivot),2019-Q4,46123.27
tp_ph,TPDN BĐS phát hành riêng lẻ trong quý,tỷ đồng,HNX CBIS (bond-pivot),2020-Q1,15515.31
tp_ph,TPDN BĐS phát hành riêng lẻ trong quý,tỷ đồng,HNX CBIS (bond-pivot),2020-Q2,39062.79
tp_ph,TPDN BĐS phát hành riêng lẻ trong quý,tỷ đồng,HNX CBIS (bond-pivot),2020-Q3,79985.53
tp_ph,TPDN BĐS phát hành riêng lẻ trong quý,tỷ đồng,HNX CBIS (bond-pivot),2020-Q4,18268.84
tp_ph,TPDN BĐS phát hành riêng lẻ trong quý,tỷ đồng,HNX CBIS (bond-pivot),2021-Q1,17842.489999999998
tp_ph,TPDN BĐS phát hành riêng lẻ trong quý,tỷ đồng,HNX CBIS (bond-pivot),2021-Q2,55764.2
tp_ph,TPDN BĐS phát hành riêng lẻ trong quý,tỷ đồng,HNX CBIS (bond-pivot),2021-Q3,70980.2
tp_ph,TPDN BĐS phát hành riêng lẻ trong quý,tỷ đồng,HNX CBIS (bond-pivot),2021-Q4,93179.2
tp_ph,TPDN BĐS phát hành riêng lẻ trong quý,tỷ đồng,HNX CBIS (bond-pivot),2022-Q1,32292.98
tp_ph,TPDN BĐS phát hành riêng lẻ trong quý,tỷ đồng,HNX CBIS (bond-pivot),2022-Q2,12899.28
tp_ph,TPDN BĐS phát hành riêng lẻ trong quý,tỷ đồng,HNX CBIS (bond-pivot),2022-Q3,7585.4400000000005
tp_ph,TPDN BĐS phát hành riêng lẻ trong quý,tỷ đồng,HNX CBIS (bond-pivot),2022-Q4,750.0
tp_ph,TPDN BĐS phát hành riêng lẻ trong quý,tỷ đồng,HNX CBIS (bond-pivot),2023-Q1,14695.0
tp_ph,TPDN BĐS phát hành riêng lẻ trong quý,tỷ đồng,HNX CBIS (bond-pivot),2023-Q2,4015.0
tp_ph,TPDN BĐS phát hành riêng lẻ trong quý,tỷ đồng,HNX CBIS (bond-pivot),2023-Q3,34382.8
tp_ph,TPDN BĐS phát hành riêng lẻ trong quý,tỷ đồng,HNX CBIS (bond-pivot),2023-Q4,16515.95
tp_ph,TPDN BĐS phát hành riêng lẻ trong quý,tỷ đồng,HNX CBIS (bond-pivot),2024-Q1,8110.0
tp_ph,TPDN BĐS phát hành riêng lẻ trong quý,tỷ đồng,HNX CBIS (bond-pivot),2024-Q2,22175.0
tp_ph,TPDN BĐS phát hành riêng lẻ trong quý,tỷ đồng,HNX CBIS (bond-pivot),2024-Q3,18883.0
tp_ph,TPDN BĐS phát hành riêng lẻ trong quý,tỷ đồng,HNX CBIS (bond-pivot),2024-Q4,40139.7
tp_ph,TPDN BĐS phát hành riêng lẻ trong quý,tỷ đồng,HNX CBIS (bond-pivot),2025-Q2,41778.6
tp_ph,TPDN BĐS phát hành riêng lẻ trong quý,tỷ đồng,HNX CBIS (bond-pivot),2025-Q3,36617.0
tp_ph,TPDN BĐS phát hành riêng lẻ trong quý,tỷ đồng,HNX CBIS (bond-pivot),2025-Q4,48333.33
tp_ph,TPDN BĐS phát hành riêng lẻ trong quý,tỷ đồng,HNX CBIS (bond-pivot),2026-Q1,23985.5
tp_ph,TPDN BĐS phát hành riêng lẻ trong quý,tỷ đồng,HNX CBIS (bond-pivot),2026-Q2,80930.15
tp_ph,TPDN BĐS phát hành riêng lẻ trong quý,tỷ đồng,HNX CBIS (bond-pivot),2026-Q3,21100.0
tp_ph_n,Số lô TPDN BĐS phát hành,lô,HNX CBIS (bond-pivot),2016-Q1,2.0
tp_ph_n,Số lô TPDN BĐS phát hành,lô,HNX CBIS (bond-pivot),2016-Q4,2.0
tp_ph_n,Số lô TPDN BĐS phát hành,lô,HNX CBIS (bond-pivot),2017-Q1,2.0
tp_ph_n,Số lô TPDN BĐS phát hành,lô,HNX CBIS (bond-pivot),2017-Q2,3.0
tp_ph_n,Số lô TPDN BĐS phát hành,lô,HNX CBIS (bond-pivot),2017-Q3,2.0
tp_ph_n,Số lô TPDN BĐS phát hành,lô,HNX CBIS (bond-pivot),2017-Q4,5.0
tp_ph_n,Số lô TPDN BĐS phát hành,lô,HNX CBIS (bond-pivot),2018-Q1,14.0
tp_ph_n,Số lô TPDN BĐS phát hành,lô,HNX CBIS (bond-pivot),2018-Q2,26.0
tp_ph_n,Số lô TPDN BĐS phát hành,lô,HNX CBIS (bond-pivot),2018-Q3,63.0
tp_ph_n,Số lô TPDN BĐS phát hành,lô,HNX CBIS (bond-pivot),2018-Q4,70.0
tp_ph_n,Số lô TPDN BĐS phát hành,lô,HNX CBIS (bond-pivot),2019-Q1,44.0
tp_ph_n,Số lô TPDN BĐS phát hành,lô,HNX CBIS (bond-pivot),2019-Q2,70.0
tp_ph_n,Số lô TPDN BĐS phát hành,lô,HNX CBIS (bond-pivot),2019-Q3,97.0
tp_ph_n,Số lô TPDN BĐS phát hành,lô,HNX CBIS (bond-pivot),2019-Q4,287.0
tp_ph_n,Số lô TPDN BĐS phát hành,lô,HNX CBIS (bond-pivot),2020-Q1,147.0
tp_ph_n,Số lô TPDN BĐS phát hành,lô,HNX CBIS (bond-pivot),2020-Q2,247.0
tp_ph_n,Số lô TPDN BĐS phát hành,lô,HNX CBIS (bond-pivot),2020-Q3,715.0
tp_ph_n,Số lô TPDN BĐS phát hành,lô,HNX CBIS (bond-pivot),2020-Q4,31.0
tp_ph_n,Số lô TPDN BĐS phát hành,lô,HNX CBIS (bond-pivot),2021-Q1,23.0
tp_ph_n,Số lô TPDN BĐS phát hành,lô,HNX CBIS (bond-pivot),2021-Q2,71.0
tp_ph_n,Số lô TPDN BĐS phát hành,lô,HNX CBIS (bond-pivot),2021-Q3,78.0
tp_ph_n,Số lô TPDN BĐS phát hành,lô,HNX CBIS (bond-pivot),2021-Q4,101.0
tp_ph_n,Số lô TPDN BĐS phát hành,lô,HNX CBIS (bond-pivot),2022-Q1,30.0
tp_ph_n,Số lô TPDN BĐS phát hành,lô,HNX CBIS (bond-pivot),2022-Q2,21.0
tp_ph_n,Số lô TPDN BĐS phát hành,lô,HNX CBIS (bond-pivot),2022-Q3,12.0
tp_ph_n,Số lô TPDN BĐS phát hành,lô,HNX CBIS (bond-pivot),2022-Q4,4.0
tp_ph_n,Số lô TPDN BĐS phát hành,lô,HNX CBIS (bond-pivot),2023-Q1,5.0
tp_ph_n,Số lô TPDN BĐS phát hành,lô,HNX CBIS (bond-pivot),2023-Q2,4.0
tp_ph_n,Số lô TPDN BĐS phát hành,lô,HNX CBIS (bond-pivot),2023-Q3,21.0
tp_ph_n,Số lô TPDN BĐS phát hành,lô,HNX CBIS (bond-pivot),2023-Q4,18.0
tp_ph_n,Số lô TPDN BĐS phát hành,lô,HNX CBIS (bond-pivot),2024-Q1,7.0
tp_ph_n,Số lô TPDN BĐS phát hành,lô,HNX CBIS (bond-pivot),2024-Q2,21.0
tp_ph_n,Số lô TPDN BĐS phát hành,lô,HNX CBIS (bond-pivot),2024-Q3,17.0
tp_ph_n,Số lô TPDN BĐS phát hành,lô,HNX CBIS (bond-pivot),2024-Q4,22.0
tp_ph_n,Số lô TPDN BĐS phát hành,lô,HNX CBIS (bond-pivot),2025-Q2,18.0
tp_ph_n,Số lô TPDN BĐS phát hành,lô,HNX CBIS (bond-pivot),2025-Q3,25.0
tp_ph_n,Số lô TPDN BĐS phát hành,lô,HNX CBIS (bond-pivot),2025-Q4,30.0
tp_ph_n,Số lô TPDN BĐS phát hành,lô,HNX CBIS (bond-pivot),2026-Q1,5.0
tp_ph_n,Số lô TPDN BĐS phát hành,lô,HNX CBIS (bond-pivot),2026-Q2,30.0
tp_ph_n,Số lô TPDN BĐS phát hành,lô,HNX CBIS (bond-pivot),2026-Q3,13.0
tp_ls,Lãi suất phát hành BQ gia quyền TPDN BĐS,%/năm,HNX CBIS (bond-pivot),2016-Q1,8.0125
tp_ls,Lãi suất phát hành BQ gia quyền TPDN BĐS,%/năm,HNX CBIS (bond-pivot),2016-Q4,7.391304347826087
tp_ls,Lãi suất phát hành BQ gia quyền TPDN BĐS,%/năm,HNX CBIS (bond-pivot),2017-Q1,8.825
tp_ls,Lãi suất phát hành BQ gia quyền TPDN BĐS,%/năm,HNX CBIS (bond-pivot),2017-Q2,6.2360406091370555
tp_ls,Lãi suất phát hành BQ gia quyền TPDN BĐS,%/năm,HNX CBIS (bond-pivot),2017-Q3,10.51875
tp_ls,Lãi suất phát hành BQ gia quyền TPDN BĐS,%/năm,HNX CBIS (bond-pivot),2017-Q4,8.49539012991727
tp_ls,Lãi suất phát hành BQ gia quyền TPDN BĐS,%/năm,HNX CBIS (bond-pivot),2018-Q1,9.934984629340322
tp_ls,Lãi suất phát hành BQ gia quyền TPDN BĐS,%/năm,HNX CBIS (bond-pivot),2018-Q2,9.197638026884723
tp_ls,Lãi suất phát hành BQ gia quyền TPDN BĐS,%/năm,HNX CBIS (bond-pivot),2018-Q3,10.355977169557606
tp_ls,Lãi suất phát hành BQ gia quyền TPDN BĐS,%/năm,HNX CBIS (bond-pivot),2018-Q4,10.023137233044432
tp_ls,Lãi suất phát hành BQ gia quyền TPDN BĐS,%/năm,HNX CBIS (bond-pivot),2019-Q1,9.390207540062537
tp_ls,Lãi suất phát hành BQ gia quyền TPDN BĐS,%/năm,HNX CBIS (bond-pivot),2019-Q2,10.32402066063173
tp_ls,Lãi suất phát hành BQ gia quyền TPDN BĐS,%/năm,HNX CBIS (bond-pivot),2019-Q3,10.228075555578426
tp_ls,Lãi suất phát hành BQ gia quyền TPDN BĐS,%/năm,HNX CBIS (bond-pivot),2019-Q4,10.4073197758962
tp_ls,Lãi suất phát hành BQ gia quyền TPDN BĐS,%/năm,HNX CBIS (bond-pivot),2020-Q1,10.656682979585971
tp_ls,Lãi suất phát hành BQ gia quyền TPDN BĐS,%/năm,HNX CBIS (bond-pivot),2020-Q2,10.111121607033189
tp_ls,Lãi suất phát hành BQ gia quyền TPDN BĐS,%/năm,HNX CBIS (bond-pivot),2020-Q3,10.772827097601278
tp_ls,Lãi suất phát hành BQ gia quyền TPDN BĐS,%/năm,HNX CBIS (bond-pivot),2020-Q4,10.460424416656997
tp_ls,Lãi suất phát hành BQ gia quyền TPDN BĐS,%/năm,HNX CBIS (bond-pivot),2021-Q1,10.53463776636557
tp_ls,Lãi suất phát hành BQ gia quyền TPDN BĐS,%/năm,HNX CBIS (bond-pivot),2021-Q2,10.176561306357844
tp_ls,Lãi suất phát hành BQ gia quyền TPDN BĐS,%/năm,HNX CBIS (bond-pivot),2021-Q3,10.272184707848105
tp_ls,Lãi suất phát hành BQ gia quyền TPDN BĐS,%/năm,HNX CBIS (bond-pivot),2021-Q4,10.403788399127704
tp_ls,Lãi suất phát hành BQ gia quyền TPDN BĐS,%/năm,HNX CBIS (bond-pivot),2022-Q1,9.61215967061572
tp_ls,Lãi suất phát hành BQ gia quyền TPDN BĐS,%/năm,HNX CBIS (bond-pivot),2022-Q2,10.2224926507526
tp_ls,Lãi suất phát hành BQ gia quyền TPDN BĐS,%/năm,HNX CBIS (bond-pivot),2022-Q3,10.555266405112953
tp_ls,Lãi suất phát hành BQ gia quyền TPDN BĐS,%/năm,HNX CBIS (bond-pivot),2022-Q4,11.34
tp_ls,Lãi suất phát hành BQ gia quyền TPDN BĐS,%/năm,HNX CBIS (bond-pivot),2023-Q1,5.5518883974140865
tp_ls,Lãi suất phát hành BQ gia quyền TPDN BĐS,%/năm,HNX CBIS (bond-pivot),2023-Q2,13.738480697384807
tp_ls,Lãi suất phát hành BQ gia quyền TPDN BĐS,%/năm,HNX CBIS (bond-pivot),2023-Q3,7.789010784461998
tp_ls,Lãi suất phát hành BQ gia quyền TPDN BĐS,%/năm,HNX CBIS (bond-pivot),2023-Q4,11.885976889007294
tp_ls,Lãi suất phát hành BQ gia quyền TPDN BĐS,%/năm,HNX CBIS (bond-pivot),2024-Q1,11.033292231812577
tp_ls,Lãi suất phát hành BQ gia quyền TPDN BĐS,%/năm,HNX CBIS (bond-pivot),2024-Q2,11.824171364148816
tp_ls,Lãi suất phát hành BQ gia quyền TPDN BĐS,%/năm,HNX CBIS (bond-pivot),2024-Q3,10.637684689932744
tp_ls,Lãi suất phát hành BQ gia quyền TPDN BĐS,%/năm,HNX CBIS (bond-pivot),2024-Q4,9.366985802086214
tp_ls,Lãi suất phát hành BQ gia quyền TPDN BĐS,%/năm,HNX CBIS (bond-pivot),2025-Q2,10.57957662535365
tp_ls,Lãi suất phát hành BQ gia quyền TPDN BĐS,%/năm,HNX CBIS (bond-pivot),2025-Q3,10.314949340470273
tp_ls,Lãi suất phát hành BQ gia quyền TPDN BĐS,%/năm,HNX CBIS (bond-pivot),2025-Q4,10.568600073696556
tp_ls,Lãi suất phát hành BQ gia quyền TPDN BĐS,%/năm,HNX CBIS (bond-pivot),2026-Q1,7.877551020408164
tp_ls,Lãi suất phát hành BQ gia quyền TPDN BĐS,%/năm,HNX CBIS (bond-pivot),2026-Q2,11.524963502477135
tp_ls,Lãi suất phát hành BQ gia quyền TPDN BĐS,%/năm,HNX CBIS (bond-pivot),2026-Q3,11.275734597156399
tp_dh,TPDN BĐS đến hạn trong quý (giá trị còn lại),tỷ đồng,HNX CBIS (bond-pivot),2019-Q4,61.9
tp_dh,TPDN BĐS đến hạn trong quý (giá trị còn lại),tỷ đồng,HNX CBIS (bond-pivot),2020-Q1,1784.3
tp_dh,TPDN BĐS đến hạn trong quý (giá trị còn lại),tỷ đồng,HNX CBIS (bond-pivot),2020-Q2,1409.7
tp_dh,TPDN BĐS đến hạn trong quý (giá trị còn lại),tỷ đồng,HNX CBIS (bond-pivot),2020-Q3,13092.8
tp_dh,TPDN BĐS đến hạn trong quý (giá trị còn lại),tỷ đồng,HNX CBIS (bond-pivot),2020-Q4,15207.4
tp_dh,TPDN BĐS đến hạn trong quý (giá trị còn lại),tỷ đồng,HNX CBIS (bond-pivot),2021-Q1,11657.2
tp_dh,TPDN BĐS đến hạn trong quý (giá trị còn lại),tỷ đồng,HNX CBIS (bond-pivot),2021-Q2,5475.8
tp_dh,TPDN BĐS đến hạn trong quý (giá trị còn lại),tỷ đồng,HNX CBIS (bond-pivot),2021-Q3,14345.880000000001
tp_dh,TPDN BĐS đến hạn trong quý (giá trị còn lại),tỷ đồng,HNX CBIS (bond-pivot),2021-Q4,24620.0
tp_dh,TPDN BĐS đến hạn trong quý (giá trị còn lại),tỷ đồng,HNX CBIS (bond-pivot),2022-Q1,3290.5099999999998
tp_dh,TPDN BĐS đến hạn trong quý (giá trị còn lại),tỷ đồng,HNX CBIS (bond-pivot),2022-Q2,12384.1
tp_dh,TPDN BĐS đến hạn trong quý (giá trị còn lại),tỷ đồng,HNX CBIS (bond-pivot),2022-Q3,19347.920000000002
tp_dh,TPDN BĐS đến hạn trong quý (giá trị còn lại),tỷ đồng,HNX CBIS (bond-pivot),2022-Q4,19954.97
tp_dh,TPDN BĐS đến hạn trong quý (giá trị còn lại),tỷ đồng,HNX CBIS (bond-pivot),2023-Q1,14745.82
tp_dh,TPDN BĐS đến hạn trong quý (giá trị còn lại),tỷ đồng,HNX CBIS (bond-pivot),2023-Q2,14160.54
tp_dh,TPDN BĐS đến hạn trong quý (giá trị còn lại),tỷ đồng,HNX CBIS (bond-pivot),2023-Q3,39989.44
tp_dh,TPDN BĐS đến hạn trong quý (giá trị còn lại),tỷ đồng,HNX CBIS (bond-pivot),2023-Q4,14658.23
tp_dh,TPDN BĐS đến hạn trong quý (giá trị còn lại),tỷ đồng,HNX CBIS (bond-pivot),2024-Q1,26310.3
tp_dh,TPDN BĐS đến hạn trong quý (giá trị còn lại),tỷ đồng,HNX CBIS (bond-pivot),2024-Q2,5896.21
tp_dh,TPDN BĐS đến hạn trong quý (giá trị còn lại),tỷ đồng,HNX CBIS (bond-pivot),2024-Q3,14510.630000000001
tp_dh,TPDN BĐS đến hạn trong quý (giá trị còn lại),tỷ đồng,HNX CBIS (bond-pivot),2024-Q4,17638.0
tp_dh,TPDN BĐS đến hạn trong quý (giá trị còn lại),tỷ đồng,HNX CBIS (bond-pivot),2025-Q1,6372.18
tp_dh,TPDN BĐS đến hạn trong quý (giá trị còn lại),tỷ đồng,HNX CBIS (bond-pivot),2025-Q2,10290.47
tp_dh,TPDN BĐS đến hạn trong quý (giá trị còn lại),tỷ đồng,HNX CBIS (bond-pivot),2025-Q3,31815.52
tp_dh,TPDN BĐS đến hạn trong quý (giá trị còn lại),tỷ đồng,HNX CBIS (bond-pivot),2025-Q4,16229.48
tp_dh,TPDN BĐS đến hạn trong quý (giá trị còn lại),tỷ đồng,HNX CBIS (bond-pivot),2026-Q1,9900.0
tp_dh,TPDN BĐS đến hạn trong quý (giá trị còn lại),tỷ đồng,HNX CBIS (bond-pivot),2026-Q2,29425.59
tp_dh,TPDN BĐS đến hạn trong quý (giá trị còn lại),tỷ đồng,HNX CBIS (bond-pivot),2026-Q3,2000.0
lending_rate_avg,LS cho vay BQ (VCB công bố),%,"transmission-fetcher (NHNN, dulieukinhte, FiinProX)",2024-Q1,6.4
lending_rate_avg,LS cho vay BQ (VCB công bố),%,"transmission-fetcher (NHNN, dulieukinhte, FiinProX)",2024-Q2,5.7
lending_rate_avg,LS cho vay BQ (VCB công bố),%,"transmission-fetcher (NHNN, dulieukinhte, FiinProX)",2024-Q3,5.6
lending_rate_avg,LS cho vay BQ (VCB công bố),%,"transmission-fetcher (NHNN, dulieukinhte, FiinProX)",2024-Q4,5.7
lending_rate_avg,LS cho vay BQ (VCB công bố),%,"transmission-fetcher (NHNN, dulieukinhte, FiinProX)",2025-Q1,5.6
lending_rate_avg,LS cho vay BQ (VCB công bố),%,"transmission-fetcher (NHNN, dulieukinhte, FiinProX)",2025-Q2,5.6
lending_rate_avg,LS cho vay BQ (VCB công bố),%,"transmission-fetcher (NHNN, dulieukinhte, FiinProX)",2025-Q3,5.6
lending_rate_avg,LS cho vay BQ (VCB công bố),%,"transmission-fetcher (NHNN, dulieukinhte, FiinProX)",2025-Q4,5.8
lending_rate_avg,LS cho vay BQ (VCB công bố),%,"transmission-fetcher (NHNN, dulieukinhte, FiinProX)",2026-Q1,6.6
lending_rate_avg,LS cho vay BQ (VCB công bố),%,"transmission-fetcher (NHNN, dulieukinhte, FiinProX)",2026-Q2,7.5
lending_rate_avg,LS cho vay BQ (VCB công bố),%,"transmission-fetcher (NHNN, dulieukinhte, FiinProX)",2026-Q3,7.4
lending_rate_big4,LS cho vay BQ nhóm Big4,%,"transmission-fetcher (NHNN, dulieukinhte, FiinProX)",2025-Q4,5.7
lending_rate_big4,LS cho vay BQ nhóm Big4,%,"transmission-fetcher (NHNN, dulieukinhte, FiinProX)",2026-Q1,6.47
lending_rate_big4,LS cho vay BQ nhóm Big4,%,"transmission-fetcher (NHNN, dulieukinhte, FiinProX)",2026-Q2,7.28
lending_rate_big4,LS cho vay BQ nhóm Big4,%,"transmission-fetcher (NHNN, dulieukinhte, FiinProX)",2026-Q3,8.05
deposit_12m_avg,LS huy động 12T BQ 28 NH,%,"transmission-fetcher (NHNN, dulieukinhte, FiinProX)",2026-Q3,5.9815
ib_on,LS liên ngân hàng qua đêm (BQ quý),%,"transmission-fetcher (NHNN, dulieukinhte, FiinProX)",2006-Q4,6.485897435897436
ib_on,LS liên ngân hàng qua đêm (BQ quý),%,"transmission-fetcher (NHNN, dulieukinhte, FiinProX)",2007-Q1,5.938153846153846
ib_on,LS liên ngân hàng qua đêm (BQ quý),%,"transmission-fetcher (NHNN, dulieukinhte, FiinProX)",2007-Q2,4.810461538461539
ib_on,LS liên ngân hàng qua đêm (BQ quý),%,"transmission-fetcher (NHNN, dulieukinhte, FiinProX)",2007-Q3,4.027692307692308
ib_on,LS liên ngân hàng qua đêm (BQ quý),%,"transmission-fetcher (NHNN, dulieukinhte, FiinProX)",2007-Q4,6.4406060606060604
ib_on,LS liên ngân hàng qua đêm (BQ quý),%,"transmission-fetcher (NHNN, dulieukinhte, FiinProX)",2008-Q1,9.586307692307692
ib_on,LS liên ngân hàng qua đêm (BQ quý),%,"transmission-fetcher (NHNN, dulieukinhte, FiinProX)",2008-Q2,14.321076923076923
ib_on,LS liên ngân hàng qua đêm (BQ quý),%,"transmission-fetcher (NHNN, dulieukinhte, FiinProX)",2008-Q3,16.58863636363636
ib_on,LS liên ngân hàng qua đêm (BQ quý),%,"transmission-fetcher (NHNN, dulieukinhte, FiinProX)",2008-Q4,9.428939393939393
ib_on,LS liên ngân hàng qua đêm (BQ quý),%,"transmission-fetcher (NHNN, dulieukinhte, FiinProX)",2009-Q1,6.0790625
ib_on,LS liên ngân hàng qua đêm (BQ quý),%,"transmission-fetcher (NHNN, dulieukinhte, FiinProX)",2009-Q2,5.820769230769231
ib_on,LS liên ngân hàng qua đêm (BQ quý),%,"transmission-fetcher (NHNN, dulieukinhte, FiinProX)",2009-Q3,6.492727272727272
ib_on,LS liên ngân hàng qua đêm (BQ quý),%,"transmission-fetcher (NHNN, dulieukinhte, FiinProX)",2009-Q4,8.227272727272727
ib_on,LS liên ngân hàng qua đêm (BQ quý),%,"transmission-fetcher (NHNN, dulieukinhte, FiinProX)",2010-Q1,8.5596875
ib_on,LS liên ngân hàng qua đêm (BQ quý),%,"transmission-fetcher (NHNN, dulieukinhte, FiinProX)",2010-Q2,6.686461538461539
ib_on,LS liên ngân hàng qua đêm (BQ quý),%,"transmission-fetcher (NHNN, dulieukinhte, FiinProX)",2010-Q3,6.630303030303031
ib_on,LS liên ngân hàng qua đêm (BQ quý),%,"transmission-fetcher (NHNN, dulieukinhte, FiinProX)",2010-Q4,9.593787878787879
ib_on,LS liên ngân hàng qua đêm (BQ quý),%,"transmission-fetcher (NHNN, dulieukinhte, FiinProX)",2011-Q1,12.37953125
ib_on,LS liên ngân hàng qua đêm (BQ quý),%,"transmission-fetcher (NHNN, dulieukinhte, FiinProX)",2011-Q2,12.737846153846155
ib_on,LS liên ngân hàng qua đêm (BQ quý),%,"transmission-fetcher (NHNN, dulieukinhte, FiinProX)",2011-Q3,11.864545454545453
ib_on,LS liên ngân hàng qua đêm (BQ quý),%,"transmission-fetcher (NHNN, dulieukinhte, FiinProX)",2011-Q4,13.407846153846153
ib_on,LS liên ngân hàng qua đêm (BQ quý),%,"transmission-fetcher (NHNN, dulieukinhte, FiinProX)",2012-Q1,12.706615384615384
ib_on,LS liên ngân hàng qua đêm (BQ quý),%,"transmission-fetcher (NHNN, dulieukinhte, FiinProX)",2012-Q2,6.246615384615385
ib_on,LS liên ngân hàng qua đêm (BQ quý),%,"transmission-fetcher (NHNN, dulieukinhte, FiinProX)",2012-Q3,4.500923076923077
ib_on,LS liên ngân hàng qua đêm (BQ quý),%,"transmission-fetcher (NHNN, dulieukinhte, FiinProX)",2012-Q4,2.9875757575757578
ib_on,LS liên ngân hàng qua đêm (BQ quý),%,"transmission-fetcher (NHNN, dulieukinhte, FiinProX)",2013-Q1,3.30390625
ib_on,LS liên ngân hàng qua đêm (BQ quý),%,"transmission-fetcher (NHNN, dulieukinhte, FiinProX)",2013-Q2,1.9226153846153846
ib_on,LS liên ngân hàng qua đêm (BQ quý),%,"transmission-fetcher (NHNN, dulieukinhte, FiinProX)",2013-Q3,3.2342424242424244
ib_on,LS liên ngân hàng qua đêm (BQ quý),%,"transmission-fetcher (NHNN, dulieukinhte, FiinProX)",2013-Q4,3.2416666666666667
ib_on,LS liên ngân hàng qua đêm (BQ quý),%,"transmission-fetcher (NHNN, dulieukinhte, FiinProX)",2014-Q1,2.88734375
ib_on,LS liên ngân hàng qua đêm (BQ quý),%,"transmission-fetcher (NHNN, dulieukinhte, FiinProX)",2014-Q2,2.3356923076923075
ib_on,LS liên ngân hàng qua đêm (BQ quý),%,"transmission-fetcher (NHNN, dulieukinhte, FiinProX)",2014-Q3,2.5672727272727274
ib_on,LS liên ngân hàng qua đêm (BQ quý),%,"transmission-fetcher (NHNN, dulieukinhte, FiinProX)",2014-Q4,2.621212121212121
ib_on,LS liên ngân hàng qua đêm (BQ quý),%,"transmission-fetcher (NHNN, dulieukinhte, FiinProX)",2015-Q1,3.82921875
ib_on,LS liên ngân hàng qua đêm (BQ quý),%,"transmission-fetcher (NHNN, dulieukinhte, FiinProX)",2015-Q2,2.935076923076923
ib_on,LS liên ngân hàng qua đêm (BQ quý),%,"transmission-fetcher (NHNN, dulieukinhte, FiinProX)",2015-Q3,3.2985714285714285
ib_on,LS liên ngân hàng qua đêm (BQ quý),%,"transmission-fetcher (NHNN, dulieukinhte, FiinProX)",2015-Q4,3.1039999999999996
ib_on,LS liên ngân hàng qua đêm (BQ quý),%,"transmission-fetcher (NHNN, dulieukinhte, FiinProX)",2016-Q1,3.979821428571429
ib_on,LS liên ngân hàng qua đêm (BQ quý),%,"transmission-fetcher (NHNN, dulieukinhte, FiinProX)",2016-Q2,2.293191489361702
ib_on,LS liên ngân hàng qua đêm (BQ quý),%,"transmission-fetcher (NHNN, dulieukinhte, FiinProX)",2016-Q3,0.84265625
ib_on,LS liên ngân hàng qua đêm (BQ quý),%,"transmission-fetcher (NHNN, dulieukinhte, FiinProX)",2016-Q4,1.9316129032258065
ib_on,LS liên ngân hàng qua đêm (BQ quý),%,"transmission-fetcher (NHNN, dulieukinhte, FiinProX)",2017-Q1,4.154107142857143
ib_on,LS liên ngân hàng qua đêm (BQ quý),%,"transmission-fetcher (NHNN, dulieukinhte, FiinProX)",2017-Q2,3.443793103448276
ib_on,LS liên ngân hàng qua đêm (BQ quý),%,"transmission-fetcher (NHNN, dulieukinhte, FiinProX)",2017-Q3,0.8190322580645162
ib_on,LS liên ngân hàng qua đêm (BQ quý),%,"transmission-fetcher (NHNN, dulieukinhte, FiinProX)",2017-Q4,0.8922033898305085
ib_on,LS liên ngân hàng qua đêm (BQ quý),%,"transmission-fetcher (NHNN, dulieukinhte, FiinProX)",2018-Q1,1.6459322033898305
ib_on,LS liên ngân hàng qua đêm (BQ quý),%,"transmission-fetcher (NHNN, dulieukinhte, FiinProX)",2018-Q2,1.245272727272727
ib_on,LS liên ngân hàng qua đêm (BQ quý),%,"transmission-fetcher (NHNN, dulieukinhte, FiinProX)",2018-Q3,3.0663492063492064
ib_on,LS liên ngân hàng qua đêm (BQ quý),%,"transmission-fetcher (NHNN, dulieukinhte, FiinProX)",2018-Q4,4.2890476190476186
ib_on,LS liên ngân hàng qua đêm (BQ quý),%,"transmission-fetcher (NHNN, dulieukinhte, FiinProX)",2019-Q1,4.153392857142857
ib_on,LS liên ngân hàng qua đêm (BQ quý),%,"transmission-fetcher (NHNN, dulieukinhte, FiinProX)",2019-Q2,3.4555172413793103
ib_on,LS liên ngân hàng qua đêm (BQ quý),%,"transmission-fetcher (NHNN, dulieukinhte, FiinProX)",2019-Q3,3.0971428571428574
ib_on,LS liên ngân hàng qua đêm (BQ quý),%,"transmission-fetcher (NHNN, dulieukinhte, FiinProX)",2019-Q4,2.4925
ib_on,LS liên ngân hàng qua đêm (BQ quý),%,"transmission-fetcher (NHNN, dulieukinhte, FiinProX)",2020-Q1,2.0913793103448275
ib_on,LS liên ngân hàng qua đêm (BQ quý),%,"transmission-fetcher (NHNN, dulieukinhte, FiinProX)",2020-Q2,1.1716129032258065
ib_on,LS liên ngân hàng qua đêm (BQ quý),%,"transmission-fetcher (NHNN, dulieukinhte, FiinProX)",2020-Q3,0.1626153846153846
ib_on,LS liên ngân hàng qua đêm (BQ quý),%,"transmission-fetcher (NHNN, dulieukinhte, FiinProX)",2020-Q4,0.10772727272727273
ib_on,LS liên ngân hàng qua đêm (BQ quý),%,"transmission-fetcher (NHNN, dulieukinhte, FiinProX)",2021-Q1,0.5005172413793104
ib_on,LS liên ngân hàng qua đêm (BQ quý),%,"transmission-fetcher (NHNN, dulieukinhte, FiinProX)",2021-Q2,0.9685483870967742
ib_on,LS liên ngân hàng qua đêm (BQ quý),%,"transmission-fetcher (NHNN, dulieukinhte, FiinProX)",2021-Q3,0.7953968253968254
ib_on,LS liên ngân hàng qua đêm (BQ quý),%,"transmission-fetcher (NHNN, dulieukinhte, FiinProX)",2021-Q4,0.7007575757575758
ib_on,LS liên ngân hàng qua đêm (BQ quý),%,"transmission-fetcher (NHNN, dulieukinhte, FiinProX)",2022-Q1,2.1257894736842107
ib_on,LS liên ngân hàng qua đêm (BQ quý),%,"transmission-fetcher (NHNN, dulieukinhte, FiinProX)",2022-Q2,1.221311475409836
ib_on,LS liên ngân hàng qua đêm (BQ quý),%,"transmission-fetcher (NHNN, dulieukinhte, FiinProX)",2022-Q3,3.42265625
ib_on,LS liên ngân hàng qua đêm (BQ quý),%,"transmission-fetcher (NHNN, dulieukinhte, FiinProX)",2022-Q4,5.344307692307693
ib_on,LS liên ngân hàng qua đêm (BQ quý),%,"transmission-fetcher (NHNN, dulieukinhte, FiinProX)",2023-Q1,4.838793103448276
ib_on,LS liên ngân hàng qua đêm (BQ quý),%,"transmission-fetcher (NHNN, dulieukinhte, FiinProX)",2023-Q2,3.5820967741935483
ib_on,LS liên ngân hàng qua đêm (BQ quý),%,"transmission-fetcher (NHNN, dulieukinhte, FiinProX)",2023-Q3,0.2229032258064516
ib_on,LS liên ngân hàng qua đêm (BQ quý),%,"transmission-fetcher (NHNN, dulieukinhte, FiinProX)",2023-Q4,0.63453125
ib_on,LS liên ngân hàng qua đêm (BQ quý),%,"transmission-fetcher (NHNN, dulieukinhte, FiinProX)",2024-Q1,1.018448275862069
ib_on,LS liên ngân hàng qua đêm (BQ quý),%,"transmission-fetcher (NHNN, dulieukinhte, FiinProX)",2024-Q2,4.068196721311475
ib_on,LS liên ngân hàng qua đêm (BQ quý),%,"transmission-fetcher (NHNN, dulieukinhte, FiinProX)",2024-Q3,4.39421875
ib_on,LS liên ngân hàng qua đêm (BQ quý),%,"transmission-fetcher (NHNN, dulieukinhte, FiinProX)",2024-Q4,4.12469696969697
ib_on,LS liên ngân hàng qua đêm (BQ quý),%,"transmission-fetcher (NHNN, dulieukinhte, FiinProX)",2025-Q1,4.341206896551724
ib_on,LS liên ngân hàng qua đêm (BQ quý),%,"transmission-fetcher (NHNN, dulieukinhte, FiinProX)",2025-Q2,3.643389830508475
ib_on,LS liên ngân hàng qua đêm (BQ quý),%,"transmission-fetcher (NHNN, dulieukinhte, FiinProX)",2025-Q3,4.5171875
ib_on,LS liên ngân hàng qua đêm (BQ quý),%,"transmission-fetcher (NHNN, dulieukinhte, FiinProX)",2025-Q4,5.3959090909090905
ib_on,LS liên ngân hàng qua đêm (BQ quý),%,"transmission-fetcher (NHNN, dulieukinhte, FiinProX)",2026-Q1,5.822280701754386
ib_on,LS liên ngân hàng qua đêm (BQ quý),%,"transmission-fetcher (NHNN, dulieukinhte, FiinProX)",2026-Q2,5.7141935483870965
ib_on,LS liên ngân hàng qua đêm (BQ quý),%,"transmission-fetcher (NHNN, dulieukinhte, FiinProX)",2026-Q3,4.062962962962963
ib_3m,LS liên ngân hàng 3T (BQ quý),%,"transmission-fetcher (NHNN, dulieukinhte, FiinProX)",2006-Q4,8.074871794871795
ib_3m,LS liên ngân hàng 3T (BQ quý),%,"transmission-fetcher (NHNN, dulieukinhte, FiinProX)",2007-Q1,8.39076923076923
ib_3m,LS liên ngân hàng 3T (BQ quý),%,"transmission-fetcher (NHNN, dulieukinhte, FiinProX)",2007-Q2,7.603230769230769
ib_3m,LS liên ngân hàng 3T (BQ quý),%,"transmission-fetcher (NHNN, dulieukinhte, FiinProX)",2007-Q3,7.139538461538462
ib_3m,LS liên ngân hàng 3T (BQ quý),%,"transmission-fetcher (NHNN, dulieukinhte, FiinProX)",2007-Q4,7.797121212121212
ib_3m,LS liên ngân hàng 3T (BQ quý),%,"transmission-fetcher (NHNN, dulieukinhte, FiinProX)",2008-Q1,9.328307692307693
ib_3m,LS liên ngân hàng 3T (BQ quý),%,"transmission-fetcher (NHNN, dulieukinhte, FiinProX)",2008-Q2,13.011692307692307
ib_3m,LS liên ngân hàng 3T (BQ quý),%,"transmission-fetcher (NHNN, dulieukinhte, FiinProX)",2008-Q3,16.600151515151513
ib_3m,LS liên ngân hàng 3T (BQ quý),%,"transmission-fetcher (NHNN, dulieukinhte, FiinProX)",2008-Q4,14.147727272727273
ib_3m,LS liên ngân hàng 3T (BQ quý),%,"transmission-fetcher (NHNN, dulieukinhte, FiinProX)",2009-Q1,8.87375
ib_3m,LS liên ngân hàng 3T (BQ quý),%,"transmission-fetcher (NHNN, dulieukinhte, FiinProX)",2009-Q2,8.158153846153846
ib_3m,LS liên ngân hàng 3T (BQ quý),%,"transmission-fetcher (NHNN, dulieukinhte, FiinProX)",2009-Q3,8.049696969696969
ib_3m,LS liên ngân hàng 3T (BQ quý),%,"transmission-fetcher (NHNN, dulieukinhte, FiinProX)",2009-Q4,9.158333333333333
ib_3m,LS liên ngân hàng 3T (BQ quý),%,"transmission-fetcher (NHNN, dulieukinhte, FiinProX)",2010-Q1,10.75328125
ib_3m,LS liên ngân hàng 3T (BQ quý),%,"transmission-fetcher (NHNN, dulieukinhte, FiinProX)",2010-Q2,9.963846153846154
ib_3m,LS liên ngân hàng 3T (BQ quý),%,"transmission-fetcher (NHNN, dulieukinhte, FiinProX)",2010-Q3,9.654242424242424
ib_3m,LS liên ngân hàng 3T (BQ quý),%,"transmission-fetcher (NHNN, dulieukinhte, FiinProX)",2010-Q4,12.066212121212121
ib_3m,LS liên ngân hàng 3T (BQ quý),%,"transmission-fetcher (NHNN, dulieukinhte, FiinProX)",2011-Q1,13.3546875
ib_3m,LS liên ngân hàng 3T (BQ quý),%,"transmission-fetcher (NHNN, dulieukinhte, FiinProX)",2011-Q2,13.520307692307693
ib_3m,LS liên ngân hàng 3T (BQ quý),%,"transmission-fetcher (NHNN, dulieukinhte, FiinProX)",2011-Q3,13.85030303030303
ib_3m,LS liên ngân hàng 3T (BQ quý),%,"transmission-fetcher (NHNN, dulieukinhte, FiinProX)",2011-Q4,13.380153846153847
ib_3m,LS liên ngân hàng 3T (BQ quý),%,"transmission-fetcher (NHNN, dulieukinhte, FiinProX)",2012-Q1,13.032923076923076
ib_3m,LS liên ngân hàng 3T (BQ quý),%,"transmission-fetcher (NHNN, dulieukinhte, FiinProX)",2012-Q2,10.124461538461539
ib_3m,LS liên ngân hàng 3T (BQ quý),%,"transmission-fetcher (NHNN, dulieukinhte, FiinProX)",2012-Q3,9.095076923076922
ib_3m,LS liên ngân hàng 3T (BQ quý),%,"transmission-fetcher (NHNN, dulieukinhte, FiinProX)",2012-Q4,8.299999999999999
ib_3m,LS liên ngân hàng 3T (BQ quý),%,"transmission-fetcher (NHNN, dulieukinhte, FiinProX)",2013-Q1,6.6245312499999995
ib_3m,LS liên ngân hàng 3T (BQ quý),%,"transmission-fetcher (NHNN, dulieukinhte, FiinProX)",2013-Q2,5.749692307692308
ib_3m,LS liên ngân hàng 3T (BQ quý),%,"transmission-fetcher (NHNN, dulieukinhte, FiinProX)",2013-Q3,5.76439393939394
ib_3m,LS liên ngân hàng 3T (BQ quý),%,"transmission-fetcher (NHNN, dulieukinhte, FiinProX)",2013-Q4,5.720303030303031
ib_3m,LS liên ngân hàng 3T (BQ quý),%,"transmission-fetcher (NHNN, dulieukinhte, FiinProX)",2014-Q1,5.59328125
ib_3m,LS liên ngân hàng 3T (BQ quý),%,"transmission-fetcher (NHNN, dulieukinhte, FiinProX)",2014-Q2,4.572307692307692
ib_3m,LS liên ngân hàng 3T (BQ quý),%,"transmission-fetcher (NHNN, dulieukinhte, FiinProX)",2014-Q3,4.217121212121212
ib_3m,LS liên ngân hàng 3T (BQ quý),%,"transmission-fetcher (NHNN, dulieukinhte, FiinProX)",2014-Q4,4.012575757575758
ib_3m,LS liên ngân hàng 3T (BQ quý),%,"transmission-fetcher (NHNN, dulieukinhte, FiinProX)",2015-Q1,4.6478125
ib_3m,LS liên ngân hàng 3T (BQ quý),%,"transmission-fetcher (NHNN, dulieukinhte, FiinProX)",2015-Q2,4.616923076923078
ib_3m,LS liên ngân hàng 3T (BQ quý),%,"transmission-fetcher (NHNN, dulieukinhte, FiinProX)",2015-Q3,4.595
ib_3m,LS liên ngân hàng 3T (BQ quý),%,"transmission-fetcher (NHNN, dulieukinhte, FiinProX)",2015-Q4,4.74953125
ib_3m,LS liên ngân hàng 3T (BQ quý),%,"transmission-fetcher (NHNN, dulieukinhte, FiinProX)",2016-Q1,5.055178571428571
ib_3m,LS liên ngân hàng 3T (BQ quý),%,"transmission-fetcher (NHNN, dulieukinhte, FiinProX)",2016-Q2,4.484255319148936
ib_3m,LS liên ngân hàng 3T (BQ quý),%,"transmission-fetcher (NHNN, dulieukinhte, FiinProX)",2016-Q3,3.678125
ib_3m,LS liên ngân hàng 3T (BQ quý),%,"transmission-fetcher (NHNN, dulieukinhte, FiinProX)",2016-Q4,4.194516129032258
ib_3m,LS liên ngân hàng 3T (BQ quý),%,"transmission-fetcher (NHNN, dulieukinhte, FiinProX)",2017-Q1,5.046964285714286
ib_3m,LS liên ngân hàng 3T (BQ quý),%,"transmission-fetcher (NHNN, dulieukinhte, FiinProX)",2017-Q2,4.680172413793104
ib_3m,LS liên ngân hàng 3T (BQ quý),%,"transmission-fetcher (NHNN, dulieukinhte, FiinProX)",2017-Q3,3.4116129032258065
ib_3m,LS liên ngân hàng 3T (BQ quý),%,"transmission-fetcher (NHNN, dulieukinhte, FiinProX)",2017-Q4,3.9833898305084747
ib_3m,LS liên ngân hàng 3T (BQ quý),%,"transmission-fetcher (NHNN, dulieukinhte, FiinProX)",2018-Q1,3.9671186440677966
ib_3m,LS liên ngân hàng 3T (BQ quý),%,"transmission-fetcher (NHNN, dulieukinhte, FiinProX)",2018-Q2,2.7718181818181815
ib_3m,LS liên ngân hàng 3T (BQ quý),%,"transmission-fetcher (NHNN, dulieukinhte, FiinProX)",2018-Q3,4.0817460317460315
ib_3m,LS liên ngân hàng 3T (BQ quý),%,"transmission-fetcher (NHNN, dulieukinhte, FiinProX)",2018-Q4,5.125873015873016
ib_3m,LS liên ngân hàng 3T (BQ quý),%,"transmission-fetcher (NHNN, dulieukinhte, FiinProX)",2019-Q1,5.076785714285714
ib_3m,LS liên ngân hàng 3T (BQ quý),%,"transmission-fetcher (NHNN, dulieukinhte, FiinProX)",2019-Q2,4.4560344827586205
ib_3m,LS liên ngân hàng 3T (BQ quý),%,"transmission-fetcher (NHNN, dulieukinhte, FiinProX)",2019-Q3,4.426349206349206
ib_3m,LS liên ngân hàng 3T (BQ quý),%,"transmission-fetcher (NHNN, dulieukinhte, FiinProX)",2019-Q4,4.4171875
ib_3m,LS liên ngân hàng 3T (BQ quý),%,"transmission-fetcher (NHNN, dulieukinhte, FiinProX)",2020-Q1,3.741551724137931
ib_3m,LS liên ngân hàng 3T (BQ quý),%,"transmission-fetcher (NHNN, dulieukinhte, FiinProX)",2020-Q2,3.0898387096774194
ib_3m,LS liên ngân hàng 3T (BQ quý),%,"transmission-fetcher (NHNN, dulieukinhte, FiinProX)",2020-Q3,2.004769230769231
ib_3m,LS liên ngân hàng 3T (BQ quý),%,"transmission-fetcher (NHNN, dulieukinhte, FiinProX)",2020-Q4,1.5443939393939392
ib_3m,LS liên ngân hàng 3T (BQ quý),%,"transmission-fetcher (NHNN, dulieukinhte, FiinProX)",2021-Q1,1.630344827586207
ib_3m,LS liên ngân hàng 3T (BQ quý),%,"transmission-fetcher (NHNN, dulieukinhte, FiinProX)",2021-Q2,1.879677419354839
ib_3m,LS liên ngân hàng 3T (BQ quý),%,"transmission-fetcher (NHNN, dulieukinhte, FiinProX)",2021-Q3,1.9023809523809523
ib_3m,LS liên ngân hàng 3T (BQ quý),%,"transmission-fetcher (NHNN, dulieukinhte, FiinProX)",2021-Q4,2.186818181818182
ib_3m,LS liên ngân hàng 3T (BQ quý),%,"transmission-fetcher (NHNN, dulieukinhte, FiinProX)",2022-Q1,3.036842105263158
ib_3m,LS liên ngân hàng 3T (BQ quý),%,"transmission-fetcher (NHNN, dulieukinhte, FiinProX)",2022-Q2,3.0821311475409834
ib_3m,LS liên ngân hàng 3T (BQ quý),%,"transmission-fetcher (NHNN, dulieukinhte, FiinProX)",2022-Q3,4.958125
ib_3m,LS liên ngân hàng 3T (BQ quý),%,"transmission-fetcher (NHNN, dulieukinhte, FiinProX)",2022-Q4,9.139076923076923
ib_3m,LS liên ngân hàng 3T (BQ quý),%,"transmission-fetcher (NHNN, dulieukinhte, FiinProX)",2023-Q1,8.316724137931034
ib_3m,LS liên ngân hàng 3T (BQ quý),%,"transmission-fetcher (NHNN, dulieukinhte, FiinProX)",2023-Q2,6.108064516129032
ib_3m,LS liên ngân hàng 3T (BQ quý),%,"transmission-fetcher (NHNN, dulieukinhte, FiinProX)",2023-Q3,3.9777419354838712
ib_3m,LS liên ngân hàng 3T (BQ quý),%,"transmission-fetcher (NHNN, dulieukinhte, FiinProX)",2023-Q4,3.53171875
ib_3m,LS liên ngân hàng 3T (BQ quý),%,"transmission-fetcher (NHNN, dulieukinhte, FiinProX)",2024-Q1,3.0817241379310345
ib_3m,LS liên ngân hàng 3T (BQ quý),%,"transmission-fetcher (NHNN, dulieukinhte, FiinProX)",2024-Q2,4.886229508196721
ib_3m,LS liên ngân hàng 3T (BQ quý),%,"transmission-fetcher (NHNN, dulieukinhte, FiinProX)",2024-Q3,5.08625
ib_3m,LS liên ngân hàng 3T (BQ quý),%,"transmission-fetcher (NHNN, dulieukinhte, FiinProX)",2024-Q4,4.9769696969696975
ib_3m,LS liên ngân hàng 3T (BQ quý),%,"transmission-fetcher (NHNN, dulieukinhte, FiinProX)",2025-Q1,5.145689655172413
ib_3m,LS liên ngân hàng 3T (BQ quý),%,"transmission-fetcher (NHNN, dulieukinhte, FiinProX)",2025-Q2,4.727118644067796
ib_3m,LS liên ngân hàng 3T (BQ quý),%,"transmission-fetcher (NHNN, dulieukinhte, FiinProX)",2025-Q3,5.27296875
ib_3m,LS liên ngân hàng 3T (BQ quý),%,"transmission-fetcher (NHNN, dulieukinhte, FiinProX)",2025-Q4,6.447121212121212
ib_3m,LS liên ngân hàng 3T (BQ quý),%,"transmission-fetcher (NHNN, dulieukinhte, FiinProX)",2026-Q1,7.654561403508772
ib_3m,LS liên ngân hàng 3T (BQ quý),%,"transmission-fetcher (NHNN, dulieukinhte, FiinProX)",2026-Q2,7.64
ib_3m,LS liên ngân hàng 3T (BQ quý),%,"transmission-fetcher (NHNN, dulieukinhte, FiinProX)",2026-Q3,7.448518518518518
policy_refinance,LS tái cấp vốn,%,"transmission-fetcher (NHNN, dulieukinhte, FiinProX)",2005-Q1,5.5
policy_refinance,LS tái cấp vốn,%,"transmission-fetcher (NHNN, dulieukinhte, FiinProX)",2005-Q2,6.0
policy_refinance,LS tái cấp vốn,%,"transmission-fetcher (NHNN, dulieukinhte, FiinProX)",2005-Q3,6.0
policy_refinance,LS tái cấp vốn,%,"transmission-fetcher (NHNN, dulieukinhte, FiinProX)",2005-Q4,6.5
policy_refinance,LS tái cấp vốn,%,"transmission-fetcher (NHNN, dulieukinhte, FiinProX)",2006-Q1,6.5
policy_refinance,LS tái cấp vốn,%,"transmission-fetcher (NHNN, dulieukinhte, FiinProX)",2006-Q2,6.5
policy_refinance,LS tái cấp vốn,%,"transmission-fetcher (NHNN, dulieukinhte, FiinProX)",2006-Q3,6.5
policy_refinance,LS tái cấp vốn,%,"transmission-fetcher (NHNN, dulieukinhte, FiinProX)",2006-Q4,6.5
policy_refinance,LS tái cấp vốn,%,"transmission-fetcher (NHNN, dulieukinhte, FiinProX)",2007-Q1,6.5
policy_refinance,LS tái cấp vốn,%,"transmission-fetcher (NHNN, dulieukinhte, FiinProX)",2007-Q2,6.5
policy_refinance,LS tái cấp vốn,%,"transmission-fetcher (NHNN, dulieukinhte, FiinProX)",2007-Q3,6.5
policy_refinance,LS tái cấp vốn,%,"transmission-fetcher (NHNN, dulieukinhte, FiinProX)",2007-Q4,6.5
policy_refinance,LS tái cấp vốn,%,"transmission-fetcher (NHNN, dulieukinhte, FiinProX)",2008-Q1,7.5
policy_refinance,LS tái cấp vốn,%,"transmission-fetcher (NHNN, dulieukinhte, FiinProX)",2008-Q2,15.0
policy_refinance,LS tái cấp vốn,%,"transmission-fetcher (NHNN, dulieukinhte, FiinProX)",2008-Q3,15.0
policy_refinance,LS tái cấp vốn,%,"transmission-fetcher (NHNN, dulieukinhte, FiinProX)",2008-Q4,9.5
policy_refinance,LS tái cấp vốn,%,"transmission-fetcher (NHNN, dulieukinhte, FiinProX)",2009-Q1,8.0
policy_refinance,LS tái cấp vốn,%,"transmission-fetcher (NHNN, dulieukinhte, FiinProX)",2009-Q2,7.0
policy_refinance,LS tái cấp vốn,%,"transmission-fetcher (NHNN, dulieukinhte, FiinProX)",2009-Q3,7.0
policy_refinance,LS tái cấp vốn,%,"transmission-fetcher (NHNN, dulieukinhte, FiinProX)",2009-Q4,8.0
policy_refinance,LS tái cấp vốn,%,"transmission-fetcher (NHNN, dulieukinhte, FiinProX)",2010-Q1,8.0
policy_refinance,LS tái cấp vốn,%,"transmission-fetcher (NHNN, dulieukinhte, FiinProX)",2010-Q2,8.0
policy_refinance,LS tái cấp vốn,%,"transmission-fetcher (NHNN, dulieukinhte, FiinProX)",2010-Q3,8.0
policy_refinance,LS tái cấp vốn,%,"transmission-fetcher (NHNN, dulieukinhte, FiinProX)",2010-Q4,9.0
policy_refinance,LS tái cấp vốn,%,"transmission-fetcher (NHNN, dulieukinhte, FiinProX)",2011-Q1,12.0
policy_refinance,LS tái cấp vốn,%,"transmission-fetcher (NHNN, dulieukinhte, FiinProX)",2011-Q2,14.0
policy_refinance,LS tái cấp vốn,%,"transmission-fetcher (NHNN, dulieukinhte, FiinProX)",2011-Q3,14.0
policy_refinance,LS tái cấp vốn,%,"transmission-fetcher (NHNN, dulieukinhte, FiinProX)",2011-Q4,15.0
policy_refinance,LS tái cấp vốn,%,"transmission-fetcher (NHNN, dulieukinhte, FiinProX)",2012-Q1,14.0
policy_refinance,LS tái cấp vốn,%,"transmission-fetcher (NHNN, dulieukinhte, FiinProX)",2012-Q2,11.0
policy_refinance,LS tái cấp vốn,%,"transmission-fetcher (NHNN, dulieukinhte, FiinProX)",2012-Q3,10.0
policy_refinance,LS tái cấp vốn,%,"transmission-fetcher (NHNN, dulieukinhte, FiinProX)",2012-Q4,9.0
policy_refinance,LS tái cấp vốn,%,"transmission-fetcher (NHNN, dulieukinhte, FiinProX)",2013-Q1,8.0
policy_refinance,LS tái cấp vốn,%,"transmission-fetcher (NHNN, dulieukinhte, FiinProX)",2013-Q2,7.0
policy_refinance,LS tái cấp vốn,%,"transmission-fetcher (NHNN, dulieukinhte, FiinProX)",2013-Q3,7.0
policy_refinance,LS tái cấp vốn,%,"transmission-fetcher (NHNN, dulieukinhte, FiinProX)",2013-Q4,7.0
policy_refinance,LS tái cấp vốn,%,"transmission-fetcher (NHNN, dulieukinhte, FiinProX)",2014-Q1,6.5
policy_refinance,LS tái cấp vốn,%,"transmission-fetcher (NHNN, dulieukinhte, FiinProX)",2014-Q2,6.5
policy_refinance,LS tái cấp vốn,%,"transmission-fetcher (NHNN, dulieukinhte, FiinProX)",2014-Q3,6.5
policy_refinance,LS tái cấp vốn,%,"transmission-fetcher (NHNN, dulieukinhte, FiinProX)",2014-Q4,6.5
policy_refinance,LS tái cấp vốn,%,"transmission-fetcher (NHNN, dulieukinhte, FiinProX)",2015-Q1,6.5
policy_refinance,LS tái cấp vốn,%,"transmission-fetcher (NHNN, dulieukinhte, FiinProX)",2015-Q2,6.5
policy_refinance,LS tái cấp vốn,%,"transmission-fetcher (NHNN, dulieukinhte, FiinProX)",2015-Q3,6.5
policy_refinance,LS tái cấp vốn,%,"transmission-fetcher (NHNN, dulieukinhte, FiinProX)",2015-Q4,6.5
policy_refinance,LS tái cấp vốn,%,"transmission-fetcher (NHNN, dulieukinhte, FiinProX)",2016-Q1,6.5
policy_refinance,LS tái cấp vốn,%,"transmission-fetcher (NHNN, dulieukinhte, FiinProX)",2016-Q2,6.5
policy_refinance,LS tái cấp vốn,%,"transmission-fetcher (NHNN, dulieukinhte, FiinProX)",2016-Q3,6.5
policy_refinance,LS tái cấp vốn,%,"transmission-fetcher (NHNN, dulieukinhte, FiinProX)",2016-Q4,6.5
policy_refinance,LS tái cấp vốn,%,"transmission-fetcher (NHNN, dulieukinhte, FiinProX)",2017-Q1,6.5
policy_refinance,LS tái cấp vốn,%,"transmission-fetcher (NHNN, dulieukinhte, FiinProX)",2017-Q2,6.5
policy_refinance,LS tái cấp vốn,%,"transmission-fetcher (NHNN, dulieukinhte, FiinProX)",2017-Q3,6.25
policy_refinance,LS tái cấp vốn,%,"transmission-fetcher (NHNN, dulieukinhte, FiinProX)",2017-Q4,6.25
policy_refinance,LS tái cấp vốn,%,"transmission-fetcher (NHNN, dulieukinhte, FiinProX)",2018-Q1,6.25
policy_refinance,LS tái cấp vốn,%,"transmission-fetcher (NHNN, dulieukinhte, FiinProX)",2018-Q2,6.25
policy_refinance,LS tái cấp vốn,%,"transmission-fetcher (NHNN, dulieukinhte, FiinProX)",2018-Q3,6.25
policy_refinance,LS tái cấp vốn,%,"transmission-fetcher (NHNN, dulieukinhte, FiinProX)",2018-Q4,6.25
policy_refinance,LS tái cấp vốn,%,"transmission-fetcher (NHNN, dulieukinhte, FiinProX)",2019-Q1,6.25
policy_refinance,LS tái cấp vốn,%,"transmission-fetcher (NHNN, dulieukinhte, FiinProX)",2019-Q2,6.25
policy_refinance,LS tái cấp vốn,%,"transmission-fetcher (NHNN, dulieukinhte, FiinProX)",2019-Q3,6.0
policy_refinance,LS tái cấp vốn,%,"transmission-fetcher (NHNN, dulieukinhte, FiinProX)",2019-Q4,6.0
policy_refinance,LS tái cấp vốn,%,"transmission-fetcher (NHNN, dulieukinhte, FiinProX)",2020-Q1,5.0
policy_refinance,LS tái cấp vốn,%,"transmission-fetcher (NHNN, dulieukinhte, FiinProX)",2020-Q2,4.5
policy_refinance,LS tái cấp vốn,%,"transmission-fetcher (NHNN, dulieukinhte, FiinProX)",2020-Q3,4.5
policy_refinance,LS tái cấp vốn,%,"transmission-fetcher (NHNN, dulieukinhte, FiinProX)",2020-Q4,4.0
policy_refinance,LS tái cấp vốn,%,"transmission-fetcher (NHNN, dulieukinhte, FiinProX)",2021-Q1,4.0
policy_refinance,LS tái cấp vốn,%,"transmission-fetcher (NHNN, dulieukinhte, FiinProX)",2021-Q2,4.0
policy_refinance,LS tái cấp vốn,%,"transmission-fetcher (NHNN, dulieukinhte, FiinProX)",2021-Q3,4.0
policy_refinance,LS tái cấp vốn,%,"transmission-fetcher (NHNN, dulieukinhte, FiinProX)",2021-Q4,4.0
policy_refinance,LS tái cấp vốn,%,"transmission-fetcher (NHNN, dulieukinhte, FiinProX)",2022-Q1,4.0
policy_refinance,LS tái cấp vốn,%,"transmission-fetcher (NHNN, dulieukinhte, FiinProX)",2022-Q2,4.0
policy_refinance,LS tái cấp vốn,%,"transmission-fetcher (NHNN, dulieukinhte, FiinProX)",2022-Q3,5.0
policy_refinance,LS tái cấp vốn,%,"transmission-fetcher (NHNN, dulieukinhte, FiinProX)",2022-Q4,6.0
policy_refinance,LS tái cấp vốn,%,"transmission-fetcher (NHNN, dulieukinhte, FiinProX)",2023-Q1,6.0
policy_refinance,LS tái cấp vốn,%,"transmission-fetcher (NHNN, dulieukinhte, FiinProX)",2023-Q2,4.5
policy_refinance,LS tái cấp vốn,%,"transmission-fetcher (NHNN, dulieukinhte, FiinProX)",2023-Q3,4.5
policy_refinance,LS tái cấp vốn,%,"transmission-fetcher (NHNN, dulieukinhte, FiinProX)",2023-Q4,4.5
policy_refinance,LS tái cấp vốn,%,"transmission-fetcher (NHNN, dulieukinhte, FiinProX)",2024-Q1,4.5
policy_refinance,LS tái cấp vốn,%,"transmission-fetcher (NHNN, dulieukinhte, FiinProX)",2024-Q3,4.5
policy_refinance,LS tái cấp vốn,%,"transmission-fetcher (NHNN, dulieukinhte, FiinProX)",2024-Q4,4.5
policy_refinance,LS tái cấp vốn,%,"transmission-fetcher (NHNN, dulieukinhte, FiinProX)",2025-Q1,4.5
policy_refinance,LS tái cấp vốn,%,"transmission-fetcher (NHNN, dulieukinhte, FiinProX)",2025-Q2,4.5
policy_refinance,LS tái cấp vốn,%,"transmission-fetcher (NHNN, dulieukinhte, FiinProX)",2025-Q3,4.5
policy_refinance,LS tái cấp vốn,%,"transmission-fetcher (NHNN, dulieukinhte, FiinProX)",2025-Q4,4.5
policy_refinance,LS tái cấp vốn,%,"transmission-fetcher (NHNN, dulieukinhte, FiinProX)",2026-Q1,4.5
policy_refinance,LS tái cấp vốn,%,"transmission-fetcher (NHNN, dulieukinhte, FiinProX)",2026-Q2,4.5
policy_refinance,LS tái cấp vốn,%,"transmission-fetcher (NHNN, dulieukinhte, FiinProX)",2026-Q3,4.5
credit_growth_ytd,Tăng trưởng tín dụng YTD,%,"transmission-fetcher (NHNN, dulieukinhte, FiinProX)",2023-Q2,4.71
credit_growth_ytd,Tăng trưởng tín dụng YTD,%,"transmission-fetcher (NHNN, dulieukinhte, FiinProX)",2023-Q3,6.95
credit_growth_ytd,Tăng trưởng tín dụng YTD,%,"transmission-fetcher (NHNN, dulieukinhte, FiinProX)",2023-Q4,13.78
credit_growth_ytd,Tăng trưởng tín dụng YTD,%,"transmission-fetcher (NHNN, dulieukinhte, FiinProX)",2024-Q1,1.42
credit_growth_ytd,Tăng trưởng tín dụng YTD,%,"transmission-fetcher (NHNN, dulieukinhte, FiinProX)",2024-Q2,6.1
credit_growth_ytd,Tăng trưởng tín dụng YTD,%,"transmission-fetcher (NHNN, dulieukinhte, FiinProX)",2024-Q3,9.11
credit_growth_ytd,Tăng trưởng tín dụng YTD,%,"transmission-fetcher (NHNN, dulieukinhte, FiinProX)",2024-Q4,15.09
credit_growth_ytd,Tăng trưởng tín dụng YTD,%,"transmission-fetcher (NHNN, dulieukinhte, FiinProX)",2025-Q1,3.91
credit_growth_ytd,Tăng trưởng tín dụng YTD,%,"transmission-fetcher (NHNN, dulieukinhte, FiinProX)",2025-Q2,9.91
credit_growth_ytd,Tăng trưởng tín dụng YTD,%,"transmission-fetcher (NHNN, dulieukinhte, FiinProX)",2025-Q3,13.86
credit_growth_ytd,Tăng trưởng tín dụng YTD,%,"transmission-fetcher (NHNN, dulieukinhte, FiinProX)",2025-Q4,19.07
credit_growth_ytd,Tăng trưởng tín dụng YTD,%,"transmission-fetcher (NHNN, dulieukinhte, FiinProX)",2026-Q1,3.18
credit_growth_ytd,Tăng trưởng tín dụng YTD,%,"transmission-fetcher (NHNN, dulieukinhte, FiinProX)",2026-Q2,8.37
credit_growth_ytd,Tăng trưởng tín dụng YTD,%,"transmission-fetcher (NHNN, dulieukinhte, FiinProX)",2026-Q3,8.97
m2_growth_yoy,M2 YoY,%,"transmission-fetcher (NHNN, dulieukinhte, FiinProX)",2013-Q2,20.1656
m2_growth_yoy,M2 YoY,%,"transmission-fetcher (NHNN, dulieukinhte, FiinProX)",2013-Q3,19.8487
m2_growth_yoy,M2 YoY,%,"transmission-fetcher (NHNN, dulieukinhte, FiinProX)",2013-Q4,18.8455
m2_growth_yoy,M2 YoY,%,"transmission-fetcher (NHNN, dulieukinhte, FiinProX)",2014-Q1,17.7613
m2_growth_yoy,M2 YoY,%,"transmission-fetcher (NHNN, dulieukinhte, FiinProX)",2014-Q2,18.494
m2_growth_yoy,M2 YoY,%,"transmission-fetcher (NHNN, dulieukinhte, FiinProX)",2014-Q3,18.6396
m2_growth_yoy,M2 YoY,%,"transmission-fetcher (NHNN, dulieukinhte, FiinProX)",2014-Q4,17.6909
m2_growth_yoy,M2 YoY,%,"transmission-fetcher (NHNN, dulieukinhte, FiinProX)",2015-Q1,17.1481
m2_growth_yoy,M2 YoY,%,"transmission-fetcher (NHNN, dulieukinhte, FiinProX)",2015-Q2,16.6606
m2_growth_yoy,M2 YoY,%,"transmission-fetcher (NHNN, dulieukinhte, FiinProX)",2015-Q3,17.5108
m2_growth_yoy,M2 YoY,%,"transmission-fetcher (NHNN, dulieukinhte, FiinProX)",2015-Q4,16.2263
m2_growth_yoy,M2 YoY,%,"transmission-fetcher (NHNN, dulieukinhte, FiinProX)",2016-Q1,18.2451
m2_growth_yoy,M2 YoY,%,"transmission-fetcher (NHNN, dulieukinhte, FiinProX)",2016-Q2,20.0203
m2_growth_yoy,M2 YoY,%,"transmission-fetcher (NHNN, dulieukinhte, FiinProX)",2016-Q3,19.9117
m2_growth_yoy,M2 YoY,%,"transmission-fetcher (NHNN, dulieukinhte, FiinProX)",2016-Q4,18.3765
m2_growth_yoy,M2 YoY,%,"transmission-fetcher (NHNN, dulieukinhte, FiinProX)",2017-Q1,17.6509
m2_growth_yoy,M2 YoY,%,"transmission-fetcher (NHNN, dulieukinhte, FiinProX)",2017-Q2,15.5401
m2_growth_yoy,M2 YoY,%,"transmission-fetcher (NHNN, dulieukinhte, FiinProX)",2017-Q3,15.3423
m2_growth_yoy,M2 YoY,%,"transmission-fetcher (NHNN, dulieukinhte, FiinProX)",2017-Q4,15.0005
m2_growth_yoy,M2 YoY,%,"transmission-fetcher (NHNN, dulieukinhte, FiinProX)",2018-Q1,15.5512
m2_growth_yoy,M2 YoY,%,"transmission-fetcher (NHNN, dulieukinhte, FiinProX)",2018-Q2,16.578
m2_growth_yoy,M2 YoY,%,"transmission-fetcher (NHNN, dulieukinhte, FiinProX)",2018-Q3,13.4008
m2_growth_yoy,M2 YoY,%,"transmission-fetcher (NHNN, dulieukinhte, FiinProX)",2018-Q4,12.4122
m2_growth_yoy,M2 YoY,%,"transmission-fetcher (NHNN, dulieukinhte, FiinProX)",2019-Q1,11.2316
m2_growth_yoy,M2 YoY,%,"transmission-fetcher (NHNN, dulieukinhte, FiinProX)",2019-Q2,11.1143
m2_growth_yoy,M2 YoY,%,"transmission-fetcher (NHNN, dulieukinhte, FiinProX)",2019-Q3,12.8763
m2_growth_yoy,M2 YoY,%,"transmission-fetcher (NHNN, dulieukinhte, FiinProX)",2019-Q4,14.784
m2_growth_yoy,M2 YoY,%,"transmission-fetcher (NHNN, dulieukinhte, FiinProX)",2020-Q1,13.4775
m2_growth_yoy,M2 YoY,%,"transmission-fetcher (NHNN, dulieukinhte, FiinProX)",2020-Q2,12.6888
m2_growth_yoy,M2 YoY,%,"transmission-fetcher (NHNN, dulieukinhte, FiinProX)",2020-Q3,13.9047
m2_growth_yoy,M2 YoY,%,"transmission-fetcher (NHNN, dulieukinhte, FiinProX)",2020-Q4,14.5349
m2_growth_yoy,M2 YoY,%,"transmission-fetcher (NHNN, dulieukinhte, FiinProX)",2021-Q1,14.8219
m2_growth_yoy,M2 YoY,%,"transmission-fetcher (NHNN, dulieukinhte, FiinProX)",2021-Q2,13.7545
m2_growth_yoy,M2 YoY,%,"transmission-fetcher (NHNN, dulieukinhte, FiinProX)",2021-Q3,12.1301
m2_growth_yoy,M2 YoY,%,"transmission-fetcher (NHNN, dulieukinhte, FiinProX)",2021-Q4,10.6641
m2_growth_yoy,M2 YoY,%,"transmission-fetcher (NHNN, dulieukinhte, FiinProX)",2022-Q1,12.2619
m2_growth_yoy,M2 YoY,%,"transmission-fetcher (NHNN, dulieukinhte, FiinProX)",2022-Q2,9.9673
m2_growth_yoy,M2 YoY,%,"transmission-fetcher (NHNN, dulieukinhte, FiinProX)",2022-Q3,7.402
m2_growth_yoy,M2 YoY,%,"transmission-fetcher (NHNN, dulieukinhte, FiinProX)",2022-Q4,6.1535
m2_growth_yoy,M2 YoY,%,"transmission-fetcher (NHNN, dulieukinhte, FiinProX)",2023-Q1,3.974
m2_growth_yoy,M2 YoY,%,"transmission-fetcher (NHNN, dulieukinhte, FiinProX)",2023-Q2,6.0818
m2_growth_yoy,M2 YoY,%,"transmission-fetcher (NHNN, dulieukinhte, FiinProX)",2023-Q3,8.6291
m2_growth_yoy,M2 YoY,%,"transmission-fetcher (NHNN, dulieukinhte, FiinProX)",2023-Q4,12.4565
m2_growth_yoy,M2 YoY,%,"transmission-fetcher (NHNN, dulieukinhte, FiinProX)",2024-Q1,11.0849
m2_growth_yoy,M2 YoY,%,"transmission-fetcher (NHNN, dulieukinhte, FiinProX)",2024-Q2,11.9212
m2_growth_yoy,M2 YoY,%,"transmission-fetcher (NHNN, dulieukinhte, FiinProX)",2024-Q3,12.7982
m2_growth_yoy,M2 YoY,%,"transmission-fetcher (NHNN, dulieukinhte, FiinProX)",2024-Q4,11.9733
m2_growth_yoy,M2 YoY,%,"transmission-fetcher (NHNN, dulieukinhte, FiinProX)",2025-Q1,15.2198
m2_growth_yoy,M2 YoY,%,"transmission-fetcher (NHNN, dulieukinhte, FiinProX)",2025-Q2,18.5993
m2_growth_yoy,M2 YoY,%,"transmission-fetcher (NHNN, dulieukinhte, FiinProX)",2025-Q3,17.8868
m2_growth_yoy,M2 YoY,%,"transmission-fetcher (NHNN, dulieukinhte, FiinProX)",2025-Q4,8.54
m2_growth_yoy,M2 YoY,%,"transmission-fetcher (NHNN, dulieukinhte, FiinProX)",2026-Q1,6.423
m2_growth_yoy,M2 YoY,%,"transmission-fetcher (NHNN, dulieukinhte, FiinProX)",2026-Q2,4.239
m2_growth_yoy,M2 YoY,%,"transmission-fetcher (NHNN, dulieukinhte, FiinProX)",2026-Q3,4.9936
kn_ALL,Khối ngoại mua/bán ròng cổ phiếu BĐS trong quý,tỷ đồng,Vietcap IQ theo mã,2006-Q3,0.0
kn_ALL,Khối ngoại mua/bán ròng cổ phiếu BĐS trong quý,tỷ đồng,Vietcap IQ theo mã,2006-Q4,0.0
kn_ALL,Khối ngoại mua/bán ròng cổ phiếu BĐS trong quý,tỷ đồng,Vietcap IQ theo mã,2007-Q1,0.0
kn_ALL,Khối ngoại mua/bán ròng cổ phiếu BĐS trong quý,tỷ đồng,Vietcap IQ theo mã,2007-Q2,0.0
kn_ALL,Khối ngoại mua/bán ròng cổ phiếu BĐS trong quý,tỷ đồng,Vietcap IQ theo mã,2007-Q3,679.16942
kn_ALL,Khối ngoại mua/bán ròng cổ phiếu BĐS trong quý,tỷ đồng,Vietcap IQ theo mã,2007-Q4,465.5918
kn_ALL,Khối ngoại mua/bán ròng cổ phiếu BĐS trong quý,tỷ đồng,Vietcap IQ theo mã,2008-Q1,238.894223
kn_ALL,Khối ngoại mua/bán ròng cổ phiếu BĐS trong quý,tỷ đồng,Vietcap IQ theo mã,2008-Q2,254.838878
kn_ALL,Khối ngoại mua/bán ròng cổ phiếu BĐS trong quý,tỷ đồng,Vietcap IQ theo mã,2008-Q3,-104.458852
kn_ALL,Khối ngoại mua/bán ròng cổ phiếu BĐS trong quý,tỷ đồng,Vietcap IQ theo mã,2008-Q4,-274.148282
kn_ALL,Khối ngoại mua/bán ròng cổ phiếu BĐS trong quý,tỷ đồng,Vietcap IQ theo mã,2009-Q1,32.568273
kn_ALL,Khối ngoại mua/bán ròng cổ phiếu BĐS trong quý,tỷ đồng,Vietcap IQ theo mã,2009-Q2,31.087678
kn_ALL,Khối ngoại mua/bán ròng cổ phiếu BĐS trong quý,tỷ đồng,Vietcap IQ theo mã,2009-Q3,-658.157045
kn_ALL,Khối ngoại mua/bán ròng cổ phiếu BĐS trong quý,tỷ đồng,Vietcap IQ theo mã,2009-Q4,-370.119218
kn_ALL,Khối ngoại mua/bán ròng cổ phiếu BĐS trong quý,tỷ đồng,Vietcap IQ theo mã,2010-Q1,138.696809
kn_ALL,Khối ngoại mua/bán ròng cổ phiếu BĐS trong quý,tỷ đồng,Vietcap IQ theo mã,2010-Q2,1208.967975
kn_ALL,Khối ngoại mua/bán ròng cổ phiếu BĐS trong quý,tỷ đồng,Vietcap IQ theo mã,2010-Q3,231.841471
kn_ALL,Khối ngoại mua/bán ròng cổ phiếu BĐS trong quý,tỷ đồng,Vietcap IQ theo mã,2010-Q4,1772.52725
kn_ALL,Khối ngoại mua/bán ròng cổ phiếu BĐS trong quý,tỷ đồng,Vietcap IQ theo mã,2011-Q1,-115.038893
kn_ALL,Khối ngoại mua/bán ròng cổ phiếu BĐS trong quý,tỷ đồng,Vietcap IQ theo mã,2011-Q2,-284.430789
kn_ALL,Khối ngoại mua/bán ròng cổ phiếu BĐS trong quý,tỷ đồng,Vietcap IQ theo mã,2011-Q3,-974.552634
kn_ALL,Khối ngoại mua/bán ròng cổ phiếu BĐS trong quý,tỷ đồng,Vietcap IQ theo mã,2011-Q4,-281.640712
kn_ALL,Khối ngoại mua/bán ròng cổ phiếu BĐS trong quý,tỷ đồng,Vietcap IQ theo mã,2012-Q1,-446.167947
kn_ALL,Khối ngoại mua/bán ròng cổ phiếu BĐS trong quý,tỷ đồng,Vietcap IQ theo mã,2012-Q2,-334.525586
kn_ALL,Khối ngoại mua/bán ròng cổ phiếu BĐS trong quý,tỷ đồng,Vietcap IQ theo mã,2012-Q3,-126.622413
kn_ALL,Khối ngoại mua/bán ròng cổ phiếu BĐS trong quý,tỷ đồng,Vietcap IQ theo mã,2012-Q4,989.472811
kn_ALL,Khối ngoại mua/bán ròng cổ phiếu BĐS trong quý,tỷ đồng,Vietcap IQ theo mã,2013-Q1,585.6747208
kn_ALL,Khối ngoại mua/bán ròng cổ phiếu BĐS trong quý,tỷ đồng,Vietcap IQ theo mã,2013-Q2,236.1507275
kn_ALL,Khối ngoại mua/bán ròng cổ phiếu BĐS trong quý,tỷ đồng,Vietcap IQ theo mã,2013-Q3,-318.0892227
kn_ALL,Khối ngoại mua/bán ròng cổ phiếu BĐS trong quý,tỷ đồng,Vietcap IQ theo mã,2013-Q4,4.3237108
kn_ALL,Khối ngoại mua/bán ròng cổ phiếu BĐS trong quý,tỷ đồng,Vietcap IQ theo mã,2014-Q1,258.7411938
kn_ALL,Khối ngoại mua/bán ròng cổ phiếu BĐS trong quý,tỷ đồng,Vietcap IQ theo mã,2014-Q2,2140.8240241
kn_ALL,Khối ngoại mua/bán ròng cổ phiếu BĐS trong quý,tỷ đồng,Vietcap IQ theo mã,2014-Q3,-1536.5572282
kn_ALL,Khối ngoại mua/bán ròng cổ phiếu BĐS trong quý,tỷ đồng,Vietcap IQ theo mã,2014-Q4,128.268878
kn_ALL,Khối ngoại mua/bán ròng cổ phiếu BĐS trong quý,tỷ đồng,Vietcap IQ theo mã,2015-Q1,182.3363786
kn_ALL,Khối ngoại mua/bán ròng cổ phiếu BĐS trong quý,tỷ đồng,Vietcap IQ theo mã,2015-Q2,-543.3130573
kn_ALL,Khối ngoại mua/bán ròng cổ phiếu BĐS trong quý,tỷ đồng,Vietcap IQ theo mã,2015-Q3,-483.6753019
kn_ALL,Khối ngoại mua/bán ròng cổ phiếu BĐS trong quý,tỷ đồng,Vietcap IQ theo mã,2015-Q4,-725.2751347
kn_ALL,Khối ngoại mua/bán ròng cổ phiếu BĐS trong quý,tỷ đồng,Vietcap IQ theo mã,2016-Q1,-1344.3641481
kn_ALL,Khối ngoại mua/bán ròng cổ phiếu BĐS trong quý,tỷ đồng,Vietcap IQ theo mã,2016-Q2,-3129.9365365
kn_ALL,Khối ngoại mua/bán ròng cổ phiếu BĐS trong quý,tỷ đồng,Vietcap IQ theo mã,2016-Q3,-1003.999906
kn_ALL,Khối ngoại mua/bán ròng cổ phiếu BĐS trong quý,tỷ đồng,Vietcap IQ theo mã,2016-Q4,-1622.1374038
kn_ALL,Khối ngoại mua/bán ròng cổ phiếu BĐS trong quý,tỷ đồng,Vietcap IQ theo mã,2017-Q1,-359.5757439
kn_ALL,Khối ngoại mua/bán ròng cổ phiếu BĐS trong quý,tỷ đồng,Vietcap IQ theo mã,2017-Q2,-719.8255796
kn_ALL,Khối ngoại mua/bán ròng cổ phiếu BĐS trong quý,tỷ đồng,Vietcap IQ theo mã,2017-Q3,-304.4971874
kn_ALL,Khối ngoại mua/bán ròng cổ phiếu BĐS trong quý,tỷ đồng,Vietcap IQ theo mã,2017-Q4,5116.7223463
kn_ALL,Khối ngoại mua/bán ròng cổ phiếu BĐS trong quý,tỷ đồng,Vietcap IQ theo mã,2018-Q1,8585.9548565
kn_ALL,Khối ngoại mua/bán ròng cổ phiếu BĐS trong quý,tỷ đồng,Vietcap IQ theo mã,2018-Q2,22141.4292916
kn_ALL,Khối ngoại mua/bán ròng cổ phiếu BĐS trong quý,tỷ đồng,Vietcap IQ theo mã,2018-Q3,-5247.6933808
kn_ALL,Khối ngoại mua/bán ròng cổ phiếu BĐS trong quý,tỷ đồng,Vietcap IQ theo mã,2018-Q4,-3017.3012983
kn_ALL,Khối ngoại mua/bán ròng cổ phiếu BĐS trong quý,tỷ đồng,Vietcap IQ theo mã,2019-Q1,-1366.9249385
kn_ALL,Khối ngoại mua/bán ròng cổ phiếu BĐS trong quý,tỷ đồng,Vietcap IQ theo mã,2019-Q2,5697.23546215
kn_ALL,Khối ngoại mua/bán ròng cổ phiếu BĐS trong quý,tỷ đồng,Vietcap IQ theo mã,2019-Q3,-35.82037744
kn_ALL,Khối ngoại mua/bán ròng cổ phiếu BĐS trong quý,tỷ đồng,Vietcap IQ theo mã,2019-Q4,-1052.95748208
kn_ALL,Khối ngoại mua/bán ròng cổ phiếu BĐS trong quý,tỷ đồng,Vietcap IQ theo mã,2020-Q1,-3463.3862903
kn_ALL,Khối ngoại mua/bán ròng cổ phiếu BĐS trong quý,tỷ đồng,Vietcap IQ theo mã,2020-Q2,10305.787675196
kn_ALL,Khối ngoại mua/bán ròng cổ phiếu BĐS trong quý,tỷ đồng,Vietcap IQ theo mã,2020-Q3,2432.292728916
kn_ALL,Khối ngoại mua/bán ròng cổ phiếu BĐS trong quý,tỷ đồng,Vietcap IQ theo mã,2020-Q4,-2263.142921378
kn_ALL,Khối ngoại mua/bán ròng cổ phiếu BĐS trong quý,tỷ đồng,Vietcap IQ theo mã,2021-Q1,1899.38234855
kn_ALL,Khối ngoại mua/bán ròng cổ phiếu BĐS trong quý,tỷ đồng,Vietcap IQ theo mã,2021-Q2,2142.141811745
kn_ALL,Khối ngoại mua/bán ròng cổ phiếu BĐS trong quý,tỷ đồng,Vietcap IQ theo mã,2021-Q3,-7223.484898
kn_ALL,Khối ngoại mua/bán ròng cổ phiếu BĐS trong quý,tỷ đồng,Vietcap IQ theo mã,2021-Q4,-5410.161362976
kn_ALL,Khối ngoại mua/bán ròng cổ phiếu BĐS trong quý,tỷ đồng,Vietcap IQ theo mã,2022-Q1,-2169.500737876
kn_ALL,Khối ngoại mua/bán ròng cổ phiếu BĐS trong quý,tỷ đồng,Vietcap IQ theo mã,2022-Q2,76.165547848
kn_ALL,Khối ngoại mua/bán ròng cổ phiếu BĐS trong quý,tỷ đồng,Vietcap IQ theo mã,2022-Q3,-3280.4840884
kn_ALL,Khối ngoại mua/bán ròng cổ phiếu BĐS trong quý,tỷ đồng,Vietcap IQ theo mã,2022-Q4,8443.34225105
kn_ALL,Khối ngoại mua/bán ròng cổ phiếu BĐS trong quý,tỷ đồng,Vietcap IQ theo mã,2023-Q1,1246.12836047
kn_ALL,Khối ngoại mua/bán ròng cổ phiếu BĐS trong quý,tỷ đồng,Vietcap IQ theo mã,2023-Q2,-329.76905937
kn_ALL,Khối ngoại mua/bán ròng cổ phiếu BĐS trong quý,tỷ đồng,Vietcap IQ theo mã,2023-Q3,-203.3835089
kn_ALL,Khối ngoại mua/bán ròng cổ phiếu BĐS trong quý,tỷ đồng,Vietcap IQ theo mã,2023-Q4,-3005.58081115
kn_ALL,Khối ngoại mua/bán ròng cổ phiếu BĐS trong quý,tỷ đồng,Vietcap IQ theo mã,2024-Q1,-2453.25336866
kn_ALL,Khối ngoại mua/bán ròng cổ phiếu BĐS trong quý,tỷ đồng,Vietcap IQ theo mã,2024-Q2,-12565.10050866
kn_ALL,Khối ngoại mua/bán ròng cổ phiếu BĐS trong quý,tỷ đồng,Vietcap IQ theo mã,2024-Q3,-6311.00076077
kn_ALL,Khối ngoại mua/bán ròng cổ phiếu BĐS trong quý,tỷ đồng,Vietcap IQ theo mã,2024-Q4,-5939.77953733
kn_ALL,Khối ngoại mua/bán ròng cổ phiếu BĐS trong quý,tỷ đồng,Vietcap IQ theo mã,2025-Q1,-2024.88703412
kn_ALL,Khối ngoại mua/bán ròng cổ phiếu BĐS trong quý,tỷ đồng,Vietcap IQ theo mã,2025-Q2,-7973.93743738
kn_ALL,Khối ngoại mua/bán ròng cổ phiếu BĐS trong quý,tỷ đồng,Vietcap IQ theo mã,2025-Q3,-22037.155612232
kn_ALL,Khối ngoại mua/bán ròng cổ phiếu BĐS trong quý,tỷ đồng,Vietcap IQ theo mã,2025-Q4,-12312.204438314
kn_ALL,Khối ngoại mua/bán ròng cổ phiếu BĐS trong quý,tỷ đồng,Vietcap IQ theo mã,2026-Q1,-17314.90895089
kn_ALL,Khối ngoại mua/bán ròng cổ phiếu BĐS trong quý,tỷ đồng,Vietcap IQ theo mã,2026-Q2,-14799.82197828
kn_ALL,Khối ngoại mua/bán ròng cổ phiếu BĐS trong quý,tỷ đồng,Vietcap IQ theo mã,2026-Q3,-9619.77724721
kn_EXVIN,  trong đó: ngoài nhóm Vingroup,tỷ đồng,Vietcap IQ theo mã,2006-Q3,0.0
kn_EXVIN,  trong đó: ngoài nhóm Vingroup,tỷ đồng,Vietcap IQ theo mã,2006-Q4,0.0
kn_EXVIN,  trong đó: ngoài nhóm Vingroup,tỷ đồng,Vietcap IQ theo mã,2007-Q1,0.0
kn_EXVIN,  trong đó: ngoài nhóm Vingroup,tỷ đồng,Vietcap IQ theo mã,2007-Q2,0.0
kn_EXVIN,  trong đó: ngoài nhóm Vingroup,tỷ đồng,Vietcap IQ theo mã,2007-Q3,407.51268
kn_EXVIN,  trong đó: ngoài nhóm Vingroup,tỷ đồng,Vietcap IQ theo mã,2007-Q4,437.24437
kn_EXVIN,  trong đó: ngoài nhóm Vingroup,tỷ đồng,Vietcap IQ theo mã,2008-Q1,212.925943
kn_EXVIN,  trong đó: ngoài nhóm Vingroup,tỷ đồng,Vietcap IQ theo mã,2008-Q2,194.663448
kn_EXVIN,  trong đó: ngoài nhóm Vingroup,tỷ đồng,Vietcap IQ theo mã,2008-Q3,-173.287272
kn_EXVIN,  trong đó: ngoài nhóm Vingroup,tỷ đồng,Vietcap IQ theo mã,2008-Q4,-215.349072
kn_EXVIN,  trong đó: ngoài nhóm Vingroup,tỷ đồng,Vietcap IQ theo mã,2009-Q1,40.121688
kn_EXVIN,  trong đó: ngoài nhóm Vingroup,tỷ đồng,Vietcap IQ theo mã,2009-Q2,-60.330232
kn_EXVIN,  trong đó: ngoài nhóm Vingroup,tỷ đồng,Vietcap IQ theo mã,2009-Q3,-662.059184
kn_EXVIN,  trong đó: ngoài nhóm Vingroup,tỷ đồng,Vietcap IQ theo mã,2009-Q4,-58.282548
kn_EXVIN,  trong đó: ngoài nhóm Vingroup,tỷ đồng,Vietcap IQ theo mã,2010-Q1,335.725489
kn_EXVIN,  trong đó: ngoài nhóm Vingroup,tỷ đồng,Vietcap IQ theo mã,2010-Q2,1077.77515
kn_EXVIN,  trong đó: ngoài nhóm Vingroup,tỷ đồng,Vietcap IQ theo mã,2010-Q3,421.489816
kn_EXVIN,  trong đó: ngoài nhóm Vingroup,tỷ đồng,Vietcap IQ theo mã,2010-Q4,283.59407
kn_EXVIN,  trong đó: ngoài nhóm Vingroup,tỷ đồng,Vietcap IQ theo mã,2011-Q1,349.254192
kn_EXVIN,  trong đó: ngoài nhóm Vingroup,tỷ đồng,Vietcap IQ theo mã,2011-Q2,-51.183384
kn_EXVIN,  trong đó: ngoài nhóm Vingroup,tỷ đồng,Vietcap IQ theo mã,2011-Q3,-21.553214
kn_EXVIN,  trong đó: ngoài nhóm Vingroup,tỷ đồng,Vietcap IQ theo mã,2011-Q4,-112.694728
kn_EXVIN,  trong đó: ngoài nhóm Vingroup,tỷ đồng,Vietcap IQ theo mã,2012-Q1,70.33172
kn_EXVIN,  trong đó: ngoài nhóm Vingroup,tỷ đồng,Vietcap IQ theo mã,2012-Q2,61.310534
kn_EXVIN,  trong đó: ngoài nhóm Vingroup,tỷ đồng,Vietcap IQ theo mã,2012-Q3,16.628902
kn_EXVIN,  trong đó: ngoài nhóm Vingroup,tỷ đồng,Vietcap IQ theo mã,2012-Q4,50.031536
kn_EXVIN,  trong đó: ngoài nhóm Vingroup,tỷ đồng,Vietcap IQ theo mã,2013-Q1,248.6068908
kn_EXVIN,  trong đó: ngoài nhóm Vingroup,tỷ đồng,Vietcap IQ theo mã,2013-Q2,-84.6132905
kn_EXVIN,  trong đó: ngoài nhóm Vingroup,tỷ đồng,Vietcap IQ theo mã,2013-Q3,-132.2095077
kn_EXVIN,  trong đó: ngoài nhóm Vingroup,tỷ đồng,Vietcap IQ theo mã,2013-Q4,209.5974108
kn_EXVIN,  trong đó: ngoài nhóm Vingroup,tỷ đồng,Vietcap IQ theo mã,2014-Q1,45.1027488
kn_EXVIN,  trong đó: ngoài nhóm Vingroup,tỷ đồng,Vietcap IQ theo mã,2014-Q2,997.1229401
kn_EXVIN,  trong đó: ngoài nhóm Vingroup,tỷ đồng,Vietcap IQ theo mã,2014-Q3,-87.5443442
kn_EXVIN,  trong đó: ngoài nhóm Vingroup,tỷ đồng,Vietcap IQ theo mã,2014-Q4,758.789944
kn_EXVIN,  trong đó: ngoài nhóm Vingroup,tỷ đồng,Vietcap IQ theo mã,2015-Q1,316.6497986
kn_EXVIN,  trong đó: ngoài nhóm Vingroup,tỷ đồng,Vietcap IQ theo mã,2015-Q2,343.9313657
kn_EXVIN,  trong đó: ngoài nhóm Vingroup,tỷ đồng,Vietcap IQ theo mã,2015-Q3,275.4141941
kn_EXVIN,  trong đó: ngoài nhóm Vingroup,tỷ đồng,Vietcap IQ theo mã,2015-Q4,130.6497553
kn_EXVIN,  trong đó: ngoài nhóm Vingroup,tỷ đồng,Vietcap IQ theo mã,2016-Q1,558.3404539
kn_EXVIN,  trong đó: ngoài nhóm Vingroup,tỷ đồng,Vietcap IQ theo mã,2016-Q2,114.4106775
kn_EXVIN,  trong đó: ngoài nhóm Vingroup,tỷ đồng,Vietcap IQ theo mã,2016-Q3,-410.244549
kn_EXVIN,  trong đó: ngoài nhóm Vingroup,tỷ đồng,Vietcap IQ theo mã,2016-Q4,-278.2665873
kn_EXVIN,  trong đó: ngoài nhóm Vingroup,tỷ đồng,Vietcap IQ theo mã,2017-Q1,-337.6227839
kn_EXVIN,  trong đó: ngoài nhóm Vingroup,tỷ đồng,Vietcap IQ theo mã,2017-Q2,-585.7074626
kn_EXVIN,  trong đó: ngoài nhóm Vingroup,tỷ đồng,Vietcap IQ theo mã,2017-Q3,-302.4318554
kn_EXVIN,  trong đó: ngoài nhóm Vingroup,tỷ đồng,Vietcap IQ theo mã,2017-Q4,299.2166243
kn_EXVIN,  trong đó: ngoài nhóm Vingroup,tỷ đồng,Vietcap IQ theo mã,2018-Q1,776.1758855
kn_EXVIN,  trong đó: ngoài nhóm Vingroup,tỷ đồng,Vietcap IQ theo mã,2018-Q2,2602.5506531
kn_EXVIN,  trong đó: ngoài nhóm Vingroup,tỷ đồng,Vietcap IQ theo mã,2018-Q3,-560.4629828
kn_EXVIN,  trong đó: ngoài nhóm Vingroup,tỷ đồng,Vietcap IQ theo mã,2018-Q4,-189.5520943
kn_EXVIN,  trong đó: ngoài nhóm Vingroup,tỷ đồng,Vietcap IQ theo mã,2019-Q1,-935.458674
kn_EXVIN,  trong đó: ngoài nhóm Vingroup,tỷ đồng,Vietcap IQ theo mã,2019-Q2,44.65930215
kn_EXVIN,  trong đó: ngoài nhóm Vingroup,tỷ đồng,Vietcap IQ theo mã,2019-Q3,-471.2784931
kn_EXVIN,  trong đó: ngoài nhóm Vingroup,tỷ đồng,Vietcap IQ theo mã,2019-Q4,-379.52725108
kn_EXVIN,  trong đó: ngoài nhóm Vingroup,tỷ đồng,Vietcap IQ theo mã,2020-Q1,-1573.7782918
kn_EXVIN,  trong đó: ngoài nhóm Vingroup,tỷ đồng,Vietcap IQ theo mã,2020-Q2,-1215.130978904
kn_EXVIN,  trong đó: ngoài nhóm Vingroup,tỷ đồng,Vietcap IQ theo mã,2020-Q3,-2032.719389656
kn_EXVIN,  trong đó: ngoài nhóm Vingroup,tỷ đồng,Vietcap IQ theo mã,2020-Q4,-2473.462488734
kn_EXVIN,  trong đó: ngoài nhóm Vingroup,tỷ đồng,Vietcap IQ theo mã,2021-Q1,120.18075465
kn_EXVIN,  trong đó: ngoài nhóm Vingroup,tỷ đồng,Vietcap IQ theo mã,2021-Q2,196.647532145
kn_EXVIN,  trong đó: ngoài nhóm Vingroup,tỷ đồng,Vietcap IQ theo mã,2021-Q3,-199.0182403
kn_EXVIN,  trong đó: ngoài nhóm Vingroup,tỷ đồng,Vietcap IQ theo mã,2021-Q4,-7289.031722376
kn_EXVIN,  trong đó: ngoài nhóm Vingroup,tỷ đồng,Vietcap IQ theo mã,2022-Q1,404.3258607
kn_EXVIN,  trong đó: ngoài nhóm Vingroup,tỷ đồng,Vietcap IQ theo mã,2022-Q2,1415.9261158
kn_EXVIN,  trong đó: ngoài nhóm Vingroup,tỷ đồng,Vietcap IQ theo mã,2022-Q3,-2716.8752714
kn_EXVIN,  trong đó: ngoài nhóm Vingroup,tỷ đồng,Vietcap IQ theo mã,2022-Q4,3512.8880986
kn_EXVIN,  trong đó: ngoài nhóm Vingroup,tỷ đồng,Vietcap IQ theo mã,2023-Q1,306.49918637
kn_EXVIN,  trong đó: ngoài nhóm Vingroup,tỷ đồng,Vietcap IQ theo mã,2023-Q2,-486.40254406
kn_EXVIN,  trong đó: ngoài nhóm Vingroup,tỷ đồng,Vietcap IQ theo mã,2023-Q3,566.1229827
kn_EXVIN,  trong đó: ngoài nhóm Vingroup,tỷ đồng,Vietcap IQ theo mã,2023-Q4,1281.7417627
kn_EXVIN,  trong đó: ngoài nhóm Vingroup,tỷ đồng,Vietcap IQ theo mã,2024-Q1,1598.36296019
kn_EXVIN,  trong đó: ngoài nhóm Vingroup,tỷ đồng,Vietcap IQ theo mã,2024-Q2,202.53965974
kn_EXVIN,  trong đó: ngoài nhóm Vingroup,tỷ đồng,Vietcap IQ theo mã,2024-Q3,449.87485213
kn_EXVIN,  trong đó: ngoài nhóm Vingroup,tỷ đồng,Vietcap IQ theo mã,2024-Q4,-382.18175153
kn_EXVIN,  trong đó: ngoài nhóm Vingroup,tỷ đồng,Vietcap IQ theo mã,2025-Q1,-1047.57047707
kn_EXVIN,  trong đó: ngoài nhóm Vingroup,tỷ đồng,Vietcap IQ theo mã,2025-Q2,1934.45265652
kn_EXVIN,  trong đó: ngoài nhóm Vingroup,tỷ đồng,Vietcap IQ theo mã,2025-Q3,-3470.18340293
kn_EXVIN,  trong đó: ngoài nhóm Vingroup,tỷ đồng,Vietcap IQ theo mã,2025-Q4,-3003.9424354
kn_EXVIN,  trong đó: ngoài nhóm Vingroup,tỷ đồng,Vietcap IQ theo mã,2026-Q1,-3488.49875494
kn_EXVIN,  trong đó: ngoài nhóm Vingroup,tỷ đồng,Vietcap IQ theo mã,2026-Q2,-2982.42483183
kn_EXVIN,  trong đó: ngoài nhóm Vingroup,tỷ đồng,Vietcap IQ theo mã,2026-Q3,-1975.47782551
